news_id,category,category_group,x,y
N40078,tv,other,26.969547271728516,0.7433708310127258
N1032,sports,sports,33.49772644042969,4.235469341278076
N37129,finance,finance,27.97883415222168,-3.98703670501709
N44720,news,news,28.516742706298828,-1.7759565114974976
N34169,lifestyle,lifestyle,28.711095809936523,-2.2356910705566406
N64593,health,health,27.96430778503418,-3.9779038429260254
N61681,lifestyle,lifestyle,28.790071487426758,-2.8158152103424072
N60798,foodanddrink,foodanddrink,26.002643585205078,-0.5802692174911499
N27394,autos,autos,27.966707229614258,-3.9651756286621094
N35774,foodanddrink,foodanddrink,26.930038452148438,0.6247871518135071
N7951,news,news,28.65567970275879,-2.0837955474853516
N58332,entertainment,other,27.99384307861328,-3.8450725078582764
N44133,foodanddrink,foodanddrink,27.984493255615234,-3.69142484664917
N56461,finance,finance,28.305694580078125,-2.719616651535034
N46688,health,health,28.782947540283203,-2.0953121185302734
N25604,sports,sports,27.9592227935791,-3.0455210208892822
N59271,weather,weather,28.660259246826172,-2.009936809539795
N33458,news,news,30.616962432861328,-3.686497926712036
N61084,lifestyle,lifestyle,26.782495498657227,-0.5929228067398071
N7403,news,news,27.303730010986328,-0.8890282511711121
N12188,news,news,32.71302032470703,3.6673848628997803
N61483,lifestyle,lifestyle,29.351869583129883,-2.1286115646362305
N58730,foodanddrink,foodanddrink,26.287755966186523,-0.5046355128288269
N44573,news,news,29.289430618286133,-3.8351218700408936
N43677,music,other,26.798473358154297,-0.401390939950943
N32180,news,news,29.17635154724121,-2.4133949279785156
N24959,video,video,27.24452781677246,-1.27881920337677
N46858,travel,travel,27.137062072753906,-0.566275954246521
N33853,sports,sports,24.297300338745117,0.5266770720481873
N7234,lifestyle,lifestyle,24.467912673950195,0.8300355672836304
N31444,health,health,29.481075286865234,-3.2150063514709473
N15424,health,health,29.50229835510254,-2.9177730083465576
N62758,autos,autos,26.873762130737305,0.48736321926116943
N48194,sports,sports,29.55552101135254,-2.8374922275543213
N35527,sports,sports,13.320932388305664,-0.188642680644989
N31430,news,news,26.88698959350586,0.12701229751110077
N122,finance,finance,31.105945587158203,5.168911933898926
N51409,autos,autos,27.087718963623047,-0.795383632183075
N9432,weather,weather,26.885591506958008,-1.1737359762191772
N28392,news,news,13.703032493591309,-0.20933087170124054
N41764,tv,other,14.008220672607422,-0.21744847297668457
N7829,news,news,29.429956436157227,-3.2605044841766357
N33277,sports,sports,13.047982215881348,-0.20811860263347626
N5717,finance,finance,30.455224990844727,-3.894733428955078
N10868,lifestyle,lifestyle,31.531002044677734,2.680210590362549
N15913,lifestyle,lifestyle,25.383638381958008,0.9262995719909668
N41526,lifestyle,lifestyle,29.807373046875,-4.497934341430664
N2968,lifestyle,lifestyle,25.43844985961914,0.7175303101539612
N1816,travel,travel,26.415971755981445,-0.45218560099601746
N3527,sports,sports,25.60760498046875,0.4185447692871094
N35778,travel,travel,29.58006477355957,-4.327825546264648
N38956,sports,sports,24.035812377929688,0.22932429611682892
N22652,sports,sports,24.589296340942383,1.3288938999176025
N10530,foodanddrink,foodanddrink,30.886137008666992,3.5237696170806885
N62176,sports,sports,24.60537338256836,1.3338366746902466
N17119,foodanddrink,foodanddrink,29.946029663085938,-4.367674827575684
N15212,sports,sports,30.145586013793945,-3.8107898235321045
N37822,news,news,24.90850067138672,-4.328769207000732
N2087,music,other,23.754487991333008,-0.23163263499736786
N24966,sports,sports,11.93523120880127,-0.6326352953910828
N48433,news,news,29.266971588134766,-8.20166015625
N57812,news,news,29.266971588134766,-8.20166015625
N28964,sports,sports,29.266971588134766,-8.20166015625
N2867,foodanddrink,foodanddrink,29.33753776550293,1.0195536613464355
N10670,news,news,30.935148239135742,4.510047435760498
N37890,weather,weather,38.902496337890625,-5.079688549041748
N12435,sports,sports,33.916236877441406,5.598427772521973
N560,movies,other,33.338687896728516,0.18234491348266602
N26502,tv,other,32.044986724853516,-0.4830518364906311
N7201,tv,other,3.8434736728668213,0.20004425942897797
N18905,foodanddrink,foodanddrink,6.903692245483398,-0.416817843914032
N7359,tv,other,3.8434736728668213,0.20004425942897797
N42288,news,news,3.8434736728668213,0.20004425942897797
N41490,foodanddrink,foodanddrink,3.8434736728668213,0.20004425942897797
N42432,foodanddrink,foodanddrink,3.8434736728668213,0.20004425942897797
N15811,lifestyle,lifestyle,26.974281311035156,3.8933022022247314
N22495,finance,finance,26.58229637145996,5.368580341339111
N62850,news,news,40.354766845703125,-2.774994373321533
N49121,health,health,33.64784622192383,-1.167892336845398
N60077,news,news,41.2756462097168,-0.2744755148887634
N17782,sports,sports,40.93611526489258,-7.062575340270996
N16475,news,news,3.8434736728668213,0.20004425942897797
N22974,sports,sports,3.5216410160064697,-0.9830308556556702
N62442,sports,sports,3.8434736728668213,0.20004425942897797
N18082,foodanddrink,foodanddrink,3.7983033657073975,-0.4292037785053253
N32209,health,health,3.8434736728668213,0.20004425942897797
N51658,weather,weather,3.8434736728668213,0.20004425942897797
N22048,foodanddrink,foodanddrink,30.998857498168945,0.5448248982429504
N7582,video,video,42.81290817260742,-24.410127639770508
N8608,video,video,50.762577056884766,-2.1037092208862305
N4607,autos,autos,37.570926666259766,1.9167133569717407
N23115,news,news,34.742252349853516,9.732109069824219
N42370,news,news,35.04281997680664,1.1612292528152466
N17725,video,video,3.8434736728668213,0.20004425942897797
N3386,news,news,3.8434736728668213,0.20004425942897797
N46597,health,health,3.8434736728668213,0.20004425942897797
N24670,sports,sports,3.8434736728668213,0.20004425942897797
N5018,news,news,3.8434736728668213,0.20004425942897797
N5366,sports,sports,3.8434736728668213,0.20004425942897797
N54961,news,news,36.25688552856445,2.678370237350464
N28895,lifestyle,lifestyle,33.28377151489258,8.893712997436523
N8697,finance,finance,34.49709701538086,8.052895545959473
N52468,sports,sports,38.2859001159668,5.198559761047363
N688,health,health,35.03654861450195,-0.3597033619880676
N64448,sports,sports,36.43186569213867,1.0026403665542603
N45147,sports,sports,3.8434736728668213,0.20004425942897797
N46701,travel,travel,3.8434736728668213,0.20004425942897797
N9411,sports,sports,3.8434736728668213,0.20004425942897797
N44458,sports,sports,3.8434736728668213,0.20004425942897797
N34920,health,health,3.8434736728668213,0.20004425942897797
N9047,lifestyle,lifestyle,3.8434736728668213,0.20004425942897797
N14201,lifestyle,lifestyle,37.00580978393555,3.6655800342559814
N24994,finance,finance,31.62348747253418,10.512459754943848
N8886,lifestyle,lifestyle,36.6121826171875,4.602753162384033
N8864,news,news,29.641868591308594,10.674806594848633
N31451,news,news,33.43400573730469,10.899378776550293
N13504,travel,travel,36.10893249511719,9.154085159301758
N39157,health,health,3.8434736728668213,0.20004425942897797
N58647,entertainment,other,3.8434736728668213,0.20004425942897797
N40735,sports,sports,3.8434736728668213,0.20004425942897797
N47653,finance,finance,3.8434736728668213,0.20004425942897797
N21447,lifestyle,lifestyle,3.8434736728668213,0.20004425942897797
N26603,news,news,3.8434736728668213,0.20004425942897797
N30424,travel,travel,29.266971588134766,-8.20166015625
N53750,health,health,29.266971588134766,-8.20166015625
N24915,autos,autos,25.769458770751953,9.297377586364746
N27151,travel,travel,40.114925384521484,4.478640079498291
N50117,sports,sports,39.782203674316406,6.172706604003906
N3635,news,news,28.246444702148438,12.982024192810059
N21815,tv,other,39.27531433105469,1.2882553339004517
N59691,finance,finance,38.058712005615234,8.911264419555664
N26924,lifestyle,lifestyle,3.8434736728668213,0.20004425942897797
N31465,sports,sports,3.8434736728668213,0.20004425942897797
N40967,autos,autos,3.6674599647521973,0.7662307620048523
N4432,news,news,3.8025295734405518,-0.4149293899536133
N15161,news,news,3.667668342590332,0.7659702897071838
N50272,sports,sports,3.8026435375213623,-0.41492098569869995
N24749,foodanddrink,foodanddrink,23.491783142089844,5.533414363861084
N65016,lifestyle,lifestyle,37.215919494628906,10.428001403808594
N5065,sports,sports,35.71302032470703,-2.136962890625
N34677,news,news,37.26200485229492,-0.5593146085739136
N4911,sports,sports,37.64012145996094,12.199121475219727
N39613,video,video,25.298908233642578,7.126879692077637
N6172,foodanddrink,foodanddrink,3.668030023574829,0.7657415866851807
N36091,tv,other,3.66768217086792,0.766581118106842
N41902,sports,sports,3.801520347595215,-0.418061226606369
N36127,sports,sports,3.6646134853363037,0.7715061902999878
N31290,video,video,3.8434736728668213,0.20004425942897797
N52139,video,video,3.8016412258148193,-0.41776007413864136
N30148,weather,weather,40.41692352294922,2.4727590084075928
N42508,news,news,38.99154281616211,-0.4772317111492157
N14322,finance,finance,37.73284149169922,-2.6665830612182617
N26050,news,news,35.442832946777344,11.318078994750977
N47754,foodanddrink,foodanddrink,32.729610443115234,13.030452728271484
N42812,weather,weather,30.6785888671875,13.1226224899292
N36270,lifestyle,lifestyle,3.8007636070251465,-0.4202924072742462
N60978,finance,finance,3.799226999282837,-0.42591869831085205
N45388,sports,sports,3.8015060424804688,-0.4182800352573395
N6694,lifestyle,lifestyle,3.8434736728668213,0.20004425942897797
N28252,video,video,3.799659013748169,-0.42449748516082764
N58745,finance,finance,3.800536632537842,-0.4212043583393097
N49852,foodanddrink,foodanddrink,27.34162712097168,10.737634658813477
N55318,tv,other,38.95002365112305,7.533358573913574
N29078,news,news,39.3298454284668,10.197035789489746
N35404,autos,autos,41.38846206665039,6.044683456420898
N7498,video,video,40.394622802734375,8.290022850036621
N22156,news,news,39.81208038330078,12.480010032653809
N53240,lifestyle,lifestyle,3.7960920333862305,-0.43633395433425903
N12142,news,news,32.500492095947266,6.139890193939209
N48589,autos,autos,3.6632444858551025,0.773231029510498
N36669,video,video,3.8026435375213623,-0.41492098569869995
N42786,tv,other,3.799445867538452,-0.42520251870155334
N10339,sports,sports,33.57932662963867,2.5562713146209717
N62996,health,health,34.80424118041992,13.343573570251465
N52236,foodanddrink,foodanddrink,37.06547927856445,14.177050590515137
N32147,news,news,42.13626480102539,3.7900047302246094
N25577,news,news,43.62700653076172,5.327759265899658
N52261,foodanddrink,foodanddrink,35.17275619506836,16.062129974365234
N37869,weather,weather,41.508460998535156,10.180588722229004
N46861,music,other,3.668388843536377,0.7650682330131531
N40178,news,news,3.7988572120666504,-0.42708659172058105
N35819,lifestyle,lifestyle,3.5960910320281982,-0.8769804239273071
N50563,lifestyle,lifestyle,3.5589230060577393,-0.9321696162223816
N41214,weather,weather,3.6630680561065674,0.7738550305366516
N13996,travel,travel,3.8009631633758545,-0.41986924409866333
N61066,news,news,29.27474594116211,-7.403307914733887
N60673,music,other,29.290483474731445,-7.400075435638428
N18699,news,news,29.266971588134766,-8.20166015625
N32510,sports,sports,42.50088882446289,7.866361141204834
N62900,sports,sports,42.74307632446289,1.7115075588226318
N34909,lifestyle,lifestyle,41.87716293334961,-10.919931411743164
N11451,foodanddrink,foodanddrink,33.76002883911133,4.471413612365723
N58234,sports,sports,46.33745193481445,-2.754983901977539
N56002,sports,sports,44.5501708984375,0.11343489587306976
N26753,finance,finance,3.61224102973938,-0.85163813829422
N43542,sports,sports,3.7982773780822754,-0.42952820658683777
N5719,sports,sports,3.797679901123047,-0.4310409426689148
N4027,travel,travel,3.8020529747009277,-0.41660746932029724
N54007,finance,finance,3.798288106918335,-0.42925921082496643
N57934,news,news,3.797027111053467,-0.43333494663238525
N27039,health,health,43.138980865478516,12.498401641845703
N16553,tv,other,32.127464294433594,17.04631996154785
N59057,news,news,45.321414947509766,7.546579360961914
N41252,foodanddrink,foodanddrink,43.20970153808594,-2.442023992538452
N55278,sports,sports,47.5048828125,0.7112259268760681
N19739,video,video,43.53313446044922,-5.401797294616699
N57426,lifestyle,lifestyle,3.798896312713623,-0.42638009786605835
N44441,travel,travel,3.6640472412109375,0.7723035216331482
N54550,news,news,3.608492136001587,-0.8575972318649292
N30806,weather,weather,3.796442747116089,-0.4354415833950043
N43405,sports,sports,3.7947452068328857,-0.43991637229919434
N54808,news,news,3.797053575515747,-0.43294018507003784
N47354,sports,sports,47.32468795776367,5.874003887176514
N22779,autos,autos,44.66007614135742,10.093976974487305
N49093,foodanddrink,foodanddrink,45.72816848754883,3.2337214946746826
N21328,lifestyle,lifestyle,49.672149658203125,3.714190721511841
N23660,news,news,47.01892852783203,-7.5144548416137695
N22934,music,other,45.635528564453125,-15.538365364074707
N8719,news,news,3.664259672164917,0.7719530463218689
N1933,sports,sports,3.6646199226379395,0.7713849544525146
N31455,health,health,3.6591200828552246,-0.7707898020744324
N50296,news,news,3.567809820175171,-0.9193668365478516
N7078,sports,sports,3.6900789737701416,-0.7110154032707214
N58805,weather,weather,3.578390598297119,-0.9038057923316956
N49243,news,news,31.28297996520996,20.342411041259766
N4336,sports,sports,47.251590728759766,11.697367668151855
N8596,news,news,39.83953094482422,17.721805572509766
N45731,sports,sports,39.83953094482422,17.721805572509766
N19544,sports,sports,45.7824821472168,15.45307731628418
N13562,news,news,49.6798095703125,8.862698554992676
N37510,travel,travel,3.578390598297119,-0.9038057923316956
N61,health,health,3.6600935459136963,0.7784858345985413
N20988,lifestyle,lifestyle,3.6597745418548584,0.7790703177452087
N39693,foodanddrink,foodanddrink,3.66005277633667,0.7787399291992188
N9172,sports,sports,3.65848708152771,0.7816486954689026
N37457,news,news,3.5557384490966797,-0.9369993805885315
N54365,foodanddrink,foodanddrink,42.471473693847656,15.329922676086426
N18632,health,health,36.16908264160156,20.74559783935547
N31181,finance,finance,56.77859878540039,9.122714042663574
N32391,video,video,49.758033752441406,15.63742446899414
N40265,news,news,45.29155349731445,20.487878799438477
N50419,travel,travel,40.32951354980469,23.239715576171875
N44938,finance,finance,3.550480365753174,-0.9441494345664978
N20835,weather,weather,3.5514791011810303,-0.942622184753418
N52028,movies,other,3.5409960746765137,-0.9573656320571899
N35361,news,news,3.5274715423583984,-0.9753944873809814
N63241,finance,finance,3.5260722637176514,-0.9771499633789062
N24847,sports,sports,3.5266778469085693,-0.9764446020126343
N56583,sports,sports,29.266971588134766,-8.20166015625
N10267,news,news,30.789350509643555,6.5420122146606445
N39980,lifestyle,lifestyle,56.755035400390625,-15.04583740234375
N50630,tv,other,62.50815200805664,-0.10708839446306229
N59346,sports,sports,62.50815200805664,-0.10708839446306229
N36096,entertainment,other,62.50815200805664,-0.10708839446306229
N14316,lifestyle,lifestyle,62.50815200805664,-0.10708839446306229
N50864,tv,other,-43.62177276611328,0.27450284361839294
N63779,finance,finance,2.116356611251831,0.013389530591666698
N60263,weather,weather,2.116356611251831,0.013389530591666698
N2926,sports,sports,2.116356611251831,0.013389530591666698
N12761,foodanddrink,foodanddrink,2.116356611251831,0.013389530591666698
N1169,sports,sports,32.64663314819336,2.933997392654419
N14544,lifestyle,lifestyle,2.116356611251831,0.013389530591666698
N4017,sports,sports,-43.62177276611328,0.27450284361839294
N21347,finance,finance,-43.62177276611328,0.27450284361839294
N12074,news,news,30.383872985839844,4.916877746582031
N1926,entertainment,other,-43.62177276611328,0.27450284361839294
N44494,sports,sports,-43.62177276611328,0.27450284361839294
N57350,news,news,-43.62177276611328,0.27450284361839294
N13911,news,news,2.116356611251831,0.013389530591666698
N56354,news,news,2.116356611251831,0.013389530591666698
N8667,news,news,2.116356611251831,0.013389530591666698
N22542,sports,sports,2.116356611251831,0.013389530591666698
N55296,lifestyle,lifestyle,2.116356611251831,0.013389530591666698
N58207,news,news,2.116356611251831,0.013389530591666698
N41741,health,health,-43.62177276611328,0.27450284361839294
N62175,finance,finance,-43.62177276611328,0.27450284361839294
N17675,video,video,-43.62177276611328,0.27450284361839294
N26437,health,health,-43.62177276611328,0.27450284361839294
N41122,autos,autos,-43.62177276611328,0.27450284361839294
N986,finance,finance,-43.62177276611328,0.27450284361839294
N10310,news,news,32.5081901550293,4.847052574157715
N54003,lifestyle,lifestyle,2.116356611251831,0.013389530591666698
N4042,health,health,2.116356611251831,0.013389530591666698
N23284,news,news,2.116356611251831,0.013389530591666698
N24251,movies,other,2.116356611251831,0.013389530591666698
N36627,lifestyle,lifestyle,2.116356611251831,0.013389530591666698
N5699,foodanddrink,foodanddrink,-43.62177276611328,0.27450284361839294
N13377,finance,finance,-43.62177276611328,0.27450284361839294
N58339,sports,sports,-43.62177276611328,0.27450284361839294
N14431,autos,autos,-43.62177276611328,0.27450284361839294
N8237,foodanddrink,foodanddrink,-43.62177276611328,0.27450284361839294
N35437,health,health,-43.62177276611328,0.27450284361839294
N33974,video,video,2.116356611251831,0.013389530591666698
N30267,finance,finance,2.116356611251831,0.013389530591666698
N49643,autos,autos,2.116356611251831,0.013389530591666698
N55570,sports,sports,2.116356611251831,0.013389530591666698
N59447,news,news,2.116356611251831,0.013389530591666698
N58616,finance,finance,2.116356611251831,0.013389530591666698
N30546,news,news,-43.62177276611328,0.27450284361839294
N521,movies,other,-43.62177276611328,0.27450284361839294
N58809,finance,finance,-43.62177276611328,0.27450284361839294
N40759,finance,finance,-43.62177276611328,0.27450284361839294
N51317,news,news,-43.62177276611328,0.27450284361839294
N60395,finance,finance,-43.62177276611328,0.27450284361839294
N30271,sports,sports,2.116356611251831,0.013389530591666698
N14850,travel,travel,2.116356611251831,0.013389530591666698
N7488,news,news,2.116356611251831,0.013389530591666698
N36909,autos,autos,2.116356611251831,0.013389530591666698
N18036,weather,weather,2.116356611251831,0.013389530591666698
N39206,news,news,2.116356611251831,0.013389530591666698
N64910,sports,sports,29.914234161376953,-7.485347270965576
N61207,news,news,30.291393280029297,-7.850053787231445
N2244,foodanddrink,foodanddrink,30.291393280029297,-7.850053787231445
N5548,video,video,-43.62177276611328,0.27450284361839294
N27697,sports,sports,-43.62177276611328,0.27450284361839294
N15681,sports,sports,-43.62177276611328,0.27450284361839294
N59608,video,video,-43.62177276611328,0.27450284361839294
N23315,foodanddrink,foodanddrink,-43.62177276611328,0.27450284361839294
N11773,health,health,32.6943244934082,4.176542282104492
N26333,lifestyle,lifestyle,2.116356611251831,0.013389530591666698
N26796,news,news,2.116356611251831,0.013389530591666698
N53167,lifestyle,lifestyle,2.116356611251831,0.013389530591666698
N4037,sports,sports,2.116356611251831,0.013389530591666698
N44310,news,news,2.116356611251831,0.013389530591666698
N46414,entertainment,other,2.116356611251831,0.013389530591666698
N34837,foodanddrink,foodanddrink,-43.62177276611328,0.27450284361839294
N31915,autos,autos,-43.62177276611328,0.27450284361839294
N54589,news,news,-43.62177276611328,0.27450284361839294
N56382,news,news,-43.62177276611328,0.27450284361839294
N43846,finance,finance,-43.62177276611328,0.27450284361839294
N48058,news,news,-43.62177276611328,0.27450284361839294
N22889,news,news,2.116356611251831,0.013389530591666698
N17247,news,news,2.116356611251831,0.013389530591666698
N47558,health,health,2.116356611251831,0.013389530591666698
N56816,sports,sports,2.116356611251831,0.013389530591666698
N55968,sports,sports,2.116356611251831,0.013389530591666698
N44660,weather,weather,2.116356611251831,0.013389530591666698
N50860,sports,sports,-43.62177276611328,0.27450284361839294
N44852,sports,sports,-43.62177276611328,0.27450284361839294
N54707,travel,travel,-43.62177276611328,0.27450284361839294
N29911,lifestyle,lifestyle,-43.62177276611328,0.27450284361839294
N6548,news,news,-43.62177276611328,0.27450284361839294
N43077,news,news,-43.62177276611328,0.27450284361839294
N53191,autos,autos,2.116356611251831,0.013389530591666698
N33609,sports,sports,2.116356611251831,0.013389530591666698
N53761,foodanddrink,foodanddrink,2.116356611251831,0.013389530591666698
N33515,foodanddrink,foodanddrink,2.116356611251831,0.013389530591666698
N32036,foodanddrink,foodanddrink,2.116356611251831,0.013389530591666698
N9134,entertainment,other,2.116356611251831,0.013389530591666698
N43643,sports,sports,-43.62177276611328,0.27450284361839294
N525,news,news,-43.62177276611328,0.27450284361839294
N24793,news,news,-43.62177276611328,0.27450284361839294
N55542,sports,sports,-43.62177276611328,0.27450284361839294
N8893,tv,other,-43.62177276611328,0.27450284361839294
N38260,sports,sports,-43.62177276611328,0.27450284361839294
N14673,sports,sports,2.116356611251831,0.013389530591666698
N17135,news,news,2.116356611251831,0.013389530591666698
N3581,travel,travel,2.116356611251831,0.013389530591666698
N48885,tv,other,2.116356611251831,0.013389530591666698
N54415,sports,sports,2.116356611251831,0.013389530591666698
N62319,news,news,2.116356611251831,0.013389530591666698
N53792,sports,sports,-43.62177276611328,0.27450284361839294
N5809,news,news,-43.62177276611328,0.27450284361839294
N60311,news,news,-43.62177276611328,0.27450284361839294
N39435,sports,sports,-43.62177276611328,0.27450284361839294
N45614,news,news,-43.62177276611328,0.27450284361839294
N57416,news,news,-43.62177276611328,0.27450284361839294
N35817,sports,sports,2.116356611251831,0.013389530591666698
N13836,sports,sports,2.116356611251831,0.013389530591666698
N12966,video,video,2.116356611251831,0.013389530591666698
N64310,health,health,2.116356611251831,0.013389530591666698
N5932,health,health,2.116356611251831,0.013389530591666698
N11657,sports,sports,29.602527618408203,3.802783966064453
N26229,finance,finance,29.290483474731445,-7.400075435638428
N42192,news,news,30.018789291381836,-7.55049991607666
N61872,news,news,-43.62177276611328,0.27450284361839294
N41386,sports,sports,-43.62177276611328,0.27450284361839294
N58821,news,news,-43.62177276611328,0.27450284361839294
N3018,news,news,-43.62177276611328,0.27450284361839294
N63265,health,health,-43.62177276611328,0.27450284361839294
N33922,news,news,-43.62177276611328,0.27450284361839294
N28267,sports,sports,2.116356611251831,0.013389530591666698
N53711,sports,sports,2.116356611251831,0.013389530591666698
N20935,sports,sports,2.116356611251831,0.013389530591666698
N54549,foodanddrink,foodanddrink,2.116356611251831,0.013389530591666698
N25636,video,video,2.116356611251831,0.013389530591666698
N59419,news,news,2.116356611251831,0.013389530591666698
N51770,sports,sports,-43.62177276611328,0.27450284361839294
N32339,foodanddrink,foodanddrink,-43.62177276611328,0.27450284361839294
N4019,news,news,-43.62177276611328,0.27450284361839294
N6506,lifestyle,lifestyle,-43.62177276611328,0.27450284361839294
N18976,finance,finance,-43.62177276611328,0.27450284361839294
N54047,news,news,-43.62177276611328,0.27450284361839294
N52346,news,news,2.116356611251831,0.013389530591666698
N34571,finance,finance,2.116356611251831,0.013389530591666698
N54416,sports,sports,2.116356611251831,0.013389530591666698
N17365,news,news,2.116356611251831,0.013389530591666698
N12791,news,news,2.116356611251831,0.013389530591666698
N42292,health,health,2.116356611251831,0.013389530591666698
N48041,video,video,-43.62177276611328,0.27450284361839294
N10762,sports,sports,31.70941734313965,2.8239314556121826
N49975,music,other,-43.62177276611328,0.27450284361839294
N48398,sports,sports,-43.62177276611328,0.27450284361839294
N13592,finance,finance,-43.62177276611328,0.27450284361839294
N9822,health,health,-43.62177276611328,0.27450284361839294
N34134,news,news,2.116356611251831,0.013389530591666698
N25189,entertainment,other,2.116356611251831,0.013389530591666698
N58434,news,news,2.116356611251831,0.013389530591666698
N27484,news,news,2.116356611251831,0.013389530591666698
N43357,autos,autos,2.116356611251831,0.013389530591666698
N20448,sports,sports,2.116356611251831,0.013389530591666698
N56617,travel,travel,-43.62177276611328,0.27450284361839294
N37305,news,news,-43.62177276611328,0.27450284361839294
N59763,news,news,-43.62177276611328,0.27450284361839294
N14386,news,news,-43.62177276611328,0.27450284361839294
N28605,finance,finance,-43.62177276611328,0.27450284361839294
N821,news,news,-43.62177276611328,0.27450284361839294
N13968,movies,other,2.116356611251831,0.013389530591666698
N26978,lifestyle,lifestyle,2.116356611251831,0.013389530591666698
N38670,news,news,2.116356611251831,0.013389530591666698
N43864,news,news,2.116356611251831,0.013389530591666698
N7823,news,news,2.116356611251831,0.013389530591666698
N48212,news,news,2.116356611251831,0.013389530591666698
N62183,video,video,-43.62177276611328,0.27450284361839294
N33131,news,news,-43.62177276611328,0.27450284361839294
N47465,entertainment,other,-43.62177276611328,0.27450284361839294
N26930,sports,sports,-43.62177276611328,0.27450284361839294
N8623,news,news,-43.62177276611328,0.27450284361839294
N62311,foodanddrink,foodanddrink,-43.62177276611328,0.27450284361839294
N28272,news,news,2.116356611251831,0.013389530591666698
N14980,finance,finance,2.116356611251831,0.013389530591666698
N34445,autos,autos,2.116356611251831,0.013389530591666698
N43105,video,video,2.116356611251831,0.013389530591666698
N41270,sports,sports,3.5152266025543213,-0.9911933541297913
N50094,sports,sports,3.5152266025543213,-0.9911933541297913
N4445,news,news,30.291393280029297,-7.850053787231445
N42106,news,news,30.291393280029297,-7.850053787231445
N45902,sports,sports,30.067893981933594,-7.583202838897705
N47478,sports,sports,-43.62177276611328,0.27450284361839294
N45732,news,news,-43.62177276611328,0.27450284361839294
N53726,finance,finance,-43.62177276611328,0.27450284361839294
N33613,weather,weather,-43.62177276611328,0.27450284361839294
N35949,news,news,-43.62177276611328,0.27450284361839294
N28651,news,news,-43.62177276611328,0.27450284361839294
N62283,news,news,2.116356611251831,0.013389530591666698
N11049,news,news,32.50957489013672,4.634043216705322
N7528,sports,sports,2.116356611251831,0.013389530591666698
N38414,news,news,2.116356611251831,0.013389530591666698
N46059,health,health,3.5152266025543213,-0.9911933541297913
N33168,weather,weather,3.5152266025543213,-0.9911933541297913
N60607,tv,other,-43.62177276611328,0.27450284361839294
N1167,tv,other,33.59804153442383,5.408390522003174
N12867,finance,finance,-43.62177276611328,0.27450284361839294
N45785,sports,sports,-43.62177276611328,0.27450284361839294
N42983,sports,sports,-43.62177276611328,0.27450284361839294
N46033,foodanddrink,foodanddrink,-43.62177276611328,0.27450284361839294
N22076,sports,sports,2.116356611251831,0.013389530591666698
N46246,sports,sports,2.116356611251831,0.013389530591666698
N36833,finance,finance,2.116356611251831,0.013389530591666698
N35192,sports,sports,2.116356611251831,0.013389530591666698
N13238,news,news,2.116356611251831,0.013389530591666698
N5440,news,news,2.116356611251831,0.013389530591666698
N62069,sports,sports,-43.62177276611328,0.27450284361839294
N5837,news,news,-43.62177276611328,0.27450284361839294
N21202,news,news,-43.62177276611328,0.27450284361839294
N24660,news,news,-43.62177276611328,0.27450284361839294
N3808,sports,sports,-43.62177276611328,0.27450284361839294
N12889,autos,autos,-43.62177276611328,0.27450284361839294
N47228,news,news,2.116356611251831,0.013389530591666698
N24356,news,news,2.116356611251831,0.013389530591666698
N34131,sports,sports,2.116356611251831,0.013389530591666698
N18848,weather,weather,2.116356611251831,0.013389530591666698
N19154,video,video,2.116356611251831,0.013389530591666698
N65043,news,news,2.116356611251831,0.013389530591666698
N3384,foodanddrink,foodanddrink,-43.62177276611328,0.27450284361839294
N42782,sports,sports,-43.62177276611328,0.27450284361839294
N9945,news,news,-43.62177276611328,0.27450284361839294
N22983,sports,sports,-43.62177276611328,0.27450284361839294
N64820,sports,sports,-43.62177276611328,0.27450284361839294
N44649,news,news,-43.62177276611328,0.27450284361839294
N59698,sports,sports,2.116356611251831,0.013389530591666698
N5243,sports,sports,2.116356611251831,0.013389530591666698
N40845,news,news,2.116356611251831,0.013389530591666698
N51361,news,news,2.116356611251831,0.013389530591666698
N49266,sports,sports,2.116356611251831,0.013389530591666698
N31533,news,news,2.116356611251831,0.013389530591666698
N5011,sports,sports,-43.62177276611328,0.27450284361839294
N7211,sports,sports,-43.62177276611328,0.27450284361839294
N24317,sports,sports,-43.62177276611328,0.27450284361839294
N25870,tv,other,-43.62177276611328,0.27450284361839294
N5863,news,news,-43.62177276611328,0.27450284361839294
N1153,sports,sports,30.521343231201172,4.022371292114258
N25324,foodanddrink,foodanddrink,2.116356611251831,0.013389530591666698
N37598,autos,autos,2.116356611251831,0.013389530591666698
N29690,travel,travel,2.116356611251831,0.013389530591666698
N43520,news,news,2.116356611251831,0.013389530591666698
N6068,news,news,2.116356611251831,0.013389530591666698
N35566,sports,sports,2.116356611251831,0.013389530591666698
N61103,news,news,30.0219669342041,-7.555499076843262
N32483,tv,other,30.291393280029297,-7.850053787231445
N29373,news,news,-43.62177276611328,0.27450284361839294
N10673,finance,finance,32.639366149902344,4.443212032318115
N47056,news,news,-43.62177276611328,0.27450284361839294
N1864,travel,travel,-43.62177276611328,0.27450284361839294
N37974,travel,travel,-43.62177276611328,0.27450284361839294
N45112,sports,sports,-43.62177276611328,0.27450284361839294
N31256,sports,sports,2.116356611251831,0.013389530591666698
N25618,news,news,2.116356611251831,0.013389530591666698
N60712,sports,sports,2.116356611251831,0.013389530591666698
N45867,sports,sports,2.116356611251831,0.013389530591666698
N23119,movies,other,2.116356611251831,0.013389530591666698
N39241,sports,sports,2.116356611251831,0.013389530591666698
N15339,sports,sports,-43.62177276611328,0.27450284361839294
N46616,foodanddrink,foodanddrink,-43.62177276611328,0.27450284361839294
N47473,travel,travel,-43.62177276611328,0.27450284361839294
N44150,music,other,-43.62177276611328,0.27450284361839294
N57372,sports,sports,-43.62177276611328,0.27450284361839294
N63874,sports,sports,-43.62177276611328,0.27450284361839294
N33978,sports,sports,2.116356611251831,0.013389530591666698
N26655,weather,weather,2.116356611251831,0.013389530591666698
N62240,foodanddrink,foodanddrink,2.116356611251831,0.013389530591666698
N57671,travel,travel,2.116356611251831,0.013389530591666698
N17062,news,news,2.116356611251831,0.013389530591666698
N61624,news,news,2.116356611251831,0.013389530591666698
N50181,foodanddrink,foodanddrink,-43.62177276611328,0.27450284361839294
N40929,news,news,-43.62177276611328,0.27450284361839294
N29670,sports,sports,-43.62177276611328,0.27450284361839294
N18768,sports,sports,-43.62177276611328,0.27450284361839294
N13060,autos,autos,-43.62177276611328,0.27450284361839294
N21596,finance,finance,-43.62177276611328,0.27450284361839294
N27277,travel,travel,2.116356611251831,0.013389530591666698
N5683,news,news,2.116356611251831,0.013389530591666698
N21751,sports,sports,2.116356611251831,0.013389530591666698
N41564,sports,sports,2.116356611251831,0.013389530591666698
N19140,sports,sports,2.116356611251831,0.013389530591666698
N32617,video,video,2.116356611251831,0.013389530591666698
N2465,sports,sports,-43.62177276611328,0.27450284361839294
N51072,news,news,-43.62177276611328,0.27450284361839294
N24667,news,news,-43.62177276611328,0.27450284361839294
N12810,news,news,-43.62177276611328,0.27450284361839294
N3003,finance,finance,-43.62177276611328,0.27450284361839294
N31129,news,news,-43.62177276611328,0.27450284361839294
N10394,sports,sports,31.600297927856445,2.459754467010498
N5567,travel,travel,2.116356611251831,0.013389530591666698
N44055,sports,sports,2.116356611251831,0.013389530591666698
N14212,news,news,2.116356611251831,0.013389530591666698
N57273,sports,sports,2.116356611251831,0.013389530591666698
N56986,news,news,2.116356611251831,0.013389530591666698
N62486,news,news,-43.62177276611328,0.27450284361839294
N8211,sports,sports,-43.62177276611328,0.27450284361839294
N58915,sports,sports,-43.62177276611328,0.27450284361839294
N55519,news,news,-43.62177276611328,0.27450284361839294
N45126,health,health,-43.62177276611328,0.27450284361839294
N10090,weather,weather,31.79513168334961,5.095663547515869
N18427,news,news,2.116356611251831,0.013389530591666698
N55920,finance,finance,2.116356611251831,0.013389530591666698
N23424,sports,sports,2.116356611251831,0.013389530591666698
N13965,sports,sports,2.116356611251831,0.013389530591666698
N50827,sports,sports,2.116356611251831,0.013389530591666698
N64265,news,news,2.116356611251831,0.013389530591666698
N9133,travel,travel,29.266971588134766,-8.20166015625
N26130,entertainment,other,29.266971588134766,-8.20166015625
N47719,news,news,29.266971588134766,-8.20166015625
N36541,news,news,-43.62177276611328,0.27450284361839294
N63358,health,health,-43.62177276611328,0.27450284361839294
N22649,news,news,-43.62177276611328,0.27450284361839294
N16629,finance,finance,-43.62177276611328,0.27450284361839294
N34114,news,news,-43.62177276611328,0.27450284361839294
N1171,sports,sports,29.64235496520996,7.39743709564209
N30448,autos,autos,2.116356611251831,0.013389530591666698
N61308,news,news,2.116356611251831,0.013389530591666698
N58901,news,news,2.116356611251831,0.013389530591666698
N31318,news,news,2.116356611251831,0.013389530591666698
N16820,news,news,2.116356611251831,0.013389530591666698
N2944,sports,sports,2.116356611251831,0.013389530591666698
N27948,sports,sports,-43.62177276611328,0.27450284361839294
N53449,sports,sports,-43.62177276611328,0.27450284361839294
N55937,sports,sports,-43.62177276611328,0.27450284361839294
N47709,news,news,-43.62177276611328,0.27450284361839294
N19033,sports,sports,-43.62177276611328,0.27450284361839294
N20436,sports,sports,-43.62177276611328,0.27450284361839294
N23007,sports,sports,2.116356611251831,0.013389530591666698
N22734,news,news,2.116356611251831,0.013389530591666698
N20044,lifestyle,lifestyle,2.116356611251831,0.013389530591666698
N51139,sports,sports,2.116356611251831,0.013389530591666698
N184,sports,sports,2.116356611251831,0.013389530591666698
N58492,news,news,2.116356611251831,0.013389530591666698
N50410,sports,sports,-43.62177276611328,0.27450284361839294
N53340,sports,sports,-43.62177276611328,0.27450284361839294
N26615,news,news,-43.62177276611328,0.27450284361839294
N6144,news,news,-43.62177276611328,0.27450284361839294
N28719,news,news,-43.62177276611328,0.27450284361839294
N60066,sports,sports,-43.62177276611328,0.27450284361839294
N48615,news,news,2.116356611251831,0.013389530591666698
N37571,lifestyle,lifestyle,2.116356611251831,0.013389530591666698
N61449,foodanddrink,foodanddrink,2.116356611251831,0.013389530591666698
N13463,news,news,2.116356611251831,0.013389530591666698
N46173,news,news,2.116356611251831,0.013389530591666698
N5359,finance,finance,2.116356611251831,0.013389530591666698
N29273,sports,sports,-43.62177276611328,0.27450284361839294
N28629,news,news,-43.62177276611328,0.27450284361839294
N41509,sports,sports,-43.62177276611328,0.27450284361839294
N47338,sports,sports,-43.62177276611328,0.27450284361839294
N16825,weather,weather,-43.62177276611328,0.27450284361839294
N2467,music,other,-43.62177276611328,0.27450284361839294
N45663,foodanddrink,foodanddrink,2.116356611251831,0.013389530591666698
N56698,news,news,2.116356611251831,0.013389530591666698
N39177,weather,weather,2.116356611251831,0.013389530591666698
N29701,music,other,2.116356611251831,0.013389530591666698
N3939,sports,sports,2.116356611251831,0.013389530591666698
N12960,weather,weather,2.116356611251831,0.013389530591666698
N32832,news,news,-43.62177276611328,0.27450284361839294
N47838,finance,finance,-43.62177276611328,0.27450284361839294
N1699,news,news,-43.62177276611328,0.27450284361839294
N24478,finance,finance,-43.62177276611328,0.27450284361839294
N58281,travel,travel,-43.62177276611328,0.27450284361839294
N51911,video,video,-43.62177276611328,0.27450284361839294
N57582,sports,sports,2.116356611251831,0.013389530591666698
N62144,news,news,2.116356611251831,0.013389530591666698
N48246,sports,sports,2.116356611251831,0.013389530591666698
N14238,sports,sports,2.116356611251831,0.013389530591666698
N46245,sports,sports,2.116356611251831,0.013389530591666698
N33861,news,news,2.116356611251831,0.013389530591666698
N53074,finance,finance,29.266971588134766,-8.20166015625
N3864,news,news,29.266971588134766,-8.20166015625
N21650,news,news,-43.62177276611328,0.27450284361839294
N36369,sports,sports,-43.62177276611328,0.27450284361839294
N40057,sports,sports,-43.62177276611328,0.27450284361839294
N65089,lifestyle,lifestyle,-43.62177276611328,0.27450284361839294
N55418,news,news,-43.62177276611328,0.27450284361839294
N39371,sports,sports,-43.62177276611328,0.27450284361839294
N10469,sports,sports,32.436790466308594,5.038367748260498
N29103,sports,sports,2.116356611251831,0.013389530591666698
N6770,health,health,2.116356611251831,0.013389530591666698
N16926,news,news,2.116356611251831,0.013389530591666698
N52365,sports,sports,2.116356611251831,0.013389530591666698
N34907,autos,autos,2.116356611251831,0.013389530591666698
N13451,weather,weather,-43.62177276611328,0.27450284361839294
N36522,news,news,-43.62177276611328,0.27450284361839294
N38127,news,news,-43.62177276611328,0.27450284361839294
N8357,weather,weather,-43.62177276611328,0.27450284361839294
N5934,sports,sports,-43.62177276611328,0.27450284361839294
N33879,news,news,-43.62177276611328,0.27450284361839294
N9275,news,news,2.116356611251831,0.013389530591666698
N62067,sports,sports,2.116356611251831,0.013389530591666698
N45223,news,news,2.116356611251831,0.013389530591666698
N65079,sports,sports,2.116356611251831,0.013389530591666698
N11966,sports,sports,30.402551651000977,7.662510871887207
N18384,travel,travel,2.116356611251831,0.013389530591666698
N59488,news,news,-43.62177276611328,0.27450284361839294
N25549,news,news,-43.62177276611328,0.27450284361839294
N17898,sports,sports,-43.62177276611328,0.27450284361839294
N58150,news,news,-43.62177276611328,0.27450284361839294
N32910,news,news,-43.62177276611328,0.27450284361839294
N43939,sports,sports,-43.62177276611328,0.27450284361839294
N3046,lifestyle,lifestyle,2.116356611251831,0.013389530591666698
N21080,tv,other,2.116356611251831,0.013389530591666698
N27644,lifestyle,lifestyle,2.116356611251831,0.013389530591666698
N57896,foodanddrink,foodanddrink,2.116356611251831,0.013389530591666698
N50331,sports,sports,2.116356611251831,0.013389530591666698
N19453,autos,autos,2.116356611251831,0.013389530591666698
N51741,tv,other,-43.62177276611328,0.27450284361839294
N37502,weather,weather,-43.62177276611328,0.27450284361839294
N1370,news,news,-43.62177276611328,0.27450284361839294
N25187,news,news,-43.62177276611328,0.27450284361839294
N17615,news,news,-43.62177276611328,0.27450284361839294
N47548,sports,sports,-43.62177276611328,0.27450284361839294
N38961,sports,sports,2.116356611251831,0.013389530591666698
N43779,news,news,2.116356611251831,0.013389530591666698
N26862,lifestyle,lifestyle,2.116356611251831,0.013389530591666698
N39263,sports,sports,2.116356611251831,0.013389530591666698
N157,sports,sports,2.116356611251831,0.013389530591666698
N41552,lifestyle,lifestyle,2.116356611251831,0.013389530591666698
N5280,lifestyle,lifestyle,-43.62177276611328,0.27450284361839294
N16940,news,news,-43.62177276611328,0.27450284361839294
N10345,sports,sports,30.580623626708984,7.0634636878967285
N53269,sports,sports,-43.62177276611328,0.27450284361839294
N16397,autos,autos,-43.62177276611328,0.27450284361839294
N44976,sports,sports,-43.62177276611328,0.27450284361839294
N19382,news,news,2.116356611251831,0.013389530591666698
N21433,news,news,2.116356611251831,0.013389530591666698
N8878,finance,finance,2.116356611251831,0.013389530591666698
N8517,travel,travel,2.116356611251831,0.013389530591666698
N10014,sports,sports,33.608558654785156,4.2533860206604
N42226,foodanddrink,foodanddrink,2.116356611251831,0.013389530591666698
N25155,news,news,29.27474594116211,-7.403307914733887
N57577,sports,sports,29.266971588134766,-8.20166015625
N61419,sports,sports,29.87848472595215,-7.4697184562683105
N20487,sports,sports,-43.62177276611328,0.27450284361839294
N20454,sports,sports,-43.62177276611328,0.27450284361839294
N30363,finance,finance,-43.62177276611328,0.27450284361839294
N33210,news,news,-43.62177276611328,0.27450284361839294
N48713,sports,sports,-43.62177276611328,0.27450284361839294
N56253,sports,sports,-43.62177276611328,0.27450284361839294
N23763,autos,autos,2.116356611251831,0.013389530591666698
N38327,news,news,2.116356611251831,0.013389530591666698
N6093,sports,sports,2.116356611251831,0.013389530591666698
N25039,health,health,2.116356611251831,0.013389530591666698
N15223,foodanddrink,foodanddrink,2.116356611251831,0.013389530591666698
N593,news,news,2.116356611251831,0.013389530591666698
N59739,tv,other,-43.62177276611328,0.27450284361839294
N55091,sports,sports,-43.62177276611328,0.27450284361839294
N13215,sports,sports,-43.62177276611328,0.27450284361839294
N17762,news,news,-43.62177276611328,0.27450284361839294
N36013,foodanddrink,foodanddrink,-43.62177276611328,0.27450284361839294
N20297,sports,sports,-43.62177276611328,0.27450284361839294
N30191,sports,sports,2.116356611251831,0.013389530591666698
N19728,news,news,2.116356611251831,0.013389530591666698
N5063,sports,sports,2.116356611251831,0.013389530591666698
N23204,news,news,2.116356611251831,0.013389530591666698
N1549,sports,sports,2.116356611251831,0.013389530591666698
N42576,news,news,2.116356611251831,0.013389530591666698
N42601,news,news,-43.62177276611328,0.27450284361839294
N27604,news,news,-43.62177276611328,0.27450284361839294
N19923,news,news,-43.62177276611328,0.27450284361839294
N19736,news,news,-43.62177276611328,0.27450284361839294
N19301,news,news,-43.62177276611328,0.27450284361839294
N61134,sports,sports,-43.62177276611328,0.27450284361839294
N44194,travel,travel,2.116356611251831,0.013389530591666698
N22763,news,news,2.116356611251831,0.013389530591666698
N14663,sports,sports,2.116356611251831,0.013389530591666698
N47761,tv,other,2.116356611251831,0.013389530591666698
N51779,news,news,2.116356611251831,0.013389530591666698
N41120,movies,other,2.116356611251831,0.013389530591666698
N9674,sports,sports,-43.62177276611328,0.27450284361839294
N28828,sports,sports,-43.62177276611328,0.27450284361839294
N7587,news,news,-43.62177276611328,0.27450284361839294
N58829,sports,sports,-43.62177276611328,0.27450284361839294
N52245,weather,weather,-43.62177276611328,0.27450284361839294
N59807,news,news,-43.62177276611328,0.27450284361839294
N250,autos,autos,2.116356611251831,0.013389530591666698
N12268,sports,sports,31.82137107849121,3.752392292022705
N38230,sports,sports,2.116356611251831,0.013389530591666698
N36470,sports,sports,2.116356611251831,0.013389530591666698
N40488,sports,sports,2.116356611251831,0.013389530591666698
N37119,news,news,2.116356611251831,0.013389530591666698
N29992,sports,sports,-43.62177276611328,0.27450284361839294
N43088,travel,travel,-43.62177276611328,0.27450284361839294
N17283,weather,weather,-43.62177276611328,0.27450284361839294
N44632,weather,weather,-43.62177276611328,0.27450284361839294
N8434,news,news,-43.62177276611328,0.27450284361839294
N35950,sports,sports,-43.62177276611328,0.27450284361839294
N23996,finance,finance,2.116356611251831,0.013389530591666698
N37041,news,news,2.116356611251831,0.013389530591666698
N16807,foodanddrink,foodanddrink,2.116356611251831,0.013389530591666698
N39608,sports,sports,2.116356611251831,0.013389530591666698
N5201,health,health,2.116356611251831,0.013389530591666698
N7768,finance,finance,2.116356611251831,0.013389530591666698
N52144,sports,sports,30.238361358642578,-7.760651111602783
N56126,sports,sports,30.067893981933594,-7.583202838897705
N60286,sports,sports,-43.62177276611328,0.27450284361839294
N17330,sports,sports,-43.62177276611328,0.27450284361839294
N38470,autos,autos,-43.62177276611328,0.27450284361839294
N10852,finance,finance,32.905921936035156,3.7762348651885986
N9341,sports,sports,-43.62177276611328,0.27450284361839294
N61323,weather,weather,-43.62177276611328,0.27450284361839294
N34755,sports,sports,2.116356611251831,0.013389530591666698
N33499,autos,autos,2.116356611251831,0.013389530591666698
N31531,news,news,2.116356611251831,0.013389530591666698
N14473,sports,sports,2.116356611251831,0.013389530591666698
N2665,travel,travel,2.116356611251831,0.013389530591666698
N60548,weather,weather,2.116356611251831,0.013389530591666698
N16651,sports,sports,-43.62177276611328,0.27450284361839294
N50535,autos,autos,-43.62177276611328,0.27450284361839294
N8936,news,news,-43.62177276611328,0.27450284361839294
N41204,news,news,-43.62177276611328,0.27450284361839294
N40963,foodanddrink,foodanddrink,-43.62177276611328,0.27450284361839294
N13792,foodanddrink,foodanddrink,-43.62177276611328,0.27450284361839294
N63482,foodanddrink,foodanddrink,2.116356611251831,0.013389530591666698
N43124,sports,sports,2.116356611251831,0.013389530591666698
N41298,music,other,2.116356611251831,0.013389530591666698
N14226,news,news,2.116356611251831,0.013389530591666698
N13489,health,health,2.116356611251831,0.013389530591666698
N11805,news,news,33.25807571411133,3.693985939025879
N15022,autos,autos,-43.62177276611328,0.27450284361839294
N27957,video,video,-43.62177276611328,0.27450284361839294
N44207,sports,sports,-43.62177276611328,0.27450284361839294
N41471,finance,finance,-43.62177276611328,0.27450284361839294
N53391,sports,sports,-43.62177276611328,0.27450284361839294
N13222,news,news,-43.62177276611328,0.27450284361839294
N37033,entertainment,other,2.116356611251831,0.013389530591666698
N9636,video,video,2.116356611251831,0.013389530591666698
N48379,news,news,2.116356611251831,0.013389530591666698
N6311,sports,sports,2.116356611251831,0.013389530591666698
N55117,tv,other,2.116356611251831,0.013389530591666698
N897,sports,sports,2.116356611251831,0.013389530591666698
N27217,video,video,-43.62177276611328,0.27450284361839294
N46658,sports,sports,-43.62177276611328,0.27450284361839294
N20894,news,news,-43.62177276611328,0.27450284361839294
N46913,news,news,-43.62177276611328,0.27450284361839294
N56553,sports,sports,-43.62177276611328,0.27450284361839294
N62276,news,news,-43.62177276611328,0.27450284361839294
N34556,travel,travel,2.116356611251831,0.013389530591666698
N1157,foodanddrink,foodanddrink,32.456417083740234,2.5314841270446777
N42309,sports,sports,2.116356611251831,0.013389530591666698
N39574,news,news,2.116356611251831,0.013389530591666698
N52881,news,news,2.116356611251831,0.013389530591666698
N8277,news,news,2.116356611251831,0.013389530591666698
N37267,tv,other,-43.62177276611328,0.27450284361839294
N42489,sports,sports,-43.62177276611328,0.27450284361839294
N28212,sports,sports,-43.62177276611328,0.27450284361839294
N23899,news,news,-43.62177276611328,0.27450284361839294
N52963,finance,finance,-43.62177276611328,0.27450284361839294
N31427,sports,sports,-43.62177276611328,0.27450284361839294
N64624,sports,sports,2.116356611251831,0.013389530591666698
N13478,lifestyle,lifestyle,2.116356611251831,0.013389530591666698
N59647,video,video,2.116356611251831,0.013389530591666698
N23471,travel,travel,2.116356611251831,0.013389530591666698
N28916,health,health,2.116356611251831,0.013389530591666698
N15507,lifestyle,lifestyle,2.116356611251831,0.013389530591666698
N63873,sports,sports,29.91072654724121,-7.481106281280518
N44986,news,news,29.828174591064453,-7.447108268737793
N47178,sports,sports,29.27474594116211,-7.403307914733887
N14500,news,news,-43.62177276611328,0.27450284361839294
N431,finance,finance,-43.62177276611328,0.27450284361839294
N28739,sports,sports,-43.62177276611328,0.27450284361839294
N5929,autos,autos,-43.62177276611328,0.27450284361839294
N20371,music,other,-43.62177276611328,0.27450284361839294
N15744,news,news,-43.62177276611328,0.27450284361839294
N19753,sports,sports,2.116356611251831,0.013389530591666698
N8255,sports,sports,2.116356611251831,0.013389530591666698
N45259,weather,weather,2.116356611251831,0.013389530591666698
N43998,sports,sports,2.116356611251831,0.013389530591666698
N27107,weather,weather,2.116356611251831,0.013389530591666698
N34773,sports,sports,2.116356611251831,0.013389530591666698
N14267,weather,weather,-43.62177276611328,0.27450284361839294
N22242,sports,sports,-43.62177276611328,0.27450284361839294
N63625,news,news,-43.62177276611328,0.27450284361839294
N59441,sports,sports,-43.62177276611328,0.27450284361839294
N57850,sports,sports,-43.62177276611328,0.27450284361839294
N30909,news,news,-43.62177276611328,0.27450284361839294
N7037,autos,autos,2.116356611251831,0.013389530591666698
N20189,video,video,2.116356611251831,0.013389530591666698
N47479,tv,other,2.116356611251831,0.013389530591666698
N23231,news,news,2.116356611251831,0.013389530591666698
N44582,sports,sports,2.116356611251831,0.013389530591666698
N51618,news,news,2.116356611251831,0.013389530591666698
N43185,sports,sports,-43.62177276611328,0.27450284361839294
N13003,news,news,-43.62177276611328,0.27450284361839294
N63504,news,news,-43.62177276611328,0.27450284361839294
N8313,sports,sports,-43.62177276611328,0.27450284361839294
N57599,sports,sports,-43.62177276611328,0.27450284361839294
N7057,sports,sports,-43.62177276611328,0.27450284361839294
N60816,news,news,2.116356611251831,0.013389530591666698
N22136,sports,sports,2.116356611251831,0.013389530591666698
N18943,news,news,2.116356611251831,0.013389530591666698
N9676,news,news,2.116356611251831,0.013389530591666698
N63094,foodanddrink,foodanddrink,2.116356611251831,0.013389530591666698
N20263,news,news,2.116356611251831,0.013389530591666698
N53914,news,news,-43.62177276611328,0.27450284361839294
N37411,weather,weather,-43.62177276611328,0.27450284361839294
N28199,sports,sports,-43.62177276611328,0.27450284361839294
N28450,travel,travel,-43.62177276611328,0.27450284361839294
N51496,health,health,-43.62177276611328,0.27450284361839294
N37366,video,video,-43.62177276611328,0.27450284361839294
N42792,sports,sports,2.116356611251831,0.013389530591666698
N53062,foodanddrink,foodanddrink,2.116356611251831,0.013389530591666698
N42420,news,news,2.116356611251831,0.013389530591666698
N64819,travel,travel,2.116356611251831,0.013389530591666698
N6185,news,news,2.116356611251831,0.013389530591666698
N5425,sports,sports,2.116356611251831,0.013389530591666698
N4774,news,news,-43.62177276611328,0.27450284361839294
N50612,video,video,-43.62177276611328,0.27450284361839294
N53944,news,news,-43.62177276611328,0.27450284361839294
N13375,sports,sports,-43.62177276611328,0.27450284361839294
N59301,sports,sports,-43.62177276611328,0.27450284361839294
N38175,sports,sports,-43.62177276611328,0.27450284361839294
N33081,news,news,2.116356611251831,0.013389530591666698
N28623,news,news,2.116356611251831,0.013389530591666698
N26532,news,news,2.116356611251831,0.013389530591666698
N20773,sports,sports,2.116356611251831,0.013389530591666698
N43956,sports,sports,2.116356611251831,0.013389530591666698
N41651,tv,other,2.116356611251831,0.013389530591666698
N54954,sports,sports,29.266971588134766,-8.20166015625
N63330,news,news,29.266971588134766,-8.20166015625
N40175,news,news,-43.62177276611328,0.27450284361839294
N50085,news,news,-43.62177276611328,0.27450284361839294
N6015,news,news,-43.62177276611328,0.27450284361839294
N62555,movies,other,-43.62177276611328,0.27450284361839294
N11728,travel,travel,30.439876556396484,7.4177350997924805
N36312,sports,sports,-43.62177276611328,0.27450284361839294
N10475,health,health,32.63458251953125,5.796978950500488
N19144,news,news,2.116356611251831,0.013389530591666698
N53596,tv,other,2.116356611251831,0.013389530591666698
N12200,sports,sports,30.453689575195312,7.4980926513671875
N8868,foodanddrink,foodanddrink,2.116356611251831,0.013389530591666698
N19112,news,news,2.116356611251831,0.013389530591666698
N20163,foodanddrink,foodanddrink,-43.62177276611328,0.27450284361839294
N64807,sports,sports,-43.62177276611328,0.27450284361839294
N55758,news,news,-43.62177276611328,0.27450284361839294
N8620,health,health,-43.62177276611328,0.27450284361839294
N37825,news,news,-43.62177276611328,0.27450284361839294
N12212,health,health,31.342634201049805,6.775310516357422
N41619,sports,sports,2.116356611251831,0.013389530591666698
N39551,news,news,2.116356611251831,0.013389530591666698
N64856,news,news,2.116356611251831,0.013389530591666698
N20955,sports,sports,2.116356611251831,0.013389530591666698
N46712,news,news,2.116356611251831,0.013389530591666698
N27652,news,news,2.116356611251831,0.013389530591666698
N50315,sports,sports,-43.62177276611328,0.27450284361839294
N18821,sports,sports,-43.62177276611328,0.27450284361839294
N28376,travel,travel,-43.62177276611328,0.27450284361839294
N59171,news,news,-43.62177276611328,0.27450284361839294
N50332,news,news,-43.62177276611328,0.27450284361839294
N16098,news,news,-43.62177276611328,0.27450284361839294
N21855,lifestyle,lifestyle,2.116356611251831,0.013389530591666698
N30225,sports,sports,2.116356611251831,0.013389530591666698
N14707,news,news,2.116356611251831,0.013389530591666698
N15092,sports,sports,2.116356611251831,0.013389530591666698
N45432,news,news,2.116356611251831,0.013389530591666698
N498,travel,travel,2.116356611251831,0.013389530591666698
N24914,sports,sports,-43.62177276611328,0.27450284361839294
N62050,sports,sports,-43.62177276611328,0.27450284361839294
N21429,news,news,-43.62177276611328,0.27450284361839294
N46966,foodanddrink,foodanddrink,-43.62177276611328,0.27450284361839294
N13380,tv,other,-43.62177276611328,0.27450284361839294
N49199,news,news,-43.62177276611328,0.27450284361839294
N13136,tv,other,2.116356611251831,0.013389530591666698
N23776,autos,autos,2.116356611251831,0.013389530591666698
N16472,travel,travel,2.116356611251831,0.013389530591666698
N15064,sports,sports,2.116356611251831,0.013389530591666698
N4603,news,news,2.116356611251831,0.013389530591666698
N61933,sports,sports,2.116356611251831,0.013389530591666698
N47226,sports,sports,-43.62177276611328,0.27450284361839294
N36315,foodanddrink,foodanddrink,-43.62177276611328,0.27450284361839294
N51830,health,health,-43.62177276611328,0.27450284361839294
N43640,news,news,-43.62177276611328,0.27450284361839294
N33286,foodanddrink,foodanddrink,-43.62177276611328,0.27450284361839294
N56717,news,news,-43.62177276611328,0.27450284361839294
N11897,news,news,29.199548721313477,7.368565559387207
N3041,music,other,2.116356611251831,0.013389530591666698
N55744,sports,sports,2.116356611251831,0.013389530591666698
N43278,news,news,2.116356611251831,0.013389530591666698
N26267,news,news,2.116356611251831,0.013389530591666698
N52556,news,news,2.116356611251831,0.013389530591666698
N33688,news,news,29.266971588134766,-8.20166015625
N9779,sports,sports,29.266971588134766,-8.20166015625
N56150,news,news,29.266971588134766,-8.20166015625
N15656,news,news,-43.62177276611328,0.27450284361839294
N60972,sports,sports,-43.62177276611328,0.27450284361839294
N23999,finance,finance,-43.62177276611328,0.27450284361839294
N32423,sports,sports,-43.62177276611328,0.27450284361839294
N25786,sports,sports,-43.62177276611328,0.27450284361839294
N8693,health,health,-43.62177276611328,0.27450284361839294
N36521,finance,finance,2.116356611251831,0.013389530591666698
N44479,sports,sports,2.116356611251831,0.013389530591666698
N32936,sports,sports,2.116356611251831,0.013389530591666698
N55566,video,video,2.116356611251831,0.013389530591666698
N38085,sports,sports,2.116356611251831,0.013389530591666698
N10009,sports,sports,30.53626823425293,7.261961936950684
N37029,weather,weather,-43.62177276611328,0.27450284361839294
N943,sports,sports,-43.62177276611328,0.27450284361839294
N64743,news,news,-43.62177276611328,0.27450284361839294
N21050,news,news,-43.62177276611328,0.27450284361839294
N2707,news,news,-43.62177276611328,0.27450284361839294
N31689,sports,sports,-43.62177276611328,0.27450284361839294
N28783,sports,sports,2.116356611251831,0.013389530591666698
N59311,health,health,2.116356611251831,0.013389530591666698
N22887,finance,finance,2.116356611251831,0.013389530591666698
N6186,sports,sports,2.116356611251831,0.013389530591666698
N50047,entertainment,other,2.116356611251831,0.013389530591666698
N53412,news,news,2.116356611251831,0.013389530591666698
N52916,news,news,-43.62177276611328,0.27450284361839294
N36677,sports,sports,-43.62177276611328,0.27450284361839294
N49323,lifestyle,lifestyle,-43.62177276611328,0.27450284361839294
N7885,sports,sports,-43.62177276611328,0.27450284361839294
N3994,sports,sports,-43.62177276611328,0.27450284361839294
N1800,weather,weather,-43.62177276611328,0.27450284361839294
N51042,sports,sports,2.116356611251831,0.013389530591666698
N8459,sports,sports,2.116356611251831,0.013389530591666698
N35267,news,news,2.116356611251831,0.013389530591666698
N15637,health,health,2.116356611251831,0.013389530591666698
N37551,lifestyle,lifestyle,2.116356611251831,0.013389530591666698
N48621,finance,finance,2.116356611251831,0.013389530591666698
N40763,sports,sports,-43.62177276611328,0.27450284361839294
N59304,news,news,-43.62177276611328,0.27450284361839294
N37226,news,news,-43.62177276611328,0.27450284361839294
N10520,news,news,30.883678436279297,4.257201194763184
N6654,music,other,-43.62177276611328,0.27450284361839294
N52818,sports,sports,-43.62177276611328,0.27450284361839294
N11307,video,video,30.994525909423828,4.668862342834473
N1304,sports,sports,2.116356611251831,0.013389530591666698
N48543,music,other,2.116356611251831,0.013389530591666698
N53369,news,news,2.116356611251831,0.013389530591666698
N11139,news,news,29.141542434692383,6.540066242218018
N15558,news,news,2.116356611251831,0.013389530591666698
N20828,sports,sports,-43.62177276611328,0.27450284361839294
N4685,autos,autos,-43.62177276611328,0.27450284361839294
N34803,sports,sports,-43.62177276611328,0.27450284361839294
N18453,news,news,-43.62177276611328,0.27450284361839294
N63454,sports,sports,-43.62177276611328,0.27450284361839294
N26165,sports,sports,-43.62177276611328,0.27450284361839294
N45133,sports,sports,2.116356611251831,0.013389530591666698
N62635,news,news,2.116356611251831,0.013389530591666698
N8253,sports,sports,2.116356611251831,0.013389530591666698
N16315,news,news,2.116356611251831,0.013389530591666698
N37807,weather,weather,2.116356611251831,0.013389530591666698
N54646,sports,sports,2.116356611251831,0.013389530591666698
N16213,lifestyle,lifestyle,29.266971588134766,-8.20166015625
N48979,news,news,29.266971588134766,-8.20166015625
N47143,news,news,-43.62177276611328,0.27450284361839294
N51596,foodanddrink,foodanddrink,-43.62177276611328,0.27450284361839294
N11243,weather,weather,30.508115768432617,7.455894947052002
N22660,sports,sports,-43.62177276611328,0.27450284361839294
N7590,news,news,-43.62177276611328,0.27450284361839294
N6869,tv,other,-43.62177276611328,0.27450284361839294
N39715,sports,sports,2.116356611251831,0.013389530591666698
N31593,video,video,2.116356611251831,0.013389530591666698
N43110,weather,weather,2.116356611251831,0.013389530591666698
N47791,autos,autos,2.116356611251831,0.013389530591666698
N23770,finance,finance,2.116356611251831,0.013389530591666698
N58962,sports,sports,2.116356611251831,0.013389530591666698
N18084,weather,weather,-43.62177276611328,0.27450284361839294
N59765,news,news,-43.62177276611328,0.27450284361839294
N39973,sports,sports,-43.62177276611328,0.27450284361839294
N20158,news,news,-43.62177276611328,0.27450284361839294
N14762,sports,sports,-43.62177276611328,0.27450284361839294
N54526,foodanddrink,foodanddrink,-43.62177276611328,0.27450284361839294
N36353,weather,weather,2.116356611251831,0.013389530591666698
N3626,entertainment,other,2.116356611251831,0.013389530591666698
N14867,news,news,2.116356611251831,0.013389530591666698
N60892,sports,sports,2.116356611251831,0.013389530591666698
N25512,sports,sports,2.116356611251831,0.013389530591666698
N46280,news,news,2.116356611251831,0.013389530591666698
N53290,sports,sports,-43.62177276611328,0.27450284361839294
N49608,sports,sports,-43.62177276611328,0.27450284361839294
N2091,sports,sports,-43.62177276611328,0.27450284361839294
N63201,sports,sports,-43.62177276611328,0.27450284361839294
N49390,sports,sports,-43.62177276611328,0.27450284361839294
N18402,sports,sports,-43.62177276611328,0.27450284361839294
N51753,health,health,2.116356611251831,0.013389530591666698
N23860,news,news,2.116356611251831,0.013389530591666698
N21044,music,other,2.116356611251831,0.013389530591666698
N41225,tv,other,2.116356611251831,0.013389530591666698
N64300,travel,travel,2.116356611251831,0.013389530591666698
N9938,sports,sports,2.116356611251831,0.013389530591666698
N36476,news,news,-43.62177276611328,0.27450284361839294
N37009,lifestyle,lifestyle,-43.62177276611328,0.27450284361839294
N53083,sports,sports,-43.62177276611328,0.27450284361839294
N61266,sports,sports,-43.62177276611328,0.27450284361839294
N29132,news,news,-43.62177276611328,0.27450284361839294
N52827,sports,sports,-43.62177276611328,0.27450284361839294
N35266,news,news,2.116356611251831,0.013389530591666698
N60791,news,news,2.116356611251831,0.013389530591666698
N24912,sports,sports,2.116356611251831,0.013389530591666698
N14034,sports,sports,2.116356611251831,0.013389530591666698
N35805,video,video,2.116356611251831,0.013389530591666698
N1906,news,news,2.116356611251831,0.013389530591666698
N21389,news,news,-43.62177276611328,0.27450284361839294
N36010,lifestyle,lifestyle,-43.62177276611328,0.27450284361839294
N50857,news,news,-43.62177276611328,0.27450284361839294
N24658,sports,sports,-43.62177276611328,0.27450284361839294
N42802,sports,sports,-43.62177276611328,0.27450284361839294
N34294,sports,sports,-43.62177276611328,0.27450284361839294
N24731,sports,sports,2.116356611251831,0.013389530591666698
N49551,finance,finance,2.116356611251831,0.013389530591666698
N56201,sports,sports,2.116356611251831,0.013389530591666698
N62705,news,news,2.116356611251831,0.013389530591666698
N59183,news,news,2.116356611251831,0.013389530591666698
N19652,news,news,2.116356611251831,0.013389530591666698
N34321,news,news,29.266971588134766,-8.20166015625
N22266,news,news,29.266971588134766,-8.20166015625
N27206,weather,weather,29.266971588134766,-8.20166015625
N56648,sports,sports,-43.62177276611328,0.27450284361839294
N6899,music,other,-43.62177276611328,0.27450284361839294
N62224,news,news,-43.62177276611328,0.27450284361839294
N2807,weather,weather,-43.62177276611328,0.27450284361839294
N7648,sports,sports,-43.62177276611328,0.27450284361839294
N42362,foodanddrink,foodanddrink,-43.62177276611328,0.27450284361839294
N48199,music,other,2.116356611251831,0.013389530591666698
N57568,video,video,2.116356611251831,0.013389530591666698
N14000,finance,finance,2.116356611251831,0.013389530591666698
N19432,entertainment,other,2.116356611251831,0.013389530591666698
N61895,movies,other,2.116356611251831,0.013389530591666698
N26946,sports,sports,2.116356611251831,0.013389530591666698
N33402,sports,sports,-43.62177276611328,0.27450284361839294
N35558,news,news,-43.62177276611328,0.27450284361839294
N29178,finance,finance,-43.62177276611328,0.27450284361839294
N24361,news,news,-43.62177276611328,0.27450284361839294
N19330,sports,sports,-43.62177276611328,0.27450284361839294
N64515,health,health,-43.62177276611328,0.27450284361839294
N29625,sports,sports,2.116356611251831,0.013389530591666698
N49023,video,video,2.116356611251831,0.013389530591666698
N36217,news,news,2.116356611251831,0.013389530591666698
N13140,foodanddrink,foodanddrink,2.116356611251831,0.013389530591666698
N3526,sports,sports,2.116356611251831,0.013389530591666698
N10099,news,news,28.179073333740234,5.985254287719727
N10217,sports,sports,29.736295700073242,3.859306573867798
N4773,news,news,-43.62177276611328,0.27450284361839294
N30462,news,news,-43.62177276611328,0.27450284361839294
N44902,sports,sports,-43.62177276611328,0.27450284361839294
N9840,sports,sports,-43.62177276611328,0.27450284361839294
N35444,sports,sports,-43.62177276611328,0.27450284361839294
N49476,news,news,2.116356611251831,0.013389530591666698
N63780,weather,weather,2.116356611251831,0.013389530591666698
N4235,sports,sports,2.116356611251831,0.013389530591666698
N1402,entertainment,other,2.116356611251831,0.013389530591666698
N38026,sports,sports,2.116356611251831,0.013389530591666698
N25920,news,news,2.116356611251831,0.013389530591666698
N12680,music,other,-43.62177276611328,0.27450284361839294
N42230,sports,sports,-43.62177276611328,0.27450284361839294
N3511,health,health,-43.62177276611328,0.27450284361839294
N30468,news,news,-43.62177276611328,0.27450284361839294
N58641,lifestyle,lifestyle,-43.62177276611328,0.27450284361839294
N13867,sports,sports,-43.62177276611328,0.27450284361839294
N47539,sports,sports,2.116356611251831,0.013389530591666698
N48516,weather,weather,2.116356611251831,0.013389530591666698
N61946,sports,sports,2.116356611251831,0.013389530591666698
N27232,video,video,2.116356611251831,0.013389530591666698
N54939,sports,sports,2.116356611251831,0.013389530591666698
N22621,news,news,2.116356611251831,0.013389530591666698
N34776,news,news,-43.62177276611328,0.27450284361839294
N30188,lifestyle,lifestyle,-43.62177276611328,0.27450284361839294
N18582,travel,travel,-43.62177276611328,0.27450284361839294
N37495,foodanddrink,foodanddrink,-43.62177276611328,0.27450284361839294
N23369,news,news,-43.62177276611328,0.27450284361839294
N43959,video,video,-43.62177276611328,0.27450284361839294
N64742,finance,finance,2.116356611251831,0.013389530591666698
N17051,foodanddrink,foodanddrink,2.116356611251831,0.013389530591666698
N34582,news,news,2.116356611251831,0.013389530591666698
N63634,news,news,2.116356611251831,0.013389530591666698
N35909,sports,sports,2.116356611251831,0.013389530591666698
N37488,tv,other,2.116356611251831,0.013389530591666698
N58775,finance,finance,29.266971588134766,-8.20166015625
N15203,sports,sports,29.266971588134766,-8.20166015625
N29671,sports,sports,-43.62177276611328,0.27450284361839294
N1968,sports,sports,-43.62177276611328,0.27450284361839294
N38182,tv,other,-43.62177276611328,0.27450284361839294
N12710,sports,sports,-43.62177276611328,0.27450284361839294
N28240,lifestyle,lifestyle,-43.62177276611328,0.27450284361839294
N55717,news,news,-43.62177276611328,0.27450284361839294
N44709,sports,sports,2.116356611251831,0.013389530591666698
N43235,foodanddrink,foodanddrink,2.116356611251831,0.013389530591666698
N35750,news,news,2.116356611251831,0.013389530591666698
N8724,sports,sports,2.116356611251831,0.013389530591666698
N59248,news,news,2.116356611251831,0.013389530591666698
N31975,foodanddrink,foodanddrink,2.116356611251831,0.013389530591666698
N46698,video,video,-43.62177276611328,0.27450284361839294
N30581,video,video,-43.62177276611328,0.27450284361839294
N4093,foodanddrink,foodanddrink,-43.62177276611328,0.27450284361839294
N44686,finance,finance,-43.62177276611328,0.27450284361839294
N14526,sports,sports,-43.62177276611328,0.27450284361839294
N63472,news,news,-43.62177276611328,0.27450284361839294
N22047,news,news,2.116356611251831,0.013389530591666698
N62704,lifestyle,lifestyle,2.116356611251831,0.013389530591666698
N21094,news,news,2.116356611251831,0.013389530591666698
N38259,news,news,2.116356611251831,0.013389530591666698
N20690,news,news,2.116356611251831,0.013389530591666698
N31776,weather,weather,2.116356611251831,0.013389530591666698
N19555,music,other,-43.62177276611328,0.27450284361839294
N31187,sports,sports,-43.62177276611328,0.27450284361839294
N56289,lifestyle,lifestyle,-43.62177276611328,0.27450284361839294
N30180,health,health,-43.62177276611328,0.27450284361839294
N45537,sports,sports,-43.62177276611328,0.27450284361839294
N54580,sports,sports,-43.62177276611328,0.27450284361839294
N18419,sports,sports,2.116356611251831,0.013389530591666698
N59044,news,news,2.116356611251831,0.013389530591666698
N40720,tv,other,2.116356611251831,0.013389530591666698
N47184,news,news,2.116356611251831,0.013389530591666698
N60588,music,other,2.116356611251831,0.013389530591666698
N7999,news,news,2.116356611251831,0.013389530591666698
N62004,finance,finance,-43.62177276611328,0.27450284361839294
N36849,news,news,-43.62177276611328,0.27450284361839294
N45994,news,news,-43.62177276611328,0.27450284361839294
N60999,news,news,-43.62177276611328,0.27450284361839294
N20078,autos,autos,-43.62177276611328,0.27450284361839294
N28055,sports,sports,-43.62177276611328,0.27450284361839294
N49445,video,video,2.116356611251831,0.013389530591666698
N58286,foodanddrink,foodanddrink,2.116356611251831,0.013389530591666698
N60915,video,video,2.116356611251831,0.013389530591666698
N49789,foodanddrink,foodanddrink,2.116356611251831,0.013389530591666698
N8630,news,news,2.116356611251831,0.013389530591666698
N6220,sports,sports,2.116356611251831,0.013389530591666698
N38492,news,news,-43.62177276611328,0.27450284361839294
N9259,health,health,-43.62177276611328,0.27450284361839294
N25019,news,news,-43.62177276611328,0.27450284361839294
N34595,autos,autos,-43.62177276611328,0.27450284361839294
N56331,news,news,-43.62177276611328,0.27450284361839294
N18119,travel,travel,-43.62177276611328,0.27450284361839294
N5446,sports,sports,2.116356611251831,0.013389530591666698
N26778,news,news,2.116356611251831,0.013389530591666698
N42949,sports,sports,2.116356611251831,0.013389530591666698
N45922,sports,sports,2.116356611251831,0.013389530591666698
N17272,entertainment,other,2.116356611251831,0.013389530591666698
N49998,movies,other,2.116356611251831,0.013389530591666698
N1811,sports,sports,29.266971588134766,-8.20166015625
N50261,sports,sports,29.266971588134766,-8.20166015625
N53086,news,news,29.266971588134766,-8.20166015625
N60908,news,news,-43.62177276611328,0.27450284361839294
N8429,weather,weather,-43.62177276611328,0.27450284361839294
N55838,sports,sports,-43.62177276611328,0.27450284361839294
N12184,sports,sports,29.855253219604492,4.309697151184082
N17849,sports,sports,-43.62177276611328,0.27450284361839294
N4263,news,news,-43.62177276611328,0.27450284361839294
N4472,travel,travel,2.116356611251831,0.013389530591666698
N64950,weather,weather,2.116356611251831,0.013389530591666698
N3812,sports,sports,2.116356611251831,0.013389530591666698
N26574,weather,weather,2.116356611251831,0.013389530591666698
N377,news,news,2.116356611251831,0.013389530591666698
N51832,finance,finance,2.116356611251831,0.013389530591666698
N24154,sports,sports,-43.62177276611328,0.27450284361839294
N30010,sports,sports,-43.62177276611328,0.27450284361839294
N12176,weather,weather,31.83116340637207,3.539923667907715
N47893,news,news,-43.62177276611328,0.27450284361839294
N38590,autos,autos,-43.62177276611328,0.27450284361839294
N32254,sports,sports,-43.62177276611328,0.27450284361839294
N46985,finance,finance,2.116356611251831,0.013389530591666698
N48661,health,health,2.116356611251831,0.013389530591666698
N32631,news,news,2.116356611251831,0.013389530591666698
N62467,video,video,2.116356611251831,0.013389530591666698
N56262,sports,sports,2.116356611251831,0.013389530591666698
N32678,sports,sports,2.116356611251831,0.013389530591666698
N48253,finance,finance,-43.62177276611328,0.27450284361839294
N18466,news,news,-43.62177276611328,0.27450284361839294
N27636,autos,autos,-43.62177276611328,0.27450284361839294
N59744,news,news,-43.62177276611328,0.27450284361839294
N6870,sports,sports,-43.62177276611328,0.27450284361839294
N33386,news,news,-43.62177276611328,0.27450284361839294
N10494,news,news,30.220867156982422,3.966423749923706
N33164,sports,sports,2.116356611251831,0.013389530591666698
N29257,foodanddrink,foodanddrink,2.116356611251831,0.013389530591666698
N54518,weather,weather,2.116356611251831,0.013389530591666698
N31756,news,news,2.116356611251831,0.013389530591666698
N47227,video,video,2.116356611251831,0.013389530591666698
N46912,sports,sports,-43.62177276611328,0.27450284361839294
N60927,weather,weather,-43.62177276611328,0.27450284361839294
N6065,video,video,-43.62177276611328,0.27450284361839294
N46514,sports,sports,-43.62177276611328,0.27450284361839294
N34362,news,news,-43.62177276611328,0.27450284361839294
N48637,sports,sports,-43.62177276611328,0.27450284361839294
N47029,news,news,2.116356611251831,0.013389530591666698
N5416,news,news,2.116356611251831,0.013389530591666698
N3688,sports,sports,2.116356611251831,0.013389530591666698
N22950,sports,sports,2.116356611251831,0.013389530591666698
N15985,sports,sports,2.116356611251831,0.013389530591666698
N13106,sports,sports,2.116356611251831,0.013389530591666698
N25386,video,video,-43.62177276611328,0.27450284361839294
N60998,travel,travel,-43.62177276611328,0.27450284361839294
N43125,finance,finance,-43.62177276611328,0.27450284361839294
N2008,news,news,-43.62177276611328,0.27450284361839294
N52813,news,news,-43.62177276611328,0.27450284361839294
N48316,news,news,-43.62177276611328,0.27450284361839294
N53442,sports,sports,2.116356611251831,0.013389530591666698
N25493,foodanddrink,foodanddrink,2.116356611251831,0.013389530591666698
N27146,news,news,2.116356611251831,0.013389530591666698
N19935,finance,finance,2.116356611251831,0.013389530591666698
N45451,news,news,2.116356611251831,0.013389530591666698
N51057,lifestyle,lifestyle,2.116356611251831,0.013389530591666698
N10591,sports,sports,29.468029022216797,3.8329899311065674
N1025,foodanddrink,foodanddrink,30.417455673217773,3.6595458984375
N15147,travel,travel,-43.62177276611328,0.27450284361839294
N25522,music,other,-43.62177276611328,0.27450284361839294
N63003,video,video,-43.62177276611328,0.27450284361839294
N62138,news,news,-43.62177276611328,0.27450284361839294
N44928,tv,other,-43.62177276611328,0.27450284361839294
N16129,sports,sports,-43.62177276611328,0.27450284361839294
N15114,finance,finance,2.116356611251831,0.013389530591666698
N7350,sports,sports,2.116356611251831,0.013389530591666698
N64011,news,news,2.116356611251831,0.013389530591666698
N15809,weather,weather,2.116356611251831,0.013389530591666698
N3670,travel,travel,2.116356611251831,0.013389530591666698
N33657,travel,travel,2.116356611251831,0.013389530591666698
N62264,news,news,-43.62177276611328,0.27450284361839294
N9805,lifestyle,lifestyle,-43.62177276611328,0.27450284361839294
N57113,news,news,-43.62177276611328,0.27450284361839294
N795,news,news,-43.62177276611328,0.27450284361839294
N23397,sports,sports,-43.62177276611328,0.27450284361839294
N38354,travel,travel,-43.62177276611328,0.27450284361839294
N58498,entertainment,other,2.116356611251831,0.013389530591666698
N57505,sports,sports,2.116356611251831,0.013389530591666698
N1894,sports,sports,2.116356611251831,0.013389530591666698
N64377,finance,finance,2.116356611251831,0.013389530591666698
N62449,news,news,2.116356611251831,0.013389530591666698
N59695,entertainment,other,2.116356611251831,0.013389530591666698
N57749,news,news,-43.62177276611328,0.27450284361839294
N41296,autos,autos,-43.62177276611328,0.27450284361839294
N21265,foodanddrink,foodanddrink,-43.62177276611328,0.27450284361839294
N20633,news,news,-43.62177276611328,0.27450284361839294
N25085,sports,sports,-43.62177276611328,0.27450284361839294
N49146,news,news,-43.62177276611328,0.27450284361839294
N9223,sports,sports,2.116356611251831,0.013389530591666698
N10312,lifestyle,lifestyle,30.450119018554688,7.435853958129883
N64476,sports,sports,2.116356611251831,0.013389530591666698
N2963,news,news,2.116356611251831,0.013389530591666698
N51648,news,news,2.116356611251831,0.013389530591666698
N33143,news,news,2.116356611251831,0.013389530591666698
N30209,news,news,-43.62177276611328,0.27450284361839294
N53767,video,video,-43.62177276611328,0.27450284361839294
N7386,news,news,-43.62177276611328,0.27450284361839294
N14579,news,news,-43.62177276611328,0.27450284361839294
N44255,sports,sports,-43.62177276611328,0.27450284361839294
N59894,news,news,-43.62177276611328,0.27450284361839294
N52771,sports,sports,2.116356611251831,0.013389530591666698
N57192,tv,other,2.116356611251831,0.013389530591666698
N26881,foodanddrink,foodanddrink,2.116356611251831,0.013389530591666698
N44610,health,health,2.116356611251831,0.013389530591666698
N20766,entertainment,other,2.116356611251831,0.013389530591666698
N55879,sports,sports,2.116356611251831,0.013389530591666698
N9568,news,news,-43.62177276611328,0.27450284361839294
N60591,autos,autos,-43.62177276611328,0.27450284361839294
N19454,news,news,-43.62177276611328,0.27450284361839294
N6001,health,health,-43.62177276611328,0.27450284361839294
N20917,news,news,-43.62177276611328,0.27450284361839294
N22668,news,news,-43.62177276611328,0.27450284361839294
N20914,video,video,2.116356611251831,0.013389530591666698
N52044,news,news,2.116356611251831,0.013389530591666698
N50237,news,news,2.116356611251831,0.013389530591666698
N29958,news,news,2.116356611251831,0.013389530591666698
N47077,autos,autos,2.116356611251831,0.013389530591666698
N37148,news,news,2.116356611251831,0.013389530591666698
N37000,news,news,29.266971588134766,-8.20166015625
N38039,lifestyle,lifestyle,29.266971588134766,-8.20166015625
N18886,sports,sports,29.266971588134766,-8.20166015625
N45135,news,news,-43.62177276611328,0.27450284361839294
N54504,finance,finance,-43.62177276611328,0.27450284361839294
N52040,tv,other,-43.62177276611328,0.27450284361839294
N61473,sports,sports,-43.62177276611328,0.27450284361839294
N51893,travel,travel,-43.62177276611328,0.27450284361839294
N53820,news,news,-43.62177276611328,0.27450284361839294
N60614,sports,sports,2.116356611251831,0.013389530591666698
N45712,news,news,2.116356611251831,0.013389530591666698
N11276,finance,finance,33.50553512573242,2.6594290733337402
N45558,sports,sports,2.116356611251831,0.013389530591666698
N9431,news,news,2.116356611251831,0.013389530591666698
N9328,sports,sports,2.116356611251831,0.013389530591666698
N15497,movies,other,-43.62177276611328,0.27450284361839294
N21777,tv,other,-43.62177276611328,0.27450284361839294
N61005,sports,sports,-43.62177276611328,0.27450284361839294
N60545,news,news,-43.62177276611328,0.27450284361839294
N36395,news,news,-43.62177276611328,0.27450284361839294
N19271,sports,sports,-43.62177276611328,0.27450284361839294
N7780,news,news,2.116356611251831,0.013389530591666698
N57326,foodanddrink,foodanddrink,2.116356611251831,0.013389530591666698
N52918,sports,sports,2.116356611251831,0.013389530591666698
N60815,news,news,2.116356611251831,0.013389530591666698
N3611,sports,sports,2.116356611251831,0.013389530591666698
N60662,travel,travel,2.116356611251831,0.013389530591666698
N59400,sports,sports,-43.62177276611328,0.27450284361839294
N41693,sports,sports,-43.62177276611328,0.27450284361839294
N62036,sports,sports,-43.62177276611328,0.27450284361839294
N27046,video,video,-43.62177276611328,0.27450284361839294
N35441,news,news,-43.62177276611328,0.27450284361839294
N38559,travel,travel,-43.62177276611328,0.27450284361839294
N8692,weather,weather,2.116356611251831,0.013389530591666698
N36185,finance,finance,2.116356611251831,0.013389530591666698
N38233,sports,sports,2.116356611251831,0.013389530591666698
N9114,news,news,2.116356611251831,0.013389530591666698
N370,lifestyle,lifestyle,2.116356611251831,0.013389530591666698
N24378,health,health,2.116356611251831,0.013389530591666698
N48512,video,video,-43.62177276611328,0.27450284361839294
N13949,movies,other,-43.62177276611328,0.27450284361839294
N38950,foodanddrink,foodanddrink,-43.62177276611328,0.27450284361839294
N28165,news,news,-43.62177276611328,0.27450284361839294
N62342,video,video,-43.62177276611328,0.27450284361839294
N26421,sports,sports,-43.62177276611328,0.27450284361839294
N5469,sports,sports,2.116356611251831,0.013389530591666698
N46709,lifestyle,lifestyle,2.116356611251831,0.013389530591666698
N29032,news,news,2.116356611251831,0.013389530591666698
N3913,news,news,2.116356611251831,0.013389530591666698
N62053,sports,sports,2.116356611251831,0.013389530591666698
N22835,sports,sports,2.116356611251831,0.013389530591666698
N17989,news,news,-43.62177276611328,0.27450284361839294
N50515,music,other,-43.62177276611328,0.27450284361839294
N12311,sports,sports,31.200374603271484,4.528295993804932
N42715,news,news,-43.62177276611328,0.27450284361839294
N57360,lifestyle,lifestyle,-43.62177276611328,0.27450284361839294
N7339,sports,sports,-43.62177276611328,0.27450284361839294
N27407,sports,sports,2.116356611251831,0.013389530591666698
N58224,news,news,2.116356611251831,0.013389530591666698
N39481,news,news,2.116356611251831,0.013389530591666698
N53556,sports,sports,2.116356611251831,0.013389530591666698
N1545,sports,sports,2.116356611251831,0.013389530591666698
N819,lifestyle,lifestyle,2.116356611251831,0.013389530591666698
N8900,news,news,29.266971588134766,-8.20166015625
N20434,news,news,29.266971588134766,-8.20166015625
N24730,news,news,-43.62177276611328,0.27450284361839294
N13307,sports,sports,-43.62177276611328,0.27450284361839294
N30361,news,news,-43.62177276611328,0.27450284361839294
N20031,news,news,-43.62177276611328,0.27450284361839294
N23968,foodanddrink,foodanddrink,-43.62177276611328,0.27450284361839294
N28462,news,news,-43.62177276611328,0.27450284361839294
N49867,news,news,2.116356611251831,0.013389530591666698
N5129,sports,sports,2.116356611251831,0.013389530591666698
N29530,news,news,2.116356611251831,0.013389530591666698
N5729,health,health,2.116356611251831,0.013389530591666698
N885,lifestyle,lifestyle,2.116356611251831,0.013389530591666698
N7527,news,news,2.116356611251831,0.013389530591666698
N7778,sports,sports,-43.62177276611328,0.27450284361839294
N49502,news,news,-43.62177276611328,0.27450284361839294
N7077,sports,sports,-43.62177276611328,0.27450284361839294
N43490,sports,sports,-43.62177276611328,0.27450284361839294
N35772,news,news,-43.62177276611328,0.27450284361839294
N45615,autos,autos,-43.62177276611328,0.27450284361839294
N18112,news,news,2.116356611251831,0.013389530591666698
N52382,entertainment,other,2.116356611251831,0.013389530591666698
N51086,news,news,2.116356611251831,0.013389530591666698
N44240,weather,weather,2.116356611251831,0.013389530591666698
N10243,finance,finance,33.95329666137695,4.503907680511475
N61649,sports,sports,2.116356611251831,0.013389530591666698
N51967,news,news,-43.62177276611328,0.27450284361839294
N32941,autos,autos,-43.62177276611328,0.27450284361839294
N48831,health,health,-43.62177276611328,0.27450284361839294
N60616,sports,sports,-43.62177276611328,0.27450284361839294
N58933,news,news,-43.62177276611328,0.27450284361839294
N49267,news,news,-43.62177276611328,0.27450284361839294
N51213,lifestyle,lifestyle,2.116356611251831,0.013389530591666698
N58228,lifestyle,lifestyle,2.116356611251831,0.013389530591666698
N13689,movies,other,2.116356611251831,0.013389530591666698
N11838,news,news,29.44588279724121,3.5189526081085205
N3674,foodanddrink,foodanddrink,2.116356611251831,0.013389530591666698
N9012,news,news,2.116356611251831,0.013389530591666698
N41990,sports,sports,-43.62177276611328,0.27450284361839294
N15580,news,news,-43.62177276611328,0.27450284361839294
N10735,sports,sports,34.650489807128906,3.52693247795105
N17612,news,news,-43.62177276611328,0.27450284361839294
N20780,travel,travel,-43.62177276611328,0.27450284361839294
N37558,weather,weather,-43.62177276611328,0.27450284361839294
N5310,health,health,2.116356611251831,0.013389530591666698
N29975,news,news,2.116356611251831,0.013389530591666698
N63672,sports,sports,2.116356611251831,0.013389530591666698
N37663,news,news,2.116356611251831,0.013389530591666698
N1499,sports,sports,2.116356611251831,0.013389530591666698
N62353,news,news,2.116356611251831,0.013389530591666698
N62843,news,news,-43.62177276611328,0.27450284361839294
N62320,sports,sports,-43.62177276611328,0.27450284361839294
N26376,finance,finance,-43.62177276611328,0.27450284361839294
N21364,news,news,-43.62177276611328,0.27450284361839294
N30387,news,news,-43.62177276611328,0.27450284361839294
N35022,lifestyle,lifestyle,-43.62177276611328,0.27450284361839294
N11605,finance,finance,29.149477005004883,6.455517292022705
N51650,finance,finance,2.116356611251831,0.013389530591666698
N19067,news,news,2.116356611251831,0.013389530591666698
N49413,weather,weather,2.116356611251831,0.013389530591666698
N44360,video,video,2.116356611251831,0.013389530591666698
N59511,travel,travel,2.116356611251831,0.013389530591666698
N35127,sports,sports,29.266971588134766,-8.20166015625
N46523,sports,sports,29.266971588134766,-8.20166015625
N57307,news,news,29.266971588134766,-8.20166015625
N21018,news,news,-43.62177276611328,0.27450284361839294
N64030,news,news,-43.62177276611328,0.27450284361839294
N13670,finance,finance,-43.62177276611328,0.27450284361839294
N17079,sports,sports,-43.62177276611328,0.27450284361839294
N50617,sports,sports,-43.62177276611328,0.27450284361839294
N54576,sports,sports,-43.62177276611328,0.27450284361839294
N14983,sports,sports,2.116356611251831,0.013389530591666698
N1442,news,news,2.116356611251831,0.013389530591666698
N35636,foodanddrink,foodanddrink,2.116356611251831,0.013389530591666698
N34925,health,health,2.116356611251831,0.013389530591666698
N50023,health,health,2.116356611251831,0.013389530591666698
N31617,foodanddrink,foodanddrink,2.116356611251831,0.013389530591666698
N18931,foodanddrink,foodanddrink,-43.62177276611328,0.27450284361839294
N12898,foodanddrink,foodanddrink,-43.62177276611328,0.27450284361839294
N57754,health,health,-43.62177276611328,0.27450284361839294
N61704,lifestyle,lifestyle,-43.62177276611328,0.27450284361839294
N52154,lifestyle,lifestyle,-43.62177276611328,0.27450284361839294
N45655,health,health,-43.62177276611328,0.27450284361839294
N2041,lifestyle,lifestyle,2.116356611251831,0.013389530591666698
N17953,health,health,2.116356611251831,0.013389530591666698
N42126,entertainment,other,2.116356611251831,0.013389530591666698
N64482,health,health,2.116356611251831,0.013389530591666698
N35118,sports,sports,2.116356611251831,0.013389530591666698
N40530,news,news,2.116356611251831,0.013389530591666698
N36332,news,news,-43.62177276611328,0.27450284361839294
N8008,lifestyle,lifestyle,-43.62177276611328,0.27450284361839294
N28836,travel,travel,-43.62177276611328,0.27450284361839294
N51230,health,health,-43.62177276611328,0.27450284361839294
N18497,foodanddrink,foodanddrink,-43.62177276611328,0.27450284361839294
N10955,health,health,31.230548858642578,4.159918785095215
N15761,entertainment,other,2.116356611251831,0.013389530591666698
N10350,finance,finance,32.971954345703125,5.765128135681152
N53453,lifestyle,lifestyle,2.116356611251831,0.013389530591666698
N50372,entertainment,other,2.116356611251831,0.013389530591666698
N27490,news,news,2.116356611251831,0.013389530591666698
N4719,foodanddrink,foodanddrink,2.116356611251831,0.013389530591666698
N25496,news,news,-43.62177276611328,0.27450284361839294
N64541,health,health,-43.62177276611328,0.27450284361839294
N52497,health,health,-43.62177276611328,0.27450284361839294
N24499,health,health,-43.62177276611328,0.27450284361839294
N21763,news,news,-43.62177276611328,0.27450284361839294
N40822,sports,sports,-43.62177276611328,0.27450284361839294
N20041,news,news,2.116356611251831,0.013389530591666698
N20686,news,news,2.116356611251831,0.013389530591666698
N43330,health,health,2.116356611251831,0.013389530591666698
N14633,weather,weather,2.116356611251831,0.013389530591666698
N10383,sports,sports,28.18722915649414,6.014312744140625
N11052,travel,travel,29.711137771606445,4.065003871917725
N15061,news,news,-43.62177276611328,0.27450284361839294
N50058,news,news,-43.62177276611328,0.27450284361839294
N8580,sports,sports,-43.62177276611328,0.27450284361839294
N62579,news,news,-43.62177276611328,0.27450284361839294
N58530,sports,sports,-43.62177276611328,0.27450284361839294
N23409,sports,sports,-43.62177276611328,0.27450284361839294
N10334,weather,weather,29.388097763061523,3.6211819648742676
N20249,news,news,2.116356611251831,0.013389530591666698
N40766,news,news,2.116356611251831,0.013389530591666698
N9048,news,news,2.116356611251831,0.013389530591666698
N7419,lifestyle,lifestyle,2.116356611251831,0.013389530591666698
N24839,sports,sports,2.116356611251831,0.013389530591666698
N61585,sports,sports,29.266971588134766,-8.20166015625
N10484,weather,weather,30.566247940063477,4.9729204177856445
N62754,sports,sports,-43.62177276611328,0.27450284361839294
N5112,news,news,-43.62177276611328,0.27450284361839294
N1782,news,news,-43.62177276611328,0.27450284361839294
N4819,news,news,-43.62177276611328,0.27450284361839294
N32376,news,news,-43.62177276611328,0.27450284361839294
N32804,sports,sports,-43.62177276611328,0.27450284361839294
N13905,news,news,2.116356611251831,0.013389530591666698
N38594,weather,weather,2.116356611251831,0.013389530591666698
N19914,autos,autos,2.116356611251831,0.013389530591666698
N23828,travel,travel,2.116356611251831,0.013389530591666698
N55488,finance,finance,2.116356611251831,0.013389530591666698
N3373,foodanddrink,foodanddrink,2.116356611251831,0.013389530591666698
N55515,movies,other,-43.62177276611328,0.27450284361839294
N24783,sports,sports,-43.62177276611328,0.27450284361839294
N9203,news,news,-43.62177276611328,0.27450284361839294
N29643,sports,sports,-43.62177276611328,0.27450284361839294
N3216,weather,weather,-43.62177276611328,0.27450284361839294
N50603,sports,sports,-43.62177276611328,0.27450284361839294
N37005,news,news,2.116356611251831,0.013389530591666698
N20812,weather,weather,2.116356611251831,0.013389530591666698
N43262,foodanddrink,foodanddrink,2.116356611251831,0.013389530591666698
N19566,news,news,2.116356611251831,0.013389530591666698
N56090,travel,travel,2.116356611251831,0.013389530591666698
N21874,video,video,2.116356611251831,0.013389530591666698
N42692,sports,sports,-43.62177276611328,0.27450284361839294
N59797,news,news,-43.62177276611328,0.27450284361839294
N61846,news,news,-43.62177276611328,0.27450284361839294
N35594,tv,other,-43.62177276611328,0.27450284361839294
N52186,travel,travel,-43.62177276611328,0.27450284361839294
N37806,news,news,-43.62177276611328,0.27450284361839294
N35671,tv,other,2.116356611251831,0.013389530591666698
N11658,sports,sports,31.92030143737793,3.7525246143341064
N3307,news,news,2.116356611251831,0.013389530591666698
N34900,weather,weather,2.116356611251831,0.013389530591666698
N22765,sports,sports,2.116356611251831,0.013389530591666698
N2522,news,news,2.116356611251831,0.013389530591666698
N29312,news,news,-43.62177276611328,0.27450284361839294
N52836,travel,travel,-43.62177276611328,0.27450284361839294
N9342,sports,sports,-43.62177276611328,0.27450284361839294
N3551,news,news,-43.62177276611328,0.27450284361839294
N50113,news,news,-43.62177276611328,0.27450284361839294
N11940,lifestyle,lifestyle,29.14799690246582,6.503440856933594
N57998,sports,sports,2.116356611251831,0.013389530591666698
N48623,news,news,2.116356611251831,0.013389530591666698
N25403,video,video,2.116356611251831,0.013389530591666698
N54239,finance,finance,2.116356611251831,0.013389530591666698
N44285,finance,finance,2.116356611251831,0.013389530591666698
N46487,lifestyle,lifestyle,2.116356611251831,0.013389530591666698
N47614,finance,finance,-43.62177276611328,0.27450284361839294
N24272,movies,other,-43.62177276611328,0.27450284361839294
N33488,sports,sports,-43.62177276611328,0.27450284361839294
N38304,weather,weather,-43.62177276611328,0.27450284361839294
N10769,news,news,30.85106086730957,4.730040550231934
N37888,news,news,-43.62177276611328,0.27450284361839294
N13320,sports,sports,2.116356611251831,0.013389530591666698
N58143,sports,sports,2.116356611251831,0.013389530591666698
N43976,travel,travel,2.116356611251831,0.013389530591666698
N42082,sports,sports,2.116356611251831,0.013389530591666698
N39878,sports,sports,2.116356611251831,0.013389530591666698
N20192,news,news,2.116356611251831,0.013389530591666698
N34501,sports,sports,29.946529388427734,-7.504856586456299
N33878,sports,sports,29.59864044189453,-7.389013290405273
N41536,sports,sports,29.59864044189453,-7.389013290405273
N53875,news,news,-43.62177276611328,0.27450284361839294
N47612,news,news,-43.62177276611328,0.27450284361839294
N64605,travel,travel,-43.62177276611328,0.27450284361839294
N26918,finance,finance,-43.62177276611328,0.27450284361839294
N28426,sports,sports,-43.62177276611328,0.27450284361839294
N24886,travel,travel,-43.62177276611328,0.27450284361839294
N62775,news,news,2.116356611251831,0.013389530591666698
N46643,news,news,2.116356611251831,0.013389530591666698
N49001,music,other,2.116356611251831,0.013389530591666698
N19520,news,news,2.116356611251831,0.013389530591666698
N7065,video,video,2.116356611251831,0.013389530591666698
N63912,foodanddrink,foodanddrink,2.116356611251831,0.013389530591666698
N59862,sports,sports,-43.62177276611328,0.27450284361839294
N26209,news,news,-43.62177276611328,0.27450284361839294
N55485,news,news,-43.62177276611328,0.27450284361839294
N4519,news,news,-43.62177276611328,0.27450284361839294
N36413,news,news,-43.62177276611328,0.27450284361839294
N17160,sports,sports,-43.62177276611328,0.27450284361839294
N48797,sports,sports,2.116356611251831,0.013389530591666698
N52149,autos,autos,2.116356611251831,0.013389530591666698
N9623,news,news,2.116356611251831,0.013389530591666698
N19467,lifestyle,lifestyle,2.116356611251831,0.013389530591666698
N32225,sports,sports,2.116356611251831,0.013389530591666698
N7938,entertainment,other,2.116356611251831,0.013389530591666698
N33883,finance,finance,-43.62177276611328,0.27450284361839294
N35556,video,video,-43.62177276611328,0.27450284361839294
N19258,health,health,-43.62177276611328,0.27450284361839294
N8861,foodanddrink,foodanddrink,-43.62177276611328,0.27450284361839294
N52274,sports,sports,-43.62177276611328,0.27450284361839294
N24910,news,news,-43.62177276611328,0.27450284361839294
N14227,news,news,2.116356611251831,0.013389530591666698
N3316,travel,travel,2.116356611251831,0.013389530591666698
N38999,sports,sports,2.116356611251831,0.013389530591666698
N56910,sports,sports,2.116356611251831,0.013389530591666698
N31798,finance,finance,2.116356611251831,0.013389530591666698
N49917,news,news,2.116356611251831,0.013389530591666698
N21953,sports,sports,-43.62177276611328,0.27450284361839294
N63737,video,video,-43.62177276611328,0.27450284361839294
N23792,foodanddrink,foodanddrink,-43.62177276611328,0.27450284361839294
N41541,news,news,-43.62177276611328,0.27450284361839294
N54085,sports,sports,-43.62177276611328,0.27450284361839294
N55729,news,news,-43.62177276611328,0.27450284361839294
N51195,foodanddrink,foodanddrink,2.116356611251831,0.013389530591666698
N63543,news,news,2.116356611251831,0.013389530591666698
N32964,news,news,2.116356611251831,0.013389530591666698
N49875,sports,sports,2.116356611251831,0.013389530591666698
N64898,news,news,2.116356611251831,0.013389530591666698
N43383,news,news,2.116356611251831,0.013389530591666698
N62852,news,news,-43.62177276611328,0.27450284361839294
N47132,news,news,-43.62177276611328,0.27450284361839294
N25165,news,news,-43.62177276611328,0.27450284361839294
N33594,foodanddrink,foodanddrink,-43.62177276611328,0.27450284361839294
N11799,sports,sports,29.58444595336914,7.4273176193237305
N15436,autos,autos,-43.62177276611328,0.27450284361839294
N19091,tv,other,2.116356611251831,0.013389530591666698
N31359,news,news,2.116356611251831,0.013389530591666698
N36052,sports,sports,2.116356611251831,0.013389530591666698
N3355,sports,sports,2.116356611251831,0.013389530591666698
N64641,travel,travel,2.116356611251831,0.013389530591666698
N6926,foodanddrink,foodanddrink,2.116356611251831,0.013389530591666698
N33939,sports,sports,29.266971588134766,-8.20166015625
N15346,sports,sports,29.266971588134766,-8.20166015625
N54813,sports,sports,-43.62177276611328,0.27450284361839294
N35058,news,news,-43.62177276611328,0.27450284361839294
N55055,news,news,-43.62177276611328,0.27450284361839294
N21427,news,news,-43.62177276611328,0.27450284361839294
N58683,finance,finance,-43.62177276611328,0.27450284361839294
N37941,foodanddrink,foodanddrink,-43.62177276611328,0.27450284361839294
N41852,weather,weather,2.116356611251831,0.013389530591666698
N9865,sports,sports,2.116356611251831,0.013389530591666698
N56381,foodanddrink,foodanddrink,2.116356611251831,0.013389530591666698
N20240,finance,finance,2.116356611251831,0.013389530591666698
N31997,news,news,2.116356611251831,0.013389530591666698
N40482,sports,sports,2.116356611251831,0.013389530591666698
N59427,news,news,-43.62177276611328,0.27450284361839294
N22595,lifestyle,lifestyle,-43.62177276611328,0.27450284361839294
N54920,news,news,-43.62177276611328,0.27450284361839294
N60493,autos,autos,-43.62177276611328,0.27450284361839294
N38725,news,news,-43.62177276611328,0.27450284361839294
N56020,news,news,-43.62177276611328,0.27450284361839294
N5652,lifestyle,lifestyle,2.116356611251831,0.013389530591666698
N39379,sports,sports,2.116356611251831,0.013389530591666698
N41497,news,news,2.116356611251831,0.013389530591666698
N42423,sports,sports,2.116356611251831,0.013389530591666698
N35548,sports,sports,2.116356611251831,0.013389530591666698
N21152,travel,travel,2.116356611251831,0.013389530591666698
N39625,sports,sports,-43.62177276611328,0.27450284361839294
N9168,news,news,-43.62177276611328,0.27450284361839294
N8913,news,news,-43.62177276611328,0.27450284361839294
N61836,news,news,-43.62177276611328,0.27450284361839294
N12362,lifestyle,lifestyle,30.425800323486328,7.429986476898193
N6651,sports,sports,-43.62177276611328,0.27450284361839294
N12340,travel,travel,31.62453842163086,3.294766664505005
N2141,sports,sports,2.116356611251831,0.013389530591666698
N43214,lifestyle,lifestyle,2.116356611251831,0.013389530591666698
N15277,autos,autos,2.116356611251831,0.013389530591666698
N20130,news,news,2.116356611251831,0.013389530591666698
N57104,news,news,2.116356611251831,0.013389530591666698
N27515,news,news,-43.62177276611328,0.27450284361839294
N30542,news,news,-43.62177276611328,0.27450284361839294
N34799,video,video,-43.62177276611328,0.27450284361839294
N30243,sports,sports,-43.62177276611328,0.27450284361839294
N29922,foodanddrink,foodanddrink,-43.62177276611328,0.27450284361839294
N48841,news,news,-43.62177276611328,0.27450284361839294
N11780,news,news,30.33698272705078,5.247876167297363
N40185,news,news,2.116356611251831,0.013389530591666698
N30560,health,health,2.116356611251831,0.013389530591666698
N48911,sports,sports,2.116356611251831,0.013389530591666698
N59215,travel,travel,2.116356611251831,0.013389530591666698
N25561,news,news,2.116356611251831,0.013389530591666698
N62570,news,news,-43.62177276611328,0.27450284361839294
N42538,travel,travel,-43.62177276611328,0.27450284361839294
N52110,news,news,-43.62177276611328,0.27450284361839294
N20953,news,news,-43.62177276611328,0.27450284361839294
N3282,news,news,-43.62177276611328,0.27450284361839294
N53283,finance,finance,-43.62177276611328,0.27450284361839294
N26555,foodanddrink,foodanddrink,2.116356611251831,0.013389530591666698
N11379,sports,sports,33.033721923828125,5.027868270874023
N36137,sports,sports,2.116356611251831,0.013389530591666698
N125,news,news,2.116356611251831,0.013389530591666698
N9156,news,news,2.116356611251831,0.013389530591666698
N56177,news,news,2.116356611251831,0.013389530591666698
N4476,news,news,30.083702087402344,-7.598072052001953
N34186,travel,travel,29.59864044189453,-7.389013290405273
N44465,sports,sports,29.72119140625,-7.142996788024902
N56964,sports,sports,-43.62177276611328,0.27450284361839294
N22792,weather,weather,-43.62177276611328,0.27450284361839294
N64550,sports,sports,-43.62177276611328,0.27450284361839294
N13930,music,other,-43.62177276611328,0.27450284361839294
N32504,sports,sports,-43.62177276611328,0.27450284361839294
N3726,autos,autos,-43.62177276611328,0.27450284361839294
N18106,tv,other,2.116356611251831,0.013389530591666698
N58837,sports,sports,2.116356611251831,0.013389530591666698
N58183,health,health,2.116356611251831,0.013389530591666698
N23767,lifestyle,lifestyle,2.116356611251831,0.013389530591666698
N24376,finance,finance,2.116356611251831,0.013389530591666698
N39215,finance,finance,2.116356611251831,0.013389530591666698
N5479,sports,sports,-43.62177276611328,0.27450284361839294
N46589,weather,weather,-43.62177276611328,0.27450284361839294
N42307,sports,sports,-43.62177276611328,0.27450284361839294
N21063,news,news,-43.62177276611328,0.27450284361839294
N18425,video,video,-43.62177276611328,0.27450284361839294
N19784,weather,weather,-43.62177276611328,0.27450284361839294
N9961,foodanddrink,foodanddrink,2.116356611251831,0.013389530591666698
N21820,sports,sports,2.116356611251831,0.013389530591666698
N19484,news,news,2.116356611251831,0.013389530591666698
N53515,finance,finance,2.116356611251831,0.013389530591666698
N63810,sports,sports,2.116356611251831,0.013389530591666698
N54317,lifestyle,lifestyle,2.116356611251831,0.013389530591666698
N7433,news,news,-43.62177276611328,0.27450284361839294
N30640,foodanddrink,foodanddrink,-43.62177276611328,0.27450284361839294
N54282,weather,weather,-43.62177276611328,0.27450284361839294
N34583,news,news,-43.62177276611328,0.27450284361839294
N49940,news,news,-43.62177276611328,0.27450284361839294
N15471,news,news,-43.62177276611328,0.27450284361839294
N50900,sports,sports,2.116356611251831,0.013389530591666698
N17513,news,news,2.116356611251831,0.013389530591666698
N24054,sports,sports,2.116356611251831,0.013389530591666698
N21240,sports,sports,2.116356611251831,0.013389530591666698
N32233,sports,sports,2.116356611251831,0.013389530591666698
N37020,sports,sports,2.116356611251831,0.013389530591666698
N1414,music,other,-43.62177276611328,0.27450284361839294
N59749,finance,finance,-43.62177276611328,0.27450284361839294
N21560,weather,weather,-43.62177276611328,0.27450284361839294
N45148,sports,sports,-43.62177276611328,0.27450284361839294
N14713,autos,autos,-43.62177276611328,0.27450284361839294
N44477,news,news,-43.62177276611328,0.27450284361839294
N46486,lifestyle,lifestyle,2.116356611251831,0.013389530591666698
N19856,travel,travel,2.116356611251831,0.013389530591666698
N17450,foodanddrink,foodanddrink,2.116356611251831,0.013389530591666698
N25979,news,news,2.116356611251831,0.013389530591666698
N35771,news,news,2.116356611251831,0.013389530591666698
N13989,health,health,2.116356611251831,0.013389530591666698
N34179,news,news,-43.62177276611328,0.27450284361839294
N34845,sports,sports,-43.62177276611328,0.27450284361839294
N22457,news,news,-43.62177276611328,0.27450284361839294
N47803,finance,finance,-43.62177276611328,0.27450284361839294
N52231,sports,sports,-43.62177276611328,0.27450284361839294
N38770,entertainment,other,-43.62177276611328,0.27450284361839294
N34872,health,health,2.116356611251831,0.013389530591666698
N29369,news,news,2.116356611251831,0.013389530591666698
N44616,news,news,2.116356611251831,0.013389530591666698
N31062,video,video,2.116356611251831,0.013389530591666698
N57772,news,news,2.116356611251831,0.013389530591666698
N30807,sports,sports,2.116356611251831,0.013389530591666698
N38512,finance,finance,29.59864044189453,-7.389013290405273
N15413,sports,sports,29.27474594116211,-7.403307914733887
N31955,travel,travel,-43.62177276611328,0.27450284361839294
N42135,finance,finance,-43.62177276611328,0.27450284361839294
N20727,sports,sports,-43.62177276611328,0.27450284361839294
N39710,lifestyle,lifestyle,-43.62177276611328,0.27450284361839294
N63862,news,news,-43.62177276611328,0.27450284361839294
N62260,travel,travel,-43.62177276611328,0.27450284361839294
N24000,movies,other,2.116356611251831,0.013389530591666698
N20577,weather,weather,2.116356611251831,0.013389530591666698
N4242,sports,sports,2.116356611251831,0.013389530591666698
N24515,weather,weather,2.116356611251831,0.013389530591666698
N10902,lifestyle,lifestyle,31.38028907775879,6.539531707763672
N7367,weather,weather,2.116356611251831,0.013389530591666698
N14158,news,news,-43.62177276611328,0.27450284361839294
N19592,lifestyle,lifestyle,-43.62177276611328,0.27450284361839294
N40698,finance,finance,-43.62177276611328,0.27450284361839294
N24504,video,video,-43.62177276611328,0.27450284361839294
N20018,sports,sports,-43.62177276611328,0.27450284361839294
N8658,sports,sports,-43.62177276611328,0.27450284361839294
N24377,foodanddrink,foodanddrink,2.116356611251831,0.013389530591666698
N54342,sports,sports,2.116356611251831,0.013389530591666698
N49215,news,news,2.116356611251831,0.013389530591666698
N22775,sports,sports,2.116356611251831,0.013389530591666698
N57240,finance,finance,2.116356611251831,0.013389530591666698
N15362,foodanddrink,foodanddrink,2.116356611251831,0.013389530591666698
N51082,video,video,-43.62177276611328,0.27450284361839294
N37735,health,health,-43.62177276611328,0.27450284361839294
N20452,sports,sports,-43.62177276611328,0.27450284361839294
N12071,news,news,29.28290557861328,7.337538242340088
N25558,travel,travel,-43.62177276611328,0.27450284361839294
N34308,sports,sports,-43.62177276611328,0.27450284361839294
N21086,news,news,2.116356611251831,0.013389530591666698
N11145,health,health,31.067279815673828,4.127706050872803
N1123,sports,sports,32.931270599365234,5.796377182006836
N49430,music,other,2.116356611251831,0.013389530591666698
N35759,news,news,2.116356611251831,0.013389530591666698
N6097,sports,sports,2.116356611251831,0.013389530591666698
N36092,news,news,-43.62177276611328,0.27450284361839294
N17920,travel,travel,-43.62177276611328,0.27450284361839294
N6538,sports,sports,-43.62177276611328,0.27450284361839294
N60365,sports,sports,-43.62177276611328,0.27450284361839294
N35020,weather,weather,-43.62177276611328,0.27450284361839294
N26523,sports,sports,-43.62177276611328,0.27450284361839294
N23319,news,news,2.116356611251831,0.013389530591666698
N24739,news,news,2.116356611251831,0.013389530591666698
N2188,sports,sports,2.116356611251831,0.013389530591666698
N22146,movies,other,2.116356611251831,0.013389530591666698
N44534,foodanddrink,foodanddrink,2.116356611251831,0.013389530591666698
N54838,news,news,2.116356611251831,0.013389530591666698
N54062,foodanddrink,foodanddrink,-43.62177276611328,0.27450284361839294
N56994,news,news,-43.62177276611328,0.27450284361839294
N61718,sports,sports,-43.62177276611328,0.27450284361839294
N19943,sports,sports,-43.62177276611328,0.27450284361839294
N42493,travel,travel,-43.62177276611328,0.27450284361839294
N57159,sports,sports,-43.62177276611328,0.27450284361839294
N45548,health,health,2.116356611251831,0.013389530591666698
N2983,news,news,2.116356611251831,0.013389530591666698
N34854,lifestyle,lifestyle,2.116356611251831,0.013389530591666698
N18782,news,news,2.116356611251831,0.013389530591666698
N5454,news,news,2.116356611251831,0.013389530591666698
N10427,news,news,31.60586929321289,5.971351146697998
N369,sports,sports,30.363107681274414,-8.144072532653809
N29737,sports,sports,30.363107681274414,-8.144072532653809
N29768,sports,sports,29.990121841430664,-7.530108451843262
N1583,sports,sports,-43.62177276611328,0.27450284361839294
N38427,news,news,-43.62177276611328,0.27450284361839294
N25461,news,news,-43.62177276611328,0.27450284361839294
N56861,finance,finance,-43.62177276611328,0.27450284361839294
N56255,finance,finance,-43.62177276611328,0.27450284361839294
N33924,sports,sports,-43.62177276611328,0.27450284361839294
N35957,news,news,2.116356611251831,0.013389530591666698
N11541,news,news,30.372150421142578,7.510142803192139
N556,news,news,2.116356611251831,0.013389530591666698
N14383,sports,sports,2.116356611251831,0.013389530591666698
N60248,news,news,2.116356611251831,0.013389530591666698
N40633,finance,finance,2.116356611251831,0.013389530591666698
N62458,weather,weather,-43.62177276611328,0.27450284361839294
N40789,news,news,-43.62177276611328,0.27450284361839294
N3113,sports,sports,-43.62177276611328,0.27450284361839294
N61427,foodanddrink,foodanddrink,-43.62177276611328,0.27450284361839294
N4328,news,news,-43.62177276611328,0.27450284361839294
N35786,sports,sports,-43.62177276611328,0.27450284361839294
N6593,news,news,2.116356611251831,0.013389530591666698
N33965,weather,weather,2.116356611251831,0.013389530591666698
N4943,sports,sports,2.116356611251831,0.013389530591666698
N51999,sports,sports,2.116356611251831,0.013389530591666698
N5556,news,news,2.116356611251831,0.013389530591666698
N64720,sports,sports,2.116356611251831,0.013389530591666698
N768,sports,sports,-43.62177276611328,0.27450284361839294
N8796,video,video,-43.62177276611328,0.27450284361839294
N64361,foodanddrink,foodanddrink,-43.62177276611328,0.27450284361839294
N39093,sports,sports,-43.62177276611328,0.27450284361839294
N47424,news,news,-43.62177276611328,0.27450284361839294
N63470,sports,sports,-43.62177276611328,0.27450284361839294
N17499,news,news,2.116356611251831,0.013389530591666698
N21437,news,news,2.116356611251831,0.013389530591666698
N16854,news,news,2.116356611251831,0.013389530591666698
N37505,news,news,2.116356611251831,0.013389530591666698
N41390,weather,weather,2.116356611251831,0.013389530591666698
N62238,sports,sports,2.116356611251831,0.013389530591666698
N40053,video,video,-43.62177276611328,0.27450284361839294
N7640,news,news,-43.62177276611328,0.27450284361839294
N11433,finance,finance,31.67649269104004,3.7725939750671387
N6577,autos,autos,-43.62177276611328,0.27450284361839294
N59079,foodanddrink,foodanddrink,-43.62177276611328,0.27450284361839294
N6854,news,news,-43.62177276611328,0.27450284361839294
N36876,sports,sports,2.116356611251831,0.013389530591666698
N50537,sports,sports,2.116356611251831,0.013389530591666698
N34488,travel,travel,2.116356611251831,0.013389530591666698
N63776,news,news,2.116356611251831,0.013389530591666698
N50480,news,news,2.116356611251831,0.013389530591666698
N54911,sports,sports,2.116356611251831,0.013389530591666698
N25591,sports,sports,-43.62177276611328,0.27450284361839294
N17381,sports,sports,-43.62177276611328,0.27450284361839294
N10316,sports,sports,29.863325119018555,3.929839611053467
N52905,travel,travel,-43.62177276611328,0.27450284361839294
N53587,autos,autos,-43.62177276611328,0.27450284361839294
N16549,health,health,-43.62177276611328,0.27450284361839294
N48100,sports,sports,2.116356611251831,0.013389530591666698
N58527,sports,sports,2.116356611251831,0.013389530591666698
N7715,foodanddrink,foodanddrink,2.116356611251831,0.013389530591666698
N8701,sports,sports,2.116356611251831,0.013389530591666698
N28924,sports,sports,2.116356611251831,0.013389530591666698
N35336,news,news,2.116356611251831,0.013389530591666698
N18573,news,news,30.212020874023438,-7.739821910858154
N13556,finance,finance,30.319021224975586,-7.9034318923950195
N6313,foodanddrink,foodanddrink,-43.62177276611328,0.27450284361839294
N46691,finance,finance,-43.62177276611328,0.27450284361839294
N21619,news,news,-43.62177276611328,0.27450284361839294
N49701,sports,sports,-43.62177276611328,0.27450284361839294
N8801,weather,weather,-43.62177276611328,0.27450284361839294
N36771,sports,sports,-43.62177276611328,0.27450284361839294
N27632,lifestyle,lifestyle,2.116356611251831,0.013389530591666698
N28717,movies,other,2.116356611251831,0.013389530591666698
N64799,sports,sports,2.116356611251831,0.013389530591666698
N56004,lifestyle,lifestyle,2.116356611251831,0.013389530591666698
N10015,sports,sports,31.26158332824707,4.4097514152526855
N14670,weather,weather,2.116356611251831,0.013389530591666698
N29974,weather,weather,-43.62177276611328,0.27450284361839294
N61282,travel,travel,-43.62177276611328,0.27450284361839294
N31477,news,news,-43.62177276611328,0.27450284361839294
N3088,news,news,-43.62177276611328,0.27450284361839294
N7166,news,news,-43.62177276611328,0.27450284361839294
N41007,sports,sports,-43.62177276611328,0.27450284361839294
N23728,sports,sports,2.116356611251831,0.013389530591666698
N20258,video,video,2.116356611251831,0.013389530591666698
N29156,news,news,2.116356611251831,0.013389530591666698
N53297,sports,sports,2.116356611251831,0.013389530591666698
N31217,news,news,2.116356611251831,0.013389530591666698
N5447,weather,weather,2.116356611251831,0.013389530591666698
N31947,news,news,-43.62177276611328,0.27450284361839294
N53527,music,other,-43.62177276611328,0.27450284361839294
N4808,news,news,-43.62177276611328,0.27450284361839294
N1397,sports,sports,-43.62177276611328,0.27450284361839294
N25060,sports,sports,-43.62177276611328,0.27450284361839294
N36527,foodanddrink,foodanddrink,-43.62177276611328,0.27450284361839294
N53793,news,news,2.116356611251831,0.013389530591666698
N14344,weather,weather,2.116356611251831,0.013389530591666698
N10248,sports,sports,30.346643447875977,6.981454849243164
N14747,news,news,2.116356611251831,0.013389530591666698
N17837,sports,sports,2.116356611251831,0.013389530591666698
N29796,news,news,2.116356611251831,0.013389530591666698
N62781,news,news,-43.62177276611328,0.27450284361839294
N45065,news,news,-43.62177276611328,0.27450284361839294
N17992,sports,sports,-43.62177276611328,0.27450284361839294
N6898,weather,weather,-43.62177276611328,0.27450284361839294
N29770,lifestyle,lifestyle,-43.62177276611328,0.27450284361839294
N2704,news,news,-43.62177276611328,0.27450284361839294
N12928,video,video,2.116356611251831,0.013389530591666698
N35722,autos,autos,2.116356611251831,0.013389530591666698
N20167,sports,sports,2.116356611251831,0.013389530591666698
N42608,sports,sports,2.116356611251831,0.013389530591666698
N9365,sports,sports,2.116356611251831,0.013389530591666698
N37233,news,news,2.116356611251831,0.013389530591666698
N62488,music,other,-43.62177276611328,0.27450284361839294
N40839,sports,sports,-43.62177276611328,0.27450284361839294
N7744,video,video,-43.62177276611328,0.27450284361839294
N63250,news,news,-43.62177276611328,0.27450284361839294
N19212,finance,finance,-43.62177276611328,0.27450284361839294
N10554,news,news,31.816238403320312,5.047726631164551
N29310,weather,weather,2.116356611251831,0.013389530591666698
N49237,travel,travel,2.116356611251831,0.013389530591666698
N61074,news,news,2.116356611251831,0.013389530591666698
N52289,news,news,2.116356611251831,0.013389530591666698
N15878,news,news,2.116356611251831,0.013389530591666698
N50548,travel,travel,2.116356611251831,0.013389530591666698
N29534,sports,sports,30.356937408447266,-8.211716651916504
N10606,music,other,29.493024826049805,3.7417500019073486
N50314,lifestyle,lifestyle,30.3695068359375,-8.273728370666504
N7539,sports,sports,-43.62177276611328,0.27450284361839294
N130,news,news,-43.62177276611328,0.27450284361839294
N13969,news,news,-43.62177276611328,0.27450284361839294
N30728,news,news,-43.62177276611328,0.27450284361839294
N21841,travel,travel,-43.62177276611328,0.27450284361839294
N12780,news,news,-43.62177276611328,0.27450284361839294
N39599,sports,sports,2.116356611251831,0.013389530591666698
N60236,weather,weather,2.116356611251831,0.013389530591666698
N12364,weather,weather,29.50016975402832,3.696699380874634
N22476,finance,finance,2.116356611251831,0.013389530591666698
N47242,sports,sports,2.116356611251831,0.013389530591666698
N57405,news,news,2.116356611251831,0.013389530591666698
N56747,news,news,-43.62177276611328,0.27450284361839294
N26373,travel,travel,-43.62177276611328,0.27450284361839294
N35612,sports,sports,-43.62177276611328,0.27450284361839294
N14612,news,news,-43.62177276611328,0.27450284361839294
N5255,news,news,-43.62177276611328,0.27450284361839294
N45873,sports,sports,-43.62177276611328,0.27450284361839294
N60741,autos,autos,2.116356611251831,0.013389530591666698
N49222,sports,sports,2.116356611251831,0.013389530591666698
N17072,news,news,2.116356611251831,0.013389530591666698
N44430,sports,sports,2.116356611251831,0.013389530591666698
N46939,news,news,2.116356611251831,0.013389530591666698
N40438,finance,finance,2.116356611251831,0.013389530591666698
N55507,foodanddrink,foodanddrink,-43.62177276611328,0.27450284361839294
N40130,finance,finance,-43.62177276611328,0.27450284361839294
N12313,sports,sports,30.935028076171875,3.318098306655884
N47531,news,news,-43.62177276611328,0.27450284361839294
N7817,sports,sports,-43.62177276611328,0.27450284361839294
N33388,news,news,-43.62177276611328,0.27450284361839294
N37342,sports,sports,2.116356611251831,0.013389530591666698
N20531,sports,sports,2.116356611251831,0.013389530591666698
N24381,news,news,2.116356611251831,0.013389530591666698
N54321,sports,sports,2.116356611251831,0.013389530591666698
N15835,news,news,2.116356611251831,0.013389530591666698
N5044,news,news,2.116356611251831,0.013389530591666698
N33730,weather,weather,-43.62177276611328,0.27450284361839294
N37712,news,news,-43.62177276611328,0.27450284361839294
N2832,sports,sports,-43.62177276611328,0.27450284361839294
N2257,travel,travel,-43.62177276611328,0.27450284361839294
N63553,health,health,-43.62177276611328,0.27450284361839294
N45860,sports,sports,-43.62177276611328,0.27450284361839294
N18269,lifestyle,lifestyle,2.116356611251831,0.013389530591666698
N28603,travel,travel,2.116356611251831,0.013389530591666698
N35002,lifestyle,lifestyle,2.116356611251831,0.013389530591666698
N27869,foodanddrink,foodanddrink,2.116356611251831,0.013389530591666698
N32300,sports,sports,2.116356611251831,0.013389530591666698
N6838,sports,sports,2.116356611251831,0.013389530591666698
N49173,video,video,-43.62177276611328,0.27450284361839294
N12548,weather,weather,-43.62177276611328,0.27450284361839294
N17212,video,video,-43.62177276611328,0.27450284361839294
N3765,travel,travel,-43.62177276611328,0.27450284361839294
N35287,sports,sports,-43.62177276611328,0.27450284361839294
N32957,news,news,-43.62177276611328,0.27450284361839294
N45969,video,video,2.116356611251831,0.013389530591666698
N13234,sports,sports,2.116356611251831,0.013389530591666698
N45378,sports,sports,2.116356611251831,0.013389530591666698
N15274,video,video,2.116356611251831,0.013389530591666698
N2480,news,news,2.116356611251831,0.013389530591666698
N815,news,news,2.116356611251831,0.013389530591666698
N4047,tv,other,30.319021224975586,-7.9034318923950195
N50473,sports,sports,30.352550506591797,-8.047826766967773
N41979,news,news,-43.62177276611328,0.27450284361839294
N50065,sports,sports,-43.62177276611328,0.27450284361839294
N11565,weather,weather,32.96776580810547,4.265476703643799
N42703,news,news,-43.62177276611328,0.27450284361839294
N17183,news,news,-43.62177276611328,0.27450284361839294
N64417,sports,sports,-43.62177276611328,0.27450284361839294
N64439,health,health,2.116356611251831,0.013389530591666698
N9018,news,news,2.116356611251831,0.013389530591666698
N38309,tv,other,2.116356611251831,0.013389530591666698
N50657,news,news,2.116356611251831,0.013389530591666698
N2743,sports,sports,2.116356611251831,0.013389530591666698
N9810,sports,sports,2.116356611251831,0.013389530591666698
N57597,news,news,-43.62177276611328,0.27450284361839294
N31156,news,news,-43.62177276611328,0.27450284361839294
N63872,sports,sports,-43.62177276611328,0.27450284361839294
N60913,news,news,-43.62177276611328,0.27450284361839294
N8996,news,news,-43.62177276611328,0.27450284361839294
N13708,sports,sports,-43.62177276611328,0.27450284361839294
N38357,entertainment,other,2.116356611251831,0.013389530591666698
N10210,news,news,34.64714431762695,3.5189449787139893
N58505,sports,sports,2.116356611251831,0.013389530591666698
N12079,news,news,29.465795516967773,3.7328402996063232
N8531,sports,sports,2.116356611251831,0.013389530591666698
N8081,sports,sports,2.116356611251831,0.013389530591666698
N6134,foodanddrink,foodanddrink,-43.62177276611328,0.27450284361839294
N35460,sports,sports,-43.62177276611328,0.27450284361839294
N7790,lifestyle,lifestyle,-43.62177276611328,0.27450284361839294
N31719,sports,sports,-43.62177276611328,0.27450284361839294
N16543,sports,sports,-43.62177276611328,0.27450284361839294
N50138,sports,sports,-43.62177276611328,0.27450284361839294
N14930,news,news,2.116356611251831,0.013389530591666698
N40425,news,news,2.116356611251831,0.013389530591666698
N48663,video,video,2.116356611251831,0.013389530591666698
N59257,news,news,2.116356611251831,0.013389530591666698
N46797,travel,travel,2.116356611251831,0.013389530591666698
N41232,sports,sports,2.116356611251831,0.013389530591666698
N53215,news,news,-43.62177276611328,0.27450284361839294
N5650,autos,autos,-43.62177276611328,0.27450284361839294
N41535,news,news,-43.62177276611328,0.27450284361839294
N29767,sports,sports,-43.62177276611328,0.27450284361839294
N60456,news,news,-43.62177276611328,0.27450284361839294
N22978,foodanddrink,foodanddrink,-43.62177276611328,0.27450284361839294
N34091,travel,travel,2.116356611251831,0.013389530591666698
N7917,news,news,2.116356611251831,0.013389530591666698
N34095,sports,sports,2.116356611251831,0.013389530591666698
N45222,sports,sports,2.116356611251831,0.013389530591666698
N6537,sports,sports,2.116356611251831,0.013389530591666698
N19502,news,news,2.116356611251831,0.013389530591666698
N57591,lifestyle,lifestyle,-43.62177276611328,0.27450284361839294
N8347,autos,autos,-43.62177276611328,0.27450284361839294
N50140,sports,sports,-43.62177276611328,0.27450284361839294
N57614,news,news,-43.62177276611328,0.27450284361839294
N21880,sports,sports,-43.62177276611328,0.27450284361839294
N38563,news,news,-43.62177276611328,0.27450284361839294
N60707,sports,sports,2.116356611251831,0.013389530591666698
N32364,news,news,2.116356611251831,0.013389530591666698
N61610,sports,sports,2.116356611251831,0.013389530591666698
N28967,news,news,2.116356611251831,0.013389530591666698
N58927,sports,sports,2.116356611251831,0.013389530591666698
N18695,sports,sports,2.116356611251831,0.013389530591666698
N24347,sports,sports,30.0933895111084,-8.587371826171875
N52376,news,news,30.172592163085938,-8.523859977722168
N26629,news,news,30.303874969482422,-8.406213760375977
N30131,video,video,-43.62177276611328,0.27450284361839294
N21607,sports,sports,-43.62177276611328,0.27450284361839294
N60976,news,news,-43.62177276611328,0.27450284361839294
N31379,news,news,-43.62177276611328,0.27450284361839294
N6794,sports,sports,-43.62177276611328,0.27450284361839294
N9093,news,news,-43.62177276611328,0.27450284361839294
N31862,news,news,2.116356611251831,0.013389530591666698
N59191,weather,weather,2.116356611251831,0.013389530591666698
N41043,sports,sports,2.116356611251831,0.013389530591666698
N23065,health,health,2.116356611251831,0.013389530591666698
N25476,news,news,2.116356611251831,0.013389530591666698
N39105,sports,sports,2.116356611251831,0.013389530591666698
N6806,weather,weather,-43.62177276611328,0.27450284361839294
N39922,news,news,-43.62177276611328,0.27450284361839294
N48237,sports,sports,-43.62177276611328,0.27450284361839294
N12668,news,news,-43.62177276611328,0.27450284361839294
N21358,movies,other,-43.62177276611328,0.27450284361839294
N46102,sports,sports,-43.62177276611328,0.27450284361839294
N42456,news,news,2.116356611251831,0.013389530591666698
N29324,news,news,2.116356611251831,0.013389530591666698
N5174,foodanddrink,foodanddrink,2.116356611251831,0.013389530591666698
N36252,finance,finance,2.116356611251831,0.013389530591666698
N376,news,news,2.116356611251831,0.013389530591666698
N38049,news,news,2.116356611251831,0.013389530591666698
N39924,travel,travel,-43.62177276611328,0.27450284361839294
N46646,news,news,-43.62177276611328,0.27450284361839294
N65185,sports,sports,-43.62177276611328,0.27450284361839294
N53604,sports,sports,-43.62177276611328,0.27450284361839294
N39382,news,news,-43.62177276611328,0.27450284361839294
N25379,news,news,-43.62177276611328,0.27450284361839294
N1687,news,news,2.116356611251831,0.013389530591666698
N46751,news,news,2.116356611251831,0.013389530591666698
N26167,sports,sports,2.116356611251831,0.013389530591666698
N60445,news,news,2.116356611251831,0.013389530591666698
N10258,sports,sports,29.63397979736328,4.589424133300781
N11820,sports,sports,32.60785675048828,4.6092987060546875
N59908,news,news,-43.62177276611328,0.27450284361839294
N46037,news,news,-43.62177276611328,0.27450284361839294
N40011,sports,sports,-43.62177276611328,0.27450284361839294
N47231,news,news,-43.62177276611328,0.27450284361839294
N15690,lifestyle,lifestyle,-43.62177276611328,0.27450284361839294
N52858,tv,other,-43.62177276611328,0.27450284361839294
N54499,sports,sports,2.116356611251831,0.013389530591666698
N8519,lifestyle,lifestyle,2.116356611251831,0.013389530591666698
N3156,sports,sports,2.116356611251831,0.013389530591666698
N12179,sports,sports,32.37965774536133,4.49946928024292
N50579,sports,sports,2.116356611251831,0.013389530591666698
N46429,sports,sports,2.116356611251831,0.013389530591666698
N53964,sports,sports,-43.62177276611328,0.27450284361839294
N14147,autos,autos,-43.62177276611328,0.27450284361839294
N23759,sports,sports,-43.62177276611328,0.27450284361839294
N59296,weather,weather,-43.62177276611328,0.27450284361839294
N35138,tv,other,-43.62177276611328,0.27450284361839294
N64362,news,news,-43.62177276611328,0.27450284361839294
N1172,sports,sports,31.416072845458984,5.061990737915039
N4569,sports,sports,2.116356611251831,0.013389530591666698
N60127,lifestyle,lifestyle,2.116356611251831,0.013389530591666698
N14197,sports,sports,2.116356611251831,0.013389530591666698
N5852,sports,sports,2.116356611251831,0.013389530591666698
N58115,finance,finance,2.116356611251831,0.013389530591666698
N64085,sports,sports,30.349061965942383,-8.329376220703125
N64709,news,news,30.349061965942383,-8.329376220703125
N29172,news,news,-43.62177276611328,0.27450284361839294
N2136,lifestyle,lifestyle,-43.62177276611328,0.27450284361839294
N4881,movies,other,-43.62177276611328,0.27450284361839294
N38979,foodanddrink,foodanddrink,-43.62177276611328,0.27450284361839294
N11964,travel,travel,32.883975982666016,5.088696002960205
N6805,news,news,-43.62177276611328,0.27450284361839294
N56531,sports,sports,2.116356611251831,0.013389530591666698
N41150,weather,weather,2.116356611251831,0.013389530591666698
N59343,sports,sports,2.116356611251831,0.013389530591666698
N30031,sports,sports,2.116356611251831,0.013389530591666698
N23665,sports,sports,2.116356611251831,0.013389530591666698
N10637,travel,travel,30.395814895629883,7.615849494934082
N54904,tv,other,-43.62177276611328,0.27450284361839294
N26677,foodanddrink,foodanddrink,-43.62177276611328,0.27450284361839294
N63478,news,news,-43.62177276611328,0.27450284361839294
N64567,sports,sports,-43.62177276611328,0.27450284361839294
N19265,sports,sports,-43.62177276611328,0.27450284361839294
N63366,autos,autos,-43.62177276611328,0.27450284361839294
N1257,sports,sports,2.116356611251831,0.013389530591666698
N40691,weather,weather,2.116356611251831,0.013389530591666698
N9678,sports,sports,2.116356611251831,0.013389530591666698
N61056,travel,travel,2.116356611251831,0.013389530591666698
N40584,sports,sports,2.116356611251831,0.013389530591666698
N19903,news,news,2.116356611251831,0.013389530591666698
N16047,news,news,-43.62177276611328,0.27450284361839294
N4063,news,news,-43.62177276611328,0.27450284361839294
N15011,news,news,-43.62177276611328,0.27450284361839294
N45237,sports,sports,-43.62177276611328,0.27450284361839294
N26686,news,news,-43.62177276611328,0.27450284361839294
N981,news,news,-43.62177276611328,0.27450284361839294
N3911,finance,finance,2.116356611251831,0.013389530591666698
N57344,video,video,2.116356611251831,0.013389530591666698
N31203,video,video,2.116356611251831,0.013389530591666698
N62780,sports,sports,2.116356611251831,0.013389530591666698
N38019,news,news,2.116356611251831,0.013389530591666698
N35103,news,news,2.116356611251831,0.013389530591666698
N64072,sports,sports,-43.62177276611328,0.27450284361839294
N3423,travel,travel,-43.62177276611328,0.27450284361839294
N54414,news,news,-43.62177276611328,0.27450284361839294
N9392,weather,weather,-43.62177276611328,0.27450284361839294
N63751,sports,sports,-43.62177276611328,0.27450284361839294
N6498,movies,other,-43.62177276611328,0.27450284361839294
N50877,sports,sports,2.116356611251831,0.013389530591666698
N1104,news,news,31.811378479003906,2.6127870082855225
N4296,lifestyle,lifestyle,2.116356611251831,0.013389530591666698
N16100,news,news,2.116356611251831,0.013389530591666698
N53073,sports,sports,2.116356611251831,0.013389530591666698
N2510,travel,travel,2.116356611251831,0.013389530591666698
N19598,weather,weather,-43.62177276611328,0.27450284361839294
N51989,news,news,-43.62177276611328,0.27450284361839294
N41228,video,video,-43.62177276611328,0.27450284361839294
N39471,news,news,-43.62177276611328,0.27450284361839294
N15662,video,video,-43.62177276611328,0.27450284361839294
N44036,weather,weather,-43.62177276611328,0.27450284361839294
N50972,news,news,2.116356611251831,0.013389530591666698
N22642,sports,sports,2.116356611251831,0.013389530591666698
N9458,sports,sports,2.116356611251831,0.013389530591666698
N24405,movies,other,2.116356611251831,0.013389530591666698
N60109,video,video,2.116356611251831,0.013389530591666698
N61700,sports,sports,2.116356611251831,0.013389530591666698
N57282,news,news,30.092010498046875,-8.593384742736816
N5509,sports,sports,30.092010498046875,-8.593384742736816
N24767,sports,sports,30.0933895111084,-8.587371826171875
N63865,sports,sports,-43.62177276611328,0.27450284361839294
N40039,news,news,-43.62177276611328,0.27450284361839294
N48418,news,news,-43.62177276611328,0.27450284361839294
N44997,sports,sports,-43.62177276611328,0.27450284361839294
N56284,sports,sports,-43.62177276611328,0.27450284361839294
N49062,news,news,-43.62177276611328,0.27450284361839294
N26138,finance,finance,2.116356611251831,0.013389530591666698
N28279,tv,other,2.116356611251831,0.013389530591666698
N39770,sports,sports,2.116356611251831,0.013389530591666698
N53902,travel,travel,2.116356611251831,0.013389530591666698
N15952,sports,sports,2.116356611251831,0.013389530591666698
N16828,travel,travel,2.116356611251831,0.013389530591666698
N60336,travel,travel,-43.62177276611328,0.27450284361839294
N30120,travel,travel,-43.62177276611328,0.27450284361839294
N24803,finance,finance,-43.62177276611328,0.27450284361839294
N30859,news,news,-43.62177276611328,0.27450284361839294
N37239,sports,sports,-43.62177276611328,0.27450284361839294
N21637,news,news,-43.62177276611328,0.27450284361839294
N16093,travel,travel,2.116356611251831,0.013389530591666698
N31325,lifestyle,lifestyle,2.116356611251831,0.013389530591666698
N8791,sports,sports,2.116356611251831,0.013389530591666698
N30794,sports,sports,2.116356611251831,0.013389530591666698
N23722,sports,sports,2.116356611251831,0.013389530591666698
N39970,news,news,2.116356611251831,0.013389530591666698
N36619,news,news,-43.62177276611328,0.27450284361839294
N15160,sports,sports,-43.62177276611328,0.27450284361839294
N37905,health,health,-43.62177276611328,0.27450284361839294
N35104,news,news,-43.62177276611328,0.27450284361839294
N21180,sports,sports,-43.62177276611328,0.27450284361839294
N9260,sports,sports,-43.62177276611328,0.27450284361839294
N22507,sports,sports,2.116356611251831,0.013389530591666698
N14116,video,video,2.116356611251831,0.013389530591666698
N46895,lifestyle,lifestyle,2.116356611251831,0.013389530591666698
N26360,sports,sports,2.116356611251831,0.013389530591666698
N33060,sports,sports,2.116356611251831,0.013389530591666698
N16490,sports,sports,2.116356611251831,0.013389530591666698
N58329,music,other,-43.62177276611328,0.27450284361839294
N3700,sports,sports,-43.62177276611328,0.27450284361839294
N56362,sports,sports,-43.62177276611328,0.27450284361839294
N46156,video,video,-43.62177276611328,0.27450284361839294
N36277,sports,sports,-43.62177276611328,0.27450284361839294
N45688,sports,sports,-43.62177276611328,0.27450284361839294
N31343,sports,sports,2.116356611251831,0.013389530591666698
N42066,foodanddrink,foodanddrink,2.116356611251831,0.013389530591666698
N57970,video,video,2.116356611251831,0.013389530591666698
N43151,video,video,2.116356611251831,0.013389530591666698
N20469,weather,weather,2.116356611251831,0.013389530591666698
N6469,news,news,2.116356611251831,0.013389530591666698
N28418,sports,sports,-43.62177276611328,0.27450284361839294
N17571,autos,autos,-43.62177276611328,0.27450284361839294
N63992,video,video,-43.62177276611328,0.27450284361839294
N63613,sports,sports,-43.62177276611328,0.27450284361839294
N13902,sports,sports,-43.62177276611328,0.27450284361839294
N33812,sports,sports,-43.62177276611328,0.27450284361839294
N27932,music,other,2.116356611251831,0.013389530591666698
N35535,sports,sports,2.116356611251831,0.013389530591666698
N37421,sports,sports,2.116356611251831,0.013389530591666698
N47201,weather,weather,2.116356611251831,0.013389530591666698
N69,news,news,2.116356611251831,0.013389530591666698
N42679,news,news,2.116356611251831,0.013389530591666698
N44615,health,health,30.303874969482422,-8.406213760375977
N16635,sports,sports,30.349061965942383,-8.329376220703125
N4011,lifestyle,lifestyle,-43.62177276611328,0.27450284361839294
N33746,sports,sports,-43.62177276611328,0.27450284361839294
N53477,sports,sports,-43.62177276611328,0.27450284361839294
N35284,finance,finance,-43.62177276611328,0.27450284361839294
N61941,news,news,-43.62177276611328,0.27450284361839294
N54215,news,news,-43.62177276611328,0.27450284361839294
N38481,sports,sports,2.116356611251831,0.013389530591666698
N13810,sports,sports,2.116356611251831,0.013389530591666698
N35698,sports,sports,2.116356611251831,0.013389530591666698
N646,sports,sports,2.116356611251831,0.013389530591666698
N11006,sports,sports,33.49221420288086,2.691594362258911
N50816,finance,finance,2.116356611251831,0.013389530591666698
N32405,news,news,-43.62177276611328,0.27450284361839294
N63194,sports,sports,-43.62177276611328,0.27450284361839294
N10320,autos,autos,29.935680389404297,4.837391376495361
N47318,weather,weather,-43.62177276611328,0.27450284361839294
N55098,sports,sports,-43.62177276611328,0.27450284361839294
N41842,sports,sports,-43.62177276611328,0.27450284361839294
N21656,music,other,2.116356611251831,0.013389530591666698
N45845,news,news,2.116356611251831,0.013389530591666698
N21634,foodanddrink,foodanddrink,2.116356611251831,0.013389530591666698
N55414,sports,sports,2.116356611251831,0.013389530591666698
N11686,finance,finance,31.251495361328125,4.151798248291016
N36581,news,news,2.116356611251831,0.013389530591666698
N64480,tv,other,-43.62177276611328,0.27450284361839294
N29488,news,news,-43.62177276611328,0.27450284361839294
N16027,sports,sports,-43.62177276611328,0.27450284361839294
N44596,sports,sports,-43.62177276611328,0.27450284361839294
N21405,sports,sports,-43.62177276611328,0.27450284361839294
N11958,sports,sports,30.808612823486328,2.9899916648864746
N7405,travel,travel,2.116356611251831,0.013389530591666698
N26902,sports,sports,2.116356611251831,0.013389530591666698
N61548,sports,sports,2.116356611251831,0.013389530591666698
N8537,news,news,2.116356611251831,0.013389530591666698
N30248,video,video,2.116356611251831,0.013389530591666698
N21949,news,news,2.116356611251831,0.013389530591666698
N48166,weather,weather,-43.62177276611328,0.27450284361839294
N55569,sports,sports,-43.62177276611328,0.27450284361839294
N11899,sports,sports,32.92966842651367,3.962209939956665
N64443,finance,finance,-43.62177276611328,0.27450284361839294
N24650,sports,sports,-43.62177276611328,0.27450284361839294
N40662,sports,sports,-43.62177276611328,0.27450284361839294
N17200,sports,sports,2.116356611251831,0.013389530591666698
N20978,sports,sports,2.116356611251831,0.013389530591666698
N7446,news,news,2.116356611251831,0.013389530591666698
N53302,weather,weather,2.116356611251831,0.013389530591666698
N58121,news,news,2.116356611251831,0.013389530591666698
N13299,travel,travel,2.116356611251831,0.013389530591666698
N27506,sports,sports,-43.62177276611328,0.27450284361839294
N5036,sports,sports,-43.62177276611328,0.27450284361839294
N13981,foodanddrink,foodanddrink,-43.62177276611328,0.27450284361839294
N2099,travel,travel,-43.62177276611328,0.27450284361839294
N17238,news,news,-43.62177276611328,0.27450284361839294
N11199,news,news,32.930110931396484,5.019135475158691
N50441,sports,sports,2.116356611251831,0.013389530591666698
N38669,sports,sports,2.116356611251831,0.013389530591666698
N185,news,news,2.116356611251831,0.013389530591666698
N48708,weather,weather,2.116356611251831,0.013389530591666698
N6374,sports,sports,2.116356611251831,0.013389530591666698
N64590,travel,travel,2.116356611251831,0.013389530591666698
N58245,news,news,30.055322647094727,-8.635838508605957
N15579,sports,sports,30.044240951538086,-8.646867752075195
N56208,news,news,30.05034637451172,-8.646870613098145
N43523,sports,sports,-43.62177276611328,0.27450284361839294
N39547,sports,sports,-43.62177276611328,0.27450284361839294
N37227,sports,sports,-43.62177276611328,0.27450284361839294
N19458,sports,sports,-43.62177276611328,0.27450284361839294
N42847,news,news,-43.62177276611328,0.27450284361839294
N15516,autos,autos,-43.62177276611328,0.27450284361839294
N5821,weather,weather,2.116356611251831,0.013389530591666698
N27173,weather,weather,2.116356611251831,0.013389530591666698
N58066,sports,sports,2.116356611251831,0.013389530591666698
N15355,travel,travel,2.116356611251831,0.013389530591666698
N60867,news,news,2.116356611251831,0.013389530591666698
N37200,sports,sports,2.116356611251831,0.013389530591666698
N10213,weather,weather,32.23091506958008,4.529937744140625
N33223,news,news,-43.62177276611328,0.27450284361839294
N12000,sports,sports,32.16959762573242,4.316101551055908
N39785,sports,sports,-43.62177276611328,0.27450284361839294
N4396,health,health,-43.62177276611328,0.27450284361839294
N11466,autos,autos,32.43235397338867,4.626476764678955
N55411,news,news,2.116356611251831,0.013389530591666698
N8335,news,news,2.116356611251831,0.013389530591666698
N35652,travel,travel,2.116356611251831,0.013389530591666698
N10323,news,news,30.450054168701172,3.90385103225708
N57741,sports,sports,2.116356611251831,0.013389530591666698
N64530,tv,other,2.116356611251831,0.013389530591666698
N62218,sports,sports,-43.62177276611328,0.27450284361839294
N58710,news,news,-43.62177276611328,0.27450284361839294
N13319,sports,sports,-43.62177276611328,0.27450284361839294
N61437,sports,sports,-43.62177276611328,0.27450284361839294
N48269,sports,sports,-43.62177276611328,0.27450284361839294
N34220,sports,sports,-43.62177276611328,0.27450284361839294
N26648,music,other,2.116356611251831,0.013389530591666698
N60807,weather,weather,2.116356611251831,0.013389530591666698
N30135,news,news,2.116356611251831,0.013389530591666698
N57641,finance,finance,2.116356611251831,0.013389530591666698
N9739,sports,sports,2.116356611251831,0.013389530591666698
N5497,news,news,2.116356611251831,0.013389530591666698
N13019,video,video,-43.62177276611328,0.27450284361839294
N18955,health,health,-43.62177276611328,0.27450284361839294
N46481,sports,sports,-43.62177276611328,0.27450284361839294
N39205,news,news,-43.62177276611328,0.27450284361839294
N50397,sports,sports,-43.62177276611328,0.27450284361839294
N6228,travel,travel,-43.62177276611328,0.27450284361839294
N50573,sports,sports,2.116356611251831,0.013389530591666698
N61597,sports,sports,2.116356611251831,0.013389530591666698
N32048,news,news,2.116356611251831,0.013389530591666698
N22199,sports,sports,2.116356611251831,0.013389530591666698
N28387,video,video,2.116356611251831,0.013389530591666698
N60379,news,news,2.116356611251831,0.013389530591666698
N62813,tv,other,-43.62177276611328,0.27450284361839294
N32599,foodanddrink,foodanddrink,-43.62177276611328,0.27450284361839294
N11495,sports,sports,30.54710578918457,4.465368747711182
N19333,foodanddrink,foodanddrink,-43.62177276611328,0.27450284361839294
N49044,sports,sports,-43.62177276611328,0.27450284361839294
N17295,news,news,-43.62177276611328,0.27450284361839294
N24022,news,news,2.116356611251831,0.013389530591666698
N49797,autos,autos,2.116356611251831,0.013389530591666698
N2905,news,news,2.116356611251831,0.013389530591666698
N37914,sports,sports,2.116356611251831,0.013389530591666698
N58904,sports,sports,2.116356611251831,0.013389530591666698
N60907,sports,sports,2.116356611251831,0.013389530591666698
N41801,sports,sports,30.063325881958008,-8.62067985534668
N28642,weather,weather,30.063325881958008,-8.62067985534668
N38254,movies,other,-43.62177276611328,0.27450284361839294
N44603,finance,finance,-43.62177276611328,0.27450284361839294
N55214,foodanddrink,foodanddrink,-43.62177276611328,0.27450284361839294
N37522,lifestyle,lifestyle,-43.62177276611328,0.27450284361839294
N4802,news,news,-43.62177276611328,0.27450284361839294
N24257,news,news,-43.62177276611328,0.27450284361839294
N7150,sports,sports,2.116356611251831,0.013389530591666698
N16613,sports,sports,2.116356611251831,0.013389530591666698
N47030,sports,sports,2.116356611251831,0.013389530591666698
N47015,finance,finance,2.116356611251831,0.013389530591666698
N2337,travel,travel,2.116356611251831,0.013389530591666698
N39285,news,news,2.116356611251831,0.013389530591666698
N51320,sports,sports,-43.62177276611328,0.27450284361839294
N63423,news,news,-43.62177276611328,0.27450284361839294
N51929,news,news,-43.62177276611328,0.27450284361839294
N50976,news,news,-43.62177276611328,0.27450284361839294
N29540,news,news,-43.62177276611328,0.27450284361839294
N13326,news,news,-43.62177276611328,0.27450284361839294
N24051,news,news,2.116356611251831,0.013389530591666698
N35330,lifestyle,lifestyle,2.116356611251831,0.013389530591666698
N33480,finance,finance,2.116356611251831,0.013389530591666698
N12795,sports,sports,2.116356611251831,0.013389530591666698
N47070,foodanddrink,foodanddrink,2.116356611251831,0.013389530591666698
N34545,news,news,2.116356611251831,0.013389530591666698
N3725,movies,other,-43.62177276611328,0.27450284361839294
N6818,health,health,-43.62177276611328,0.27450284361839294
N50733,autos,autos,-43.62177276611328,0.27450284361839294
N6286,music,other,-43.62177276611328,0.27450284361839294
N1112,sports,sports,30.371232986450195,7.4334845542907715
N51936,autos,autos,-43.62177276611328,0.27450284361839294
N62433,autos,autos,2.116356611251831,0.013389530591666698
N47239,sports,sports,2.116356611251831,0.013389530591666698
N29356,video,video,2.116356611251831,0.013389530591666698
N34514,news,news,2.116356611251831,0.013389530591666698
N12717,sports,sports,2.116356611251831,0.013389530591666698
N18143,sports,sports,2.116356611251831,0.013389530591666698
N22584,sports,sports,-43.62177276611328,0.27450284361839294
N25972,video,video,-43.62177276611328,0.27450284361839294
N63722,news,news,-43.62177276611328,0.27450284361839294
N14248,sports,sports,-43.62177276611328,0.27450284361839294
N7153,news,news,-43.62177276611328,0.27450284361839294
N55182,foodanddrink,foodanddrink,-43.62177276611328,0.27450284361839294
N43096,sports,sports,2.116356611251831,0.013389530591666698
N1045,autos,autos,30.002347946166992,4.815067768096924
N47745,sports,sports,2.116356611251831,0.013389530591666698
N26893,autos,autos,2.116356611251831,0.013389530591666698
N16164,health,health,2.116356611251831,0.013389530591666698
N13324,news,news,2.116356611251831,0.013389530591666698
N11992,foodanddrink,foodanddrink,32.38693618774414,3.0251433849334717
N3571,finance,finance,-43.62177276611328,0.27450284361839294
N15508,lifestyle,lifestyle,-43.62177276611328,0.27450284361839294
N48092,health,health,-43.62177276611328,0.27450284361839294
N44546,news,news,-43.62177276611328,0.27450284361839294
N11861,sports,sports,31.87652015686035,4.269739627838135
N64967,foodanddrink,foodanddrink,2.116356611251831,0.013389530591666698
N14933,sports,sports,2.116356611251831,0.013389530591666698
N23667,news,news,2.116356611251831,0.013389530591666698
N11132,sports,sports,30.897380828857422,3.0734293460845947
N54195,news,news,2.116356611251831,0.013389530591666698
N64580,autos,autos,2.116356611251831,0.013389530591666698
N9627,sports,sports,29.539745330810547,-9.846199035644531
N63532,sports,sports,29.539745330810547,-9.846199035644531
N39375,sports,sports,29.539745330810547,-9.846199035644531
N62742,sports,sports,-43.62177276611328,0.27450284361839294
N55991,sports,sports,-43.62177276611328,0.27450284361839294
N14362,sports,sports,-43.62177276611328,0.27450284361839294
N27485,news,news,-43.62177276611328,0.27450284361839294
N43840,sports,sports,-43.62177276611328,0.27450284361839294
N37301,sports,sports,-43.62177276611328,0.27450284361839294
N6282,sports,sports,2.116356611251831,0.013389530591666698
N6377,sports,sports,2.116356611251831,0.013389530591666698
N10133,foodanddrink,foodanddrink,32.57062911987305,3.310810089111328
N34717,weather,weather,2.116356611251831,0.013389530591666698
N48030,entertainment,other,2.116356611251831,0.013389530591666698
N58007,travel,travel,2.116356611251831,0.013389530591666698
N16312,news,news,-43.62177276611328,0.27450284361839294
N43589,sports,sports,-43.62177276611328,0.27450284361839294
N36723,sports,sports,-43.62177276611328,0.27450284361839294
N35524,news,news,-43.62177276611328,0.27450284361839294
N41028,finance,finance,-43.62177276611328,0.27450284361839294
N30800,weather,weather,-43.62177276611328,0.27450284361839294
N58923,weather,weather,2.116356611251831,0.013389530591666698
N44389,video,video,2.116356611251831,0.013389530591666698
N63071,finance,finance,2.116356611251831,0.013389530591666698
N49796,weather,weather,2.116356611251831,0.013389530591666698
N30173,sports,sports,2.116356611251831,0.013389530591666698
N29962,news,news,2.116356611251831,0.013389530591666698
N49263,movies,other,-43.62177276611328,0.27450284361839294
N10561,finance,finance,33.5229606628418,2.554753303527832
N9241,sports,sports,-43.62177276611328,0.27450284361839294
N46435,sports,sports,-43.62177276611328,0.27450284361839294
N40818,foodanddrink,foodanddrink,-43.62177276611328,0.27450284361839294
N9684,news,news,-43.62177276611328,0.27450284361839294
N38867,sports,sports,2.116356611251831,0.013389530591666698
N59458,sports,sports,2.116356611251831,0.013389530591666698
N6562,news,news,2.116356611251831,0.013389530591666698
N59879,news,news,2.116356611251831,0.013389530591666698
N809,video,video,2.116356611251831,0.013389530591666698
N60768,video,video,2.116356611251831,0.013389530591666698
N63562,news,news,-43.62177276611328,0.27450284361839294
N16925,news,news,-43.62177276611328,0.27450284361839294
N23215,news,news,-43.62177276611328,0.27450284361839294
N64177,news,news,-43.62177276611328,0.27450284361839294
N8251,lifestyle,lifestyle,-43.62177276611328,0.27450284361839294
N17030,finance,finance,-43.62177276611328,0.27450284361839294
N56928,finance,finance,2.116356611251831,0.013389530591666698
N2422,weather,weather,2.116356611251831,0.013389530591666698
N59778,sports,sports,2.116356611251831,0.013389530591666698
N33893,sports,sports,2.116356611251831,0.013389530591666698
N50161,video,video,2.116356611251831,0.013389530591666698
N32351,foodanddrink,foodanddrink,2.116356611251831,0.013389530591666698
N21411,sports,sports,-43.62177276611328,0.27450284361839294
N28435,video,video,-43.62177276611328,0.27450284361839294
N7977,travel,travel,-43.62177276611328,0.27450284361839294
N45478,sports,sports,-43.62177276611328,0.27450284361839294
N57744,news,news,-43.62177276611328,0.27450284361839294
N57152,news,news,-43.62177276611328,0.27450284361839294
N57458,sports,sports,2.116356611251831,0.013389530591666698
N1232,news,news,29.259044647216797,6.4005513191223145
N50250,sports,sports,2.116356611251831,0.013389530591666698
N7997,entertainment,other,2.116356611251831,0.013389530591666698
N8072,travel,travel,2.116356611251831,0.013389530591666698
N52204,sports,sports,2.116356611251831,0.013389530591666698
N19820,news,news,30.063325881958008,-8.62067985534668
N4844,health,health,30.055322647094727,-8.635838508605957
N54337,news,news,-43.62177276611328,0.27450284361839294
N18607,sports,sports,-43.62177276611328,0.27450284361839294
N16907,sports,sports,-43.62177276611328,0.27450284361839294
N55157,sports,sports,-43.62177276611328,0.27450284361839294
N47750,news,news,-43.62177276611328,0.27450284361839294
N3008,music,other,-43.62177276611328,0.27450284361839294
N56400,sports,sports,2.116356611251831,0.013389530591666698
N21531,sports,sports,2.116356611251831,0.013389530591666698
N4282,news,news,2.116356611251831,0.013389530591666698
N39089,sports,sports,2.116356611251831,0.013389530591666698
N16487,sports,sports,2.116356611251831,0.013389530591666698
N45617,news,news,2.116356611251831,0.013389530591666698
N13593,sports,sports,-43.62177276611328,0.27450284361839294
N64189,news,news,-43.62177276611328,0.27450284361839294
N13609,autos,autos,-43.62177276611328,0.27450284361839294
N36199,news,news,-43.62177276611328,0.27450284361839294
N51040,sports,sports,-43.62177276611328,0.27450284361839294
N37415,autos,autos,-43.62177276611328,0.27450284361839294
N50709,sports,sports,2.116356611251831,0.013389530591666698
N35201,sports,sports,2.116356611251831,0.013389530591666698
N62677,autos,autos,2.116356611251831,0.013389530591666698
N32588,sports,sports,2.116356611251831,0.013389530591666698
N59799,sports,sports,2.116356611251831,0.013389530591666698
N7848,sports,sports,2.116356611251831,0.013389530591666698
N12962,news,news,-43.62177276611328,0.27450284361839294
N9027,lifestyle,lifestyle,-43.62177276611328,0.27450284361839294
N58898,sports,sports,-43.62177276611328,0.27450284361839294
N30852,travel,travel,-43.62177276611328,0.27450284361839294
N38938,sports,sports,-43.62177276611328,0.27450284361839294
N65024,sports,sports,-43.62177276611328,0.27450284361839294
N3286,sports,sports,2.116356611251831,0.013389530591666698
N32359,news,news,2.116356611251831,0.013389530591666698
N32129,sports,sports,2.116356611251831,0.013389530591666698
N39667,sports,sports,2.116356611251831,0.013389530591666698
N24360,news,news,2.116356611251831,0.013389530591666698
N47470,news,news,2.116356611251831,0.013389530591666698
N45521,sports,sports,-43.62177276611328,0.27450284361839294
N61047,sports,sports,-43.62177276611328,0.27450284361839294
N58705,autos,autos,-43.62177276611328,0.27450284361839294
N29439,sports,sports,-43.62177276611328,0.27450284361839294
N17399,news,news,-43.62177276611328,0.27450284361839294
N27985,news,news,-43.62177276611328,0.27450284361839294
N34673,autos,autos,2.116356611251831,0.013389530591666698
N53408,sports,sports,2.116356611251831,0.013389530591666698
N28761,news,news,2.116356611251831,0.013389530591666698
N42239,news,news,2.116356611251831,0.013389530591666698
N57567,news,news,2.116356611251831,0.013389530591666698
N33238,news,news,2.116356611251831,0.013389530591666698
N25688,autos,autos,-43.62177276611328,0.27450284361839294
N63056,news,news,-43.62177276611328,0.27450284361839294
N44747,sports,sports,-43.62177276611328,0.27450284361839294
N18984,sports,sports,-43.62177276611328,0.27450284361839294
N46273,foodanddrink,foodanddrink,-43.62177276611328,0.27450284361839294
N52732,entertainment,other,-43.62177276611328,0.27450284361839294
N55113,news,news,2.116356611251831,0.013389530591666698
N38373,weather,weather,2.116356611251831,0.013389530591666698
N4996,weather,weather,2.116356611251831,0.013389530591666698
N36014,tv,other,2.116356611251831,0.013389530591666698
N46408,sports,sports,2.116356611251831,0.013389530591666698
N62482,sports,sports,2.116356611251831,0.013389530591666698
N44876,video,video,29.539745330810547,-9.846199035644531
N9793,sports,sports,29.539745330810547,-9.846199035644531
N7603,sports,sports,29.539745330810547,-9.846199035644531
N7907,video,video,-43.62177276611328,0.27450284361839294
N63547,sports,sports,-43.62177276611328,0.27450284361839294
N36990,news,news,-43.62177276611328,0.27450284361839294
N32848,sports,sports,-43.62177276611328,0.27450284361839294
N57583,video,video,-43.62177276611328,0.27450284361839294
N48525,sports,sports,-43.62177276611328,0.27450284361839294
N21995,video,video,2.116356611251831,0.013389530591666698
N38010,sports,sports,2.116356611251831,0.013389530591666698
N19908,sports,sports,2.116356611251831,0.013389530591666698
N12383,news,news,30.46173667907715,7.56997537612915
N61360,news,news,2.116356611251831,0.013389530591666698
N7511,sports,sports,2.116356611251831,0.013389530591666698
N19780,news,news,-43.62177276611328,0.27450284361839294
N23123,sports,sports,-43.62177276611328,0.27450284361839294
N61746,weather,weather,-43.62177276611328,0.27450284361839294
N21928,sports,sports,-43.62177276611328,0.27450284361839294
N61289,sports,sports,-43.62177276611328,0.27450284361839294
N23815,travel,travel,-43.62177276611328,0.27450284361839294
N53149,video,video,2.116356611251831,0.013389530591666698
N361,autos,autos,2.116356611251831,0.013389530591666698
N53471,news,news,2.116356611251831,0.013389530591666698
N32041,travel,travel,2.116356611251831,0.013389530591666698
N60285,news,news,2.116356611251831,0.013389530591666698
N29089,news,news,2.116356611251831,0.013389530591666698
N64091,lifestyle,lifestyle,-43.62177276611328,0.27450284361839294
N23696,sports,sports,-43.62177276611328,0.27450284361839294
N3494,travel,travel,-43.62177276611328,0.27450284361839294
N10399,lifestyle,lifestyle,33.93167495727539,4.3828654289245605
N34940,news,news,-43.62177276611328,0.27450284361839294
N51516,weather,weather,-43.62177276611328,0.27450284361839294
N17977,sports,sports,2.116356611251831,0.013389530591666698
N31659,news,news,2.116356611251831,0.013389530591666698
N15024,sports,sports,2.116356611251831,0.013389530591666698
N64375,sports,sports,2.116356611251831,0.013389530591666698
N61403,sports,sports,2.116356611251831,0.013389530591666698
N30669,sports,sports,2.116356611251831,0.013389530591666698
N19972,news,news,-43.62177276611328,0.27450284361839294
N30820,sports,sports,-43.62177276611328,0.27450284361839294
N32790,sports,sports,-43.62177276611328,0.27450284361839294
N31901,sports,sports,-43.62177276611328,0.27450284361839294
N35198,lifestyle,lifestyle,-43.62177276611328,0.27450284361839294
N9269,travel,travel,-43.62177276611328,0.27450284361839294
N60369,sports,sports,2.116356611251831,0.013389530591666698
N61284,lifestyle,lifestyle,2.116356611251831,0.013389530591666698
N30719,news,news,2.116356611251831,0.013389530591666698
N60828,sports,sports,2.116356611251831,0.013389530591666698
N857,weather,weather,2.116356611251831,0.013389530591666698
N26132,news,news,2.116356611251831,0.013389530591666698
N22723,health,health,-43.62177276611328,0.27450284361839294
N36305,news,news,-43.62177276611328,0.27450284361839294
N64234,news,news,-43.62177276611328,0.27450284361839294
N61673,video,video,-43.62177276611328,0.27450284361839294
N13819,travel,travel,-43.62177276611328,0.27450284361839294
N23437,foodanddrink,foodanddrink,-43.62177276611328,0.27450284361839294
N50174,news,news,2.116356611251831,0.013389530591666698
N53205,sports,sports,2.116356611251831,0.013389530591666698
N1964,lifestyle,lifestyle,2.116356611251831,0.013389530591666698
N17060,video,video,2.116356611251831,0.013389530591666698
N38202,video,video,2.116356611251831,0.013389530591666698
N52439,news,news,2.116356611251831,0.013389530591666698
N41924,sports,sports,29.539745330810547,-9.846199035644531
N45352,finance,finance,29.539745330810547,-9.846199035644531
N62361,sports,sports,-43.62177276611328,0.27450284361839294
N30203,news,news,-43.62177276611328,0.27450284361839294
N46073,foodanddrink,foodanddrink,-43.62177276611328,0.27450284361839294
N925,music,other,-43.62177276611328,0.27450284361839294
N31095,sports,sports,-43.62177276611328,0.27450284361839294
N30673,news,news,-43.62177276611328,0.27450284361839294
N56780,sports,sports,2.116356611251831,0.013389530591666698
N27651,sports,sports,2.116356611251831,0.013389530591666698
N1072,finance,finance,31.98255729675293,4.978694438934326
N6091,weather,weather,2.116356611251831,0.013389530591666698
N34151,sports,sports,2.116356611251831,0.013389530591666698
N16498,foodanddrink,foodanddrink,2.116356611251831,0.013389530591666698
N27160,news,news,-43.62177276611328,0.27450284361839294
N42302,news,news,-43.62177276611328,0.27450284361839294
N50962,sports,sports,-43.62177276611328,0.27450284361839294
N52348,sports,sports,-43.62177276611328,0.27450284361839294
N30293,sports,sports,-43.62177276611328,0.27450284361839294
N56792,travel,travel,-43.62177276611328,0.27450284361839294
N16611,sports,sports,2.116356611251831,0.013389530591666698
N14260,news,news,2.116356611251831,0.013389530591666698
N49343,foodanddrink,foodanddrink,2.116356611251831,0.013389530591666698
N30232,video,video,2.116356611251831,0.013389530591666698
N54412,news,news,2.116356611251831,0.013389530591666698
N62368,sports,sports,2.116356611251831,0.013389530591666698
N9514,sports,sports,-43.62177276611328,0.27450284361839294
N34725,news,news,-43.62177276611328,0.27450284361839294
N42147,news,news,-43.62177276611328,0.27450284361839294
N63653,travel,travel,-43.62177276611328,0.27450284361839294
N25474,news,news,-43.62177276611328,0.27450284361839294
N44591,news,news,-43.62177276611328,0.27450284361839294
N18990,autos,autos,2.116356611251831,0.013389530591666698
N42719,news,news,2.116356611251831,0.013389530591666698
N5113,news,news,2.116356611251831,0.013389530591666698
N47388,sports,sports,2.116356611251831,0.013389530591666698
N58415,health,health,2.116356611251831,0.013389530591666698
N24961,sports,sports,2.116356611251831,0.013389530591666698
N14897,news,news,-43.62177276611328,0.27450284361839294
N4319,lifestyle,lifestyle,-43.62177276611328,0.27450284361839294
N8133,autos,autos,-43.62177276611328,0.27450284361839294
N22056,finance,finance,-43.62177276611328,0.27450284361839294
N23321,sports,sports,-43.62177276611328,0.27450284361839294
N24594,foodanddrink,foodanddrink,-43.62177276611328,0.27450284361839294
N51609,sports,sports,2.116356611251831,0.013389530591666698
N31810,news,news,2.116356611251831,0.013389530591666698
N5430,finance,finance,2.116356611251831,0.013389530591666698
N61013,sports,sports,2.116356611251831,0.013389530591666698
N44919,sports,sports,2.116356611251831,0.013389530591666698
N9781,sports,sports,2.116356611251831,0.013389530591666698
N20152,foodanddrink,foodanddrink,-43.62177276611328,0.27450284361839294
N21835,news,news,-43.62177276611328,0.27450284361839294
N58607,sports,sports,-43.62177276611328,0.27450284361839294
N63982,sports,sports,-43.62177276611328,0.27450284361839294
N30319,news,news,-43.62177276611328,0.27450284361839294
N2418,news,news,-43.62177276611328,0.27450284361839294
N46869,sports,sports,2.116356611251831,0.013389530591666698
N23510,travel,travel,2.116356611251831,0.013389530591666698
N27718,lifestyle,lifestyle,2.116356611251831,0.013389530591666698
N55474,finance,finance,2.116356611251831,0.013389530591666698
N37696,foodanddrink,foodanddrink,2.116356611251831,0.013389530591666698
N13804,news,news,2.116356611251831,0.013389530591666698
N13722,sports,sports,29.539745330810547,-9.846199035644531
N3317,health,health,29.539745330810547,-9.846199035644531
N25110,news,news,29.539745330810547,-9.846199035644531
N9123,travel,travel,-43.62177276611328,0.27450284361839294
N41445,lifestyle,lifestyle,-43.62177276611328,0.27450284361839294
N47105,news,news,-43.62177276611328,0.27450284361839294
N37321,weather,weather,-43.62177276611328,0.27450284361839294
N23127,lifestyle,lifestyle,-43.62177276611328,0.27450284361839294
N32259,travel,travel,-43.62177276611328,0.27450284361839294
N8741,news,news,2.116356611251831,0.013389530591666698
N32876,news,news,2.116356611251831,0.013389530591666698
N53648,news,news,2.116356611251831,0.013389530591666698
N3534,sports,sports,2.116356611251831,0.013389530591666698
N45914,foodanddrink,foodanddrink,2.116356611251831,0.013389530591666698
N57477,sports,sports,2.116356611251831,0.013389530591666698
N57161,sports,sports,-43.62177276611328,0.27450284361839294
N13735,foodanddrink,foodanddrink,-43.62177276611328,0.27450284361839294
N59224,sports,sports,-43.62177276611328,0.27450284361839294
N13654,autos,autos,-43.62177276611328,0.27450284361839294
N45508,sports,sports,-43.62177276611328,0.27450284361839294
N64127,sports,sports,-43.62177276611328,0.27450284361839294
N26280,news,news,2.116356611251831,0.013389530591666698
N25482,sports,sports,2.116356611251831,0.013389530591666698
N1819,sports,sports,2.116356611251831,0.013389530591666698
N51799,news,news,2.116356611251831,0.013389530591666698
N14877,sports,sports,2.116356611251831,0.013389530591666698
N23212,sports,sports,2.116356611251831,0.013389530591666698
N8271,foodanddrink,foodanddrink,-43.62177276611328,0.27450284361839294
N22228,sports,sports,-43.62177276611328,0.27450284361839294
N31992,foodanddrink,foodanddrink,-43.62177276611328,0.27450284361839294
N43344,sports,sports,-43.62177276611328,0.27450284361839294
N46187,news,news,-43.62177276611328,0.27450284361839294
N37368,travel,travel,-43.62177276611328,0.27450284361839294
N42513,travel,travel,2.116356611251831,0.013389530591666698
N9686,news,news,2.116356611251831,0.013389530591666698
N15381,finance,finance,2.116356611251831,0.013389530591666698
N60846,sports,sports,2.116356611251831,0.013389530591666698
N33162,autos,autos,2.116356611251831,0.013389530591666698
N53805,news,news,2.116356611251831,0.013389530591666698
N32124,weather,weather,-43.62177276611328,0.27450284361839294
N31240,sports,sports,-43.62177276611328,0.27450284361839294
N23739,news,news,-43.62177276611328,0.27450284361839294
N3328,sports,sports,-43.62177276611328,0.27450284361839294
N13830,sports,sports,-43.62177276611328,0.27450284361839294
N11730,news,news,31.908531188964844,3.6432621479034424
N50132,news,news,2.116356611251831,0.013389530591666698
N35019,foodanddrink,foodanddrink,2.116356611251831,0.013389530591666698
N51477,weather,weather,2.116356611251831,0.013389530591666698
N49470,news,news,2.116356611251831,0.013389530591666698
N50531,sports,sports,2.116356611251831,0.013389530591666698
N60195,finance,finance,2.116356611251831,0.013389530591666698
N40401,finance,finance,-43.62177276611328,0.27450284361839294
N36219,lifestyle,lifestyle,-43.62177276611328,0.27450284361839294
N8496,finance,finance,-43.62177276611328,0.27450284361839294
N43659,news,news,-43.62177276611328,0.27450284361839294
N55078,news,news,-43.62177276611328,0.27450284361839294
N15522,sports,sports,-43.62177276611328,0.27450284361839294
N13086,news,news,2.116356611251831,0.013389530591666698
N32094,sports,sports,2.116356611251831,0.013389530591666698
N41747,sports,sports,2.116356611251831,0.013389530591666698
N2953,news,news,2.116356611251831,0.013389530591666698
N18661,sports,sports,2.116356611251831,0.013389530591666698
N13778,news,news,2.116356611251831,0.013389530591666698
N60347,news,news,29.539745330810547,-9.846199035644531
N31966,sports,sports,29.539745330810547,-9.846199035644531
N53064,health,health,-43.62177276611328,0.27450284361839294
N10497,autos,autos,32.39863586425781,4.987335205078125
N41923,video,video,-43.62177276611328,0.27450284361839294
N49412,news,news,-43.62177276611328,0.27450284361839294
N16685,video,video,-43.62177276611328,0.27450284361839294
N51594,finance,finance,-43.62177276611328,0.27450284361839294
N17203,video,video,2.116356611251831,0.013389530591666698
N41137,health,health,2.116356611251831,0.013389530591666698
N62535,travel,travel,2.116356611251831,0.013389530591666698
N29056,tv,other,2.116356611251831,0.013389530591666698
N24885,sports,sports,2.116356611251831,0.013389530591666698
N46965,news,news,2.116356611251831,0.013389530591666698
N6783,sports,sports,-43.62177276611328,0.27450284361839294
N41478,news,news,-43.62177276611328,0.27450284361839294
N11421,sports,sports,30.921918869018555,2.70770525932312
N38349,finance,finance,-43.62177276611328,0.27450284361839294
N40304,sports,sports,-43.62177276611328,0.27450284361839294
N15739,tv,other,-43.62177276611328,0.27450284361839294
N39719,news,news,2.116356611251831,0.013389530591666698
N63050,lifestyle,lifestyle,2.116356611251831,0.013389530591666698
N1779,weather,weather,2.116356611251831,0.013389530591666698
N62670,news,news,2.116356611251831,0.013389530591666698
N49304,sports,sports,2.116356611251831,0.013389530591666698
N46002,travel,travel,2.116356611251831,0.013389530591666698
N36100,travel,travel,-43.62177276611328,0.27450284361839294
N38374,weather,weather,-43.62177276611328,0.27450284361839294
N62286,autos,autos,-43.62177276611328,0.27450284361839294
N38834,finance,finance,-43.62177276611328,0.27450284361839294
N19375,sports,sports,-43.62177276611328,0.27450284361839294
N22124,news,news,-43.62177276611328,0.27450284361839294
N3980,sports,sports,2.116356611251831,0.013389530591666698
N40035,sports,sports,2.116356611251831,0.013389530591666698
N23848,sports,sports,2.116356611251831,0.013389530591666698
N18775,foodanddrink,foodanddrink,2.116356611251831,0.013389530591666698
N22219,news,news,2.116356611251831,0.013389530591666698
N36388,autos,autos,2.116356611251831,0.013389530591666698
N15870,lifestyle,lifestyle,-43.62177276611328,0.27450284361839294
N34791,news,news,-43.62177276611328,0.27450284361839294
N14467,news,news,-43.62177276611328,0.27450284361839294
N16829,sports,sports,-43.62177276611328,0.27450284361839294
N23953,news,news,-43.62177276611328,0.27450284361839294
N39431,foodanddrink,foodanddrink,-43.62177276611328,0.27450284361839294
N39152,autos,autos,2.116356611251831,0.013389530591666698
N64007,sports,sports,2.116356611251831,0.013389530591666698
N31467,health,health,2.116356611251831,0.013389530591666698
N30569,foodanddrink,foodanddrink,2.116356611251831,0.013389530591666698
N5118,news,news,2.116356611251831,0.013389530591666698
N14363,news,news,2.116356611251831,0.013389530591666698
N3666,sports,sports,-43.62177276611328,0.27450284361839294
N63686,sports,sports,-43.62177276611328,0.27450284361839294
N16634,sports,sports,-43.62177276611328,0.27450284361839294
N24710,sports,sports,-43.62177276611328,0.27450284361839294
N8303,news,news,-43.62177276611328,0.27450284361839294
N47716,lifestyle,lifestyle,-43.62177276611328,0.27450284361839294
N1689,sports,sports,2.116356611251831,0.013389530591666698
N56335,news,news,2.116356611251831,0.013389530591666698
N64951,sports,sports,2.116356611251831,0.013389530591666698
N60935,foodanddrink,foodanddrink,2.116356611251831,0.013389530591666698
N2842,news,news,2.116356611251831,0.013389530591666698
N42859,lifestyle,lifestyle,2.116356611251831,0.013389530591666698
N7661,sports,sports,29.539745330810547,-9.846199035644531
N7828,sports,sports,29.539745330810547,-9.846199035644531
N39519,weather,weather,29.539745330810547,-9.846199035644531
N41662,sports,sports,-43.62177276611328,0.27450284361839294
N39088,sports,sports,-43.62177276611328,0.27450284361839294
N17911,sports,sports,-43.62177276611328,0.27450284361839294
N33292,sports,sports,-43.62177276611328,0.27450284361839294
N41816,sports,sports,-43.62177276611328,0.27450284361839294
N1795,news,news,-43.62177276611328,0.27450284361839294
N23840,health,health,2.116356611251831,0.013389530591666698
N37872,finance,finance,2.116356611251831,0.013389530591666698
N28753,news,news,2.116356611251831,0.013389530591666698
N47746,sports,sports,2.116356611251831,0.013389530591666698
N26403,finance,finance,2.116356611251831,0.013389530591666698
N36109,weather,weather,2.116356611251831,0.013389530591666698
N50627,news,news,-43.62177276611328,0.27450284361839294
N14504,health,health,-43.62177276611328,0.27450284361839294
N19426,foodanddrink,foodanddrink,-43.62177276611328,0.27450284361839294
N43237,weather,weather,-43.62177276611328,0.27450284361839294
N52522,news,news,-43.62177276611328,0.27450284361839294
N41516,sports,sports,-43.62177276611328,0.27450284361839294
N52037,news,news,2.116356611251831,0.013389530591666698
N18108,sports,sports,2.116356611251831,0.013389530591666698
N25521,autos,autos,2.116356611251831,0.013389530591666698
N64004,news,news,2.116356611251831,0.013389530591666698
N34667,news,news,2.116356611251831,0.013389530591666698
N5847,sports,sports,2.116356611251831,0.013389530591666698
N50472,travel,travel,-43.62177276611328,0.27450284361839294
N44543,sports,sports,-43.62177276611328,0.27450284361839294
N17064,sports,sports,-43.62177276611328,0.27450284361839294
N35298,sports,sports,-43.62177276611328,0.27450284361839294
N51960,finance,finance,-43.62177276611328,0.27450284361839294
N47408,weather,weather,-43.62177276611328,0.27450284361839294
N16333,news,news,2.116356611251831,0.013389530591666698
N31644,sports,sports,2.116356611251831,0.013389530591666698
N46028,video,video,2.116356611251831,0.013389530591666698
N44804,weather,weather,2.116356611251831,0.013389530591666698
N14722,music,other,2.116356611251831,0.013389530591666698
N17179,news,news,2.116356611251831,0.013389530591666698
N19730,sports,sports,-43.62177276611328,0.27450284361839294
N546,finance,finance,-43.62177276611328,0.27450284361839294
N41855,video,video,-43.62177276611328,0.27450284361839294
N63535,lifestyle,lifestyle,-43.62177276611328,0.27450284361839294
N64481,autos,autos,-43.62177276611328,0.27450284361839294
N22789,sports,sports,-43.62177276611328,0.27450284361839294
N54273,video,video,2.116356611251831,0.013389530591666698
N19747,weather,weather,2.116356611251831,0.013389530591666698
N55002,travel,travel,2.116356611251831,0.013389530591666698
N63143,weather,weather,2.116356611251831,0.013389530591666698
N41004,foodanddrink,foodanddrink,2.116356611251831,0.013389530591666698
N50423,health,health,2.116356611251831,0.013389530591666698
N3934,foodanddrink,foodanddrink,-43.62177276611328,0.27450284361839294
N57202,sports,sports,-43.62177276611328,0.27450284361839294
N1815,sports,sports,-43.62177276611328,0.27450284361839294
N11270,video,video,31.926050186157227,3.825410842895508
N17870,sports,sports,-43.62177276611328,0.27450284361839294
N22363,travel,travel,-43.62177276611328,0.27450284361839294
N28176,travel,travel,2.116356611251831,0.013389530591666698
N42094,sports,sports,2.116356611251831,0.013389530591666698
N12696,news,news,2.116356611251831,0.013389530591666698
N4667,sports,sports,2.116356611251831,0.013389530591666698
N33638,sports,sports,2.116356611251831,0.013389530591666698
N61567,sports,sports,2.116356611251831,0.013389530591666698
N21111,sports,sports,29.539745330810547,-9.846199035644531
N15429,news,news,29.539745330810547,-9.846199035644531
N23928,sports,sports,-43.62177276611328,0.27450284361839294
N42233,news,news,-43.62177276611328,0.27450284361839294
N45323,news,news,-43.62177276611328,0.27450284361839294
N64960,news,news,-43.62177276611328,0.27450284361839294
N8483,video,video,-43.62177276611328,0.27450284361839294
N42121,health,health,-43.62177276611328,0.27450284361839294
N29755,health,health,2.116356611251831,0.013389530591666698
N42141,sports,sports,2.116356611251831,0.013389530591666698
N38504,video,video,2.116356611251831,0.013389530591666698
N43887,video,video,2.116356611251831,0.013389530591666698
N53134,news,news,2.116356611251831,0.013389530591666698
N5897,news,news,2.116356611251831,0.013389530591666698
N32451,sports,sports,-43.62177276611328,0.27450284361839294
N4515,news,news,-43.62177276611328,0.27450284361839294
N20227,lifestyle,lifestyle,-43.62177276611328,0.27450284361839294
N1989,finance,finance,-43.62177276611328,0.27450284361839294
N61472,video,video,-43.62177276611328,0.27450284361839294
N52530,sports,sports,-43.62177276611328,0.27450284361839294
N25256,news,news,2.116356611251831,0.013389530591666698
N33670,sports,sports,2.116356611251831,0.013389530591666698
N47825,news,news,2.116356611251831,0.013389530591666698
N61158,sports,sports,2.116356611251831,0.013389530591666698
N19887,sports,sports,2.116356611251831,0.013389530591666698
N9368,health,health,2.116356611251831,0.013389530591666698
N46915,travel,travel,-43.62177276611328,0.27450284361839294
N2904,health,health,-43.62177276611328,0.27450284361839294
N52138,sports,sports,-43.62177276611328,0.27450284361839294
N41503,health,health,-43.62177276611328,0.27450284361839294
N43655,video,video,-43.62177276611328,0.27450284361839294
N48894,sports,sports,-43.62177276611328,0.27450284361839294
N33663,sports,sports,2.116356611251831,0.013389530591666698
N61384,sports,sports,2.116356611251831,0.013389530591666698
N44717,sports,sports,2.116356611251831,0.013389530591666698
N29905,autos,autos,2.116356611251831,0.013389530591666698
N31454,sports,sports,2.116356611251831,0.013389530591666698
N4973,sports,sports,2.116356611251831,0.013389530591666698
N14871,sports,sports,-43.62177276611328,0.27450284361839294
N18310,news,news,-43.62177276611328,0.27450284361839294
N47370,sports,sports,-43.62177276611328,0.27450284361839294
N49510,lifestyle,lifestyle,-43.62177276611328,0.27450284361839294
N53584,news,news,-43.62177276611328,0.27450284361839294
N11218,sports,sports,32.606544494628906,3.1210379600524902
N33169,video,video,2.116356611251831,0.013389530591666698
N23244,sports,sports,2.116356611251831,0.013389530591666698
N39679,news,news,2.116356611251831,0.013389530591666698
N61412,lifestyle,lifestyle,2.116356611251831,0.013389530591666698
N43173,health,health,2.116356611251831,0.013389530591666698
N8118,sports,sports,2.116356611251831,0.013389530591666698
N19006,news,news,-43.62177276611328,0.27450284361839294
N39685,travel,travel,-43.62177276611328,0.27450284361839294
N36795,sports,sports,-43.62177276611328,0.27450284361839294
N18253,sports,sports,-43.62177276611328,0.27450284361839294
N37078,news,news,-43.62177276611328,0.27450284361839294
N22108,travel,travel,-43.62177276611328,0.27450284361839294
N17201,finance,finance,2.116356611251831,0.013389530591666698
N8560,autos,autos,2.116356611251831,0.013389530591666698
N1658,autos,autos,2.116356611251831,0.013389530591666698
N59960,news,news,2.116356611251831,0.013389530591666698
N17302,news,news,2.116356611251831,0.013389530591666698
N19486,news,news,2.116356611251831,0.013389530591666698
N42877,news,news,29.539745330810547,-9.846199035644531
N28539,sports,sports,29.539745330810547,-9.846199035644531
N18102,travel,travel,29.539745330810547,-9.846199035644531
N7382,tv,other,-43.62177276611328,0.27450284361839294
N6142,news,news,-43.62177276611328,0.27450284361839294
N44926,sports,sports,-43.62177276611328,0.27450284361839294
N33526,news,news,-43.62177276611328,0.27450284361839294
N11997,news,news,30.830341339111328,4.669919967651367
N35676,sports,sports,-43.62177276611328,0.27450284361839294
N7529,news,news,2.116356611251831,0.013389530591666698
N46612,sports,sports,2.116356611251831,0.013389530591666698
N37666,news,news,2.116356611251831,0.013389530591666698
N20776,news,news,2.116356611251831,0.013389530591666698
N45986,news,news,2.116356611251831,0.013389530591666698
N20233,sports,sports,2.116356611251831,0.013389530591666698
N33056,news,news,-43.62177276611328,0.27450284361839294
N20386,sports,sports,-43.62177276611328,0.27450284361839294
N34697,sports,sports,-43.62177276611328,0.27450284361839294
N22575,finance,finance,-43.62177276611328,0.27450284361839294
N65221,video,video,-43.62177276611328,0.27450284361839294
N21417,news,news,-43.62177276611328,0.27450284361839294
N34360,lifestyle,lifestyle,2.116356611251831,0.013389530591666698
N8090,news,news,2.116356611251831,0.013389530591666698
N39387,news,news,2.116356611251831,0.013389530591666698
N3437,news,news,2.116356611251831,0.013389530591666698
N1946,sports,sports,2.116356611251831,0.013389530591666698
N778,travel,travel,2.116356611251831,0.013389530591666698
N63381,health,health,-43.62177276611328,0.27450284361839294
N2327,news,news,-43.62177276611328,0.27450284361839294
N29497,news,news,-43.62177276611328,0.27450284361839294
N18311,sports,sports,-43.62177276611328,0.27450284361839294
N47206,video,video,-43.62177276611328,0.27450284361839294
N58857,finance,finance,-43.62177276611328,0.27450284361839294
N12391,lifestyle,lifestyle,31.24286651611328,6.527087211608887
N34844,news,news,12.61527156829834,-0.17586544156074524
N41794,video,video,12.676513671875,-0.13930727541446686
N50735,sports,sports,12.643404960632324,-0.21988266706466675
N13898,sports,sports,12.041211128234863,-0.5431085824966431
N21250,sports,sports,12.577519416809082,-0.1634773164987564
N2528,news,news,38.66469192504883,3.6349434852600098
N39736,sports,sports,38.6656608581543,3.6189210414886475
N58427,video,video,36.565818786621094,6.718318462371826
N40156,finance,finance,36.565284729003906,6.718230724334717
N15481,sports,sports,36.56599807739258,6.718102931976318
N29634,sports,sports,36.56602478027344,6.717503070831299
N19351,news,news,22.789400100708008,-0.7034391760826111
N37122,sports,sports,22.776012420654297,-0.7031375765800476
N24755,sports,sports,22.776708602905273,-0.7105344533920288
N23889,weather,weather,22.776914596557617,-0.6976350545883179
N34226,finance,finance,22.780929565429688,-0.7003937363624573
N36608,news,news,22.782567977905273,-0.7042765021324158
N33525,news,news,36.566123962402344,6.7173309326171875
N63220,news,news,36.56515884399414,6.718095302581787
N55029,sports,sports,36.565650939941406,6.7186713218688965
N2383,news,news,36.5652961730957,6.718504428863525
N44464,news,news,36.56511688232422,6.718067646026611
N31313,news,news,36.567073822021484,6.717883586883545
N16800,health,health,22.780921936035156,-0.7064651846885681
N17226,finance,finance,22.804121017456055,-0.7783520221710205
N25261,news,news,22.777156829833984,-0.7018719911575317
N30499,tv,other,22.786874771118164,-0.7028164863586426
N50130,video,video,22.791868209838867,-0.7199611663818359
N28339,weather,weather,22.786516189575195,-0.6979949474334717
N42643,sports,sports,22.922534942626953,-1.0820741653442383
N10997,news,news,30.887439727783203,4.886072158813477
