news_id,category,category_group,x,y
N40078,tv,other,11.327425003051758,-3.4040777683258057
N1032,sports,sports,22.903629302978516,-29.812211990356445
N37129,finance,finance,11.935171127319336,16.958805084228516
N44720,news,news,-45.83130645751953,22.965641021728516
N34169,lifestyle,lifestyle,17.796451568603516,12.271622657775879
N64593,health,health,-3.8004331588745117,-28.8968448638916
N61681,lifestyle,lifestyle,-2.189617395401001,-30.83909797668457
N60798,foodanddrink,foodanddrink,-4.297012805938721,-38.50054931640625
N27394,autos,autos,16.265064239501953,-36.74660873413086
N35774,foodanddrink,foodanddrink,-5.522995948791504,-33.408573150634766
N7951,news,news,-49.434173583984375,15.387202262878418
N58332,entertainment,other,1.0155664682388306,-31.882692337036133
N44133,foodanddrink,foodanddrink,-21.11252212524414,-37.875423431396484
N56461,finance,finance,-4.409554481506348,35.621971130371094
N46688,health,health,-5.89985990524292,-34.01227951049805
N25604,sports,sports,41.41599655151367,3.3833258152008057
N59271,weather,weather,-49.20808792114258,-0.9391443133354187
N33458,news,news,-8.371712684631348,39.47694778442383
N61084,lifestyle,lifestyle,-33.71446990966797,-27.3354434967041
N7403,news,news,-41.853424072265625,16.58646011352539
N12188,news,news,-15.509678840637207,6.541962146759033
N61483,lifestyle,lifestyle,5.13632869720459,-24.056089401245117
N58730,foodanddrink,foodanddrink,-15.548243522644043,-37.9973030090332
N44573,news,news,-28.678186416625977,-9.184725761413574
N43677,music,other,10.440732955932617,12.075833320617676
N32180,news,news,-31.523649215698242,22.591602325439453
N24959,video,video,-10.229723930358887,-20.044952392578125
N46858,travel,travel,-8.248830795288086,-22.276865005493164
N33853,sports,sports,62.225685119628906,17.459739685058594
N7234,lifestyle,lifestyle,-2.915405511856079,-23.40065574645996
N31444,health,health,-4.2863945960998535,4.037632942199707
N15424,health,health,0.07915741205215454,-25.443769454956055
N62758,autos,autos,15.2189302444458,-38.83767318725586
N48194,sports,sports,49.867408752441406,-13.149707794189453
N35527,sports,sports,47.333168029785156,-21.57740020751953
N31430,news,news,-43.29216384887695,-19.773700714111328
N122,finance,finance,-2.291022300720215,10.437163352966309
N51409,autos,autos,14.463274955749512,-40.64400100708008
N9432,weather,weather,-50.80940628051758,-29.676490783691406
N28392,news,news,-26.075712203979492,-18.42534065246582
N41764,tv,other,7.695159912109375,11.793404579162598
N7829,news,news,-16.85822105407715,40.83480453491211
N33277,sports,sports,58.517059326171875,4.936112403869629
N5717,finance,finance,-1.3918784856796265,-17.16461944580078
N10868,lifestyle,lifestyle,-33.29395294189453,-27.988466262817383
N15913,lifestyle,lifestyle,-2.8440732955932617,-34.972049713134766
N41526,lifestyle,lifestyle,-1.0403581857681274,-32.425987243652344
N2968,lifestyle,lifestyle,-17.53139877319336,-21.984779357910156
N1816,travel,travel,-7.384941577911377,-22.495594024658203
N3527,sports,sports,25.153776168823242,-27.59357452392578
N35778,travel,travel,-12.058967590332031,-22.423885345458984
N38956,sports,sports,56.678855895996094,-10.959676742553711
N22652,sports,sports,61.368011474609375,19.297401428222656
N10530,foodanddrink,foodanddrink,8.132025718688965,-22.040395736694336
N62176,sports,sports,52.111385345458984,-20.792631149291992
N17119,foodanddrink,foodanddrink,-2.867014169692993,-31.907941818237305
N15212,sports,sports,49.70457458496094,-21.718929290771484
N37822,news,news,-18.72613525390625,46.028865814208984
N2087,music,other,2.009753704071045,7.788213729858398
N24966,sports,sports,39.07447052001953,3.1660804748535156
N48433,news,news,-7.289256572723389,40.75736999511719
N57812,news,news,-15.512039184570312,-18.12632942199707
N28964,sports,sports,27.473087310791016,-3.912614107131958
N2867,foodanddrink,foodanddrink,-4.205794811248779,-36.66614532470703
N10670,news,news,-31.080307006835938,23.756214141845703
N37890,weather,weather,-51.46451187133789,-24.414321899414062
N12435,sports,sports,-7.173771381378174,9.442683219909668
N560,movies,other,7.94484806060791,-8.038260459899902
N26502,tv,other,11.598088264465332,-3.81195068359375
N7201,tv,other,14.196654319763184,4.665947437286377
N18905,foodanddrink,foodanddrink,-16.114736557006836,-40.276859283447266
N7359,tv,other,11.65354061126709,-4.000412464141846
N42288,news,news,-3.0838096141815186,13.519383430480957
N41490,foodanddrink,foodanddrink,8.681180953979492,-3.6555657386779785
N42432,foodanddrink,foodanddrink,-22.386457443237305,-43.9290885925293
N15811,lifestyle,lifestyle,17.037277221679688,11.362775802612305
N22495,finance,finance,-9.725020408630371,-7.985766410827637
N62850,news,news,-20.098770141601562,43.7194938659668
N49121,health,health,-7.174050331115723,4.249200344085693
N60077,news,news,-21.155254364013672,42.01700973510742
N17782,sports,sports,64.37992095947266,-15.402198791503906
N16475,news,news,-43.159793853759766,1.3602566719055176
N22974,sports,sports,22.747201919555664,-4.965488433837891
N62442,sports,sports,26.93035125732422,-20.580514907836914
N18082,foodanddrink,foodanddrink,-8.660872459411621,-40.080894470214844
N32209,health,health,6.950064659118652,11.729726791381836
N51658,weather,weather,-55.38532638549805,-25.119279861450195
N22048,foodanddrink,foodanddrink,-7.034399032592773,-36.480262756347656
N7582,video,video,41.84815216064453,7.685147285461426
N8608,video,video,-4.23298454284668,2.1887929439544678
N4607,autos,autos,-54.04233932495117,14.370888710021973
N23115,news,news,-41.480194091796875,21.430435180664062
N42370,news,news,-34.42638397216797,14.044212341308594
N17725,video,video,9.326933860778809,-19.903884887695312
N3386,news,news,-6.498806476593018,31.159074783325195
N46597,health,health,-3.927518129348755,6.809812068939209
N24670,sports,sports,30.586942672729492,16.106979370117188
N5018,news,news,-52.897953033447266,-11.172015190124512
N5366,sports,sports,60.88729476928711,13.03991985321045
N54961,news,news,-33.11267852783203,1.0831218957901
N28895,lifestyle,lifestyle,3.138681173324585,-29.223190307617188
N8697,finance,finance,-0.06055210903286934,-11.592703819274902
N52468,sports,sports,33.17805480957031,4.966887950897217
N688,health,health,-4.06831169128418,4.457317352294922
N64448,sports,sports,59.95907974243164,-17.932268142700195
N45147,sports,sports,33.8740348815918,-11.11900520324707
N46701,travel,travel,-33.348819732666016,-28.35899543762207
N9411,sports,sports,45.130916595458984,-19.37788200378418
N44458,sports,sports,50.19387435913086,-19.20921516418457
N34920,health,health,-8.87539291381836,3.973116874694824
N9047,lifestyle,lifestyle,1.2762706279754639,-20.582347869873047
N14201,lifestyle,lifestyle,-0.618960976600647,5.297983646392822
N24994,finance,finance,-21.08243179321289,-23.749141693115234
N8886,lifestyle,lifestyle,1.203417181968689,-28.626934051513672
N8864,news,news,-32.480445861816406,14.873916625976562
N31451,news,news,5.799516201019287,36.921321868896484
N13504,travel,travel,-8.566006660461426,-27.329896926879883
N39157,health,health,-3.8070623874664307,-29.016765594482422
N58647,entertainment,other,4.401717185974121,3.923085927963257
N40735,sports,sports,65.71417236328125,-9.288619995117188
N47653,finance,finance,0.6798277497291565,-17.446121215820312
N21447,lifestyle,lifestyle,3.3077945709228516,-28.87190055847168
N26603,news,news,-1.3844274282455444,36.80228042602539
N30424,travel,travel,-51.305572509765625,9.47931957244873
N53750,health,health,-1.836556077003479,-23.687454223632812
N24915,autos,autos,14.151542663574219,-34.42012023925781
N27151,travel,travel,-5.333590507507324,-24.416915893554688
N50117,sports,sports,51.73918151855469,20.918672561645508
N3635,news,news,-28.76561164855957,19.080480575561523
N21815,tv,other,12.536323547363281,-3.296166181564331
N59691,finance,finance,-18.443775177001953,3.1821377277374268
N26924,lifestyle,lifestyle,-11.71469497680664,1.1445446014404297
N31465,sports,sports,50.072959899902344,-19.4141902923584
N40967,autos,autos,-53.31106948852539,9.426493644714355
N4432,news,news,0.39135703444480896,32.88991165161133
N15161,news,news,-5.043837547302246,11.13636589050293
N50272,sports,sports,25.513153076171875,7.3893890380859375
N24749,foodanddrink,foodanddrink,-14.940858840942383,-34.925804138183594
N65016,lifestyle,lifestyle,3.1145241260528564,-22.50526237487793
N5065,sports,sports,60.43581008911133,-5.214971542358398
N34677,news,news,-54.12910079956055,14.915323257446289
N4911,sports,sports,51.68474578857422,-23.47615623474121
N39613,video,video,6.759284019470215,3.9225008487701416
N6172,foodanddrink,foodanddrink,-1.855173110961914,0.4366613030433655
N36091,tv,other,9.348722457885742,15.479857444763184
N41902,sports,sports,38.697723388671875,10.673503875732422
N36127,sports,sports,56.419586181640625,-9.03997802734375
N31290,video,video,-33.93843078613281,24.132312774658203
N52139,video,video,-1.1136893033981323,35.67664337158203
N30148,weather,weather,-55.60498046875,-9.848260879516602
N42508,news,news,-8.454297065734863,-9.07116413116455
N14322,finance,finance,2.0488173961639404,-18.09952163696289
N26050,news,news,-17.876840591430664,47.001121520996094
N47754,foodanddrink,foodanddrink,-3.285598039627075,-40.30839538574219
N42812,weather,weather,-49.453086853027344,-20.042970657348633
N36270,lifestyle,lifestyle,17.3743896484375,6.139503479003906
N60978,finance,finance,-2.9597861766815186,-14.17919635772705
N45388,sports,sports,57.657100677490234,22.35440444946289
N6694,lifestyle,lifestyle,17.710378646850586,12.116883277893066
N28252,video,video,-18.02598762512207,44.01016616821289
N58745,finance,finance,-0.593388020992279,-15.709086418151855
N49852,foodanddrink,foodanddrink,-3.477893829345703,-32.99454116821289
N55318,tv,other,10.590173721313477,12.494792938232422
N29078,news,news,3.8506503105163574,28.955392837524414
N35404,autos,autos,8.855993270874023,-32.926475524902344
N7498,video,video,-18.21078872680664,-15.168874740600586
N22156,news,news,-2.9652252197265625,33.66556167602539
N53240,lifestyle,lifestyle,3.645936965942383,-23.097434997558594
N12142,news,news,-30.33582305908203,18.419475555419922
N48589,autos,autos,16.55499839782715,-37.723567962646484
N36669,video,video,-16.04380989074707,-20.36708641052246
N42786,tv,other,4.075857639312744,30.81024169921875
N10339,sports,sports,54.52739715576172,27.753318786621094
N62996,health,health,-15.974379539489746,-29.353578567504883
N52236,foodanddrink,foodanddrink,-8.493066787719727,-39.02248764038086
N32147,news,news,-54.80281448364258,20.200035095214844
N25577,news,news,0.7459041476249695,30.181026458740234
N52261,foodanddrink,foodanddrink,-15.418116569519043,-39.43308639526367
N37869,weather,weather,1.9493929147720337,-26.61498260498047
N46861,music,other,9.645315170288086,11.800043106079102
N40178,news,news,-9.766890525817871,19.14763832092285
N35819,lifestyle,lifestyle,9.400525093078613,-9.97695541381836
N50563,lifestyle,lifestyle,1.7852085828781128,-29.72927474975586
N41214,weather,weather,-59.657249450683594,-5.9502763748168945
N13996,travel,travel,-13.093192100524902,-25.34646224975586
N61066,news,news,6.288736820220947,4.440038681030273
N60673,music,other,15.564961433410645,8.090421676635742
N18699,news,news,-55.41582489013672,18.166427612304688
N32510,sports,sports,14.736505508422852,-15.655538558959961
N62900,sports,sports,29.108409881591797,18.315139770507812
N34909,lifestyle,lifestyle,-1.6197996139526367,-21.517261505126953
N11451,foodanddrink,foodanddrink,-8.148110389709473,-39.94844055175781
N58234,sports,sports,50.21416473388672,11.147214889526367
N56002,sports,sports,40.2676887512207,-4.211915016174316
N26753,finance,finance,-11.755362510681152,-14.188283920288086
N43542,sports,sports,25.016590118408203,-17.835886001586914
N5719,sports,sports,59.58464431762695,-10.739702224731445
N4027,travel,travel,-7.6576409339904785,-25.893903732299805
N54007,finance,finance,52.81163787841797,24.244029998779297
N57934,news,news,-17.54817771911621,-18.49665069580078
N27039,health,health,-1.238784909248352,-24.853660583496094
N16553,tv,other,8.399449348449707,-26.207815170288086
N59057,news,news,8.396747589111328,-26.190919876098633
N41252,foodanddrink,foodanddrink,-10.202913284301758,-35.2115592956543
N55278,sports,sports,59.610774993896484,-18.049243927001953
N19739,video,video,-30.68726921081543,-22.143665313720703
N57426,lifestyle,lifestyle,15.008415222167969,8.612723350524902
N44441,travel,travel,-6.142714977264404,-24.933616638183594
N54550,news,news,-11.3457670211792,-15.926126480102539
N30806,weather,weather,-55.52118682861328,4.833311080932617
N43405,sports,sports,36.87538146972656,10.493501663208008
N54808,news,news,-5.05234956741333,33.418643951416016
N47354,sports,sports,62.57318115234375,-11.145374298095703
N22779,autos,autos,3.6860365867614746,-32.95832824707031
N49093,foodanddrink,foodanddrink,-4.646950721740723,-38.55917739868164
N21328,lifestyle,lifestyle,21.272022247314453,7.655059337615967
N23660,news,news,10.186623573303223,-39.59429168701172
N22934,music,other,2.3474204540252686,5.084022045135498
N8719,news,news,-14.605198860168457,39.1618766784668
N1933,sports,sports,60.98821258544922,-25.854360580444336
N31455,health,health,3.276973009109497,-24.35640525817871
N50296,news,news,-2.5237691402435303,28.392868041992188
N7078,sports,sports,5.429351329803467,-4.290977478027344
N58805,weather,weather,-49.4797477722168,-22.11609649658203
N49243,news,news,-37.74858093261719,19.49306297302246
N4336,sports,sports,66.92042541503906,-0.8342663645744324
N8596,news,news,-43.692298889160156,0.4644621014595032
N45731,sports,sports,25.02704429626465,-20.46038055419922
N19544,sports,sports,31.71071434020996,21.604736328125
N13562,news,news,-0.7362214922904968,45.9990119934082
N37510,travel,travel,-12.433064460754395,-24.549654006958008
N61,health,health,-3.0826351642608643,-27.12546157836914
N20988,lifestyle,lifestyle,14.89713191986084,10.482782363891602
N39693,foodanddrink,foodanddrink,-6.9471259117126465,-35.336097717285156
N9172,sports,sports,60.05038833618164,15.680659294128418
N37457,news,news,-3.062556743621826,27.44883155822754
N54365,foodanddrink,foodanddrink,-1.317392349243164,-32.593231201171875
N18632,health,health,-1.9217280149459839,-25.53455352783203
N31181,finance,finance,-16.527124404907227,-9.475201606750488
N32391,video,video,-44.89286804199219,2.111959218978882
N40265,news,news,-3.00673770904541,34.114219665527344
N50419,travel,travel,-53.49987030029297,18.260297775268555
N44938,finance,finance,3.2672297954559326,-15.157377243041992
N20835,weather,weather,-56.68111801147461,-25.977476119995117
N52028,movies,other,11.900252342224121,8.017986297607422
N35361,news,news,-30.082748413085938,3.278909683227539
N63241,finance,finance,-21.077281951904297,-23.682544708251953
N24847,sports,sports,61.72734069824219,13.596729278564453
N56583,sports,sports,51.326717376708984,-8.20751953125
N10267,news,news,0.6189793348312378,34.475975036621094
N39980,lifestyle,lifestyle,-0.41715025901794434,-34.3050422668457
N50630,tv,other,8.062009811401367,0.41924190521240234
N59346,sports,sports,24.72607421875,23.286710739135742
N36096,entertainment,other,12.957422256469727,9.426074981689453
N14316,lifestyle,lifestyle,2.9150500297546387,-33.09645462036133
N50864,tv,other,5.032018184661865,8.938469886779785
N63779,finance,finance,-20.372610092163086,-0.05971000716090202
N60263,weather,weather,-59.647457122802734,-5.658951759338379
N2926,sports,sports,59.25018310546875,-23.201749801635742
N12761,foodanddrink,foodanddrink,-12.251829147338867,-39.35421371459961
N1169,sports,sports,70.4044189453125,-14.399239540100098
N14544,lifestyle,lifestyle,3.03438138961792,-29.274747848510742
N4017,sports,sports,50.52959442138672,-12.19459056854248
N21347,finance,finance,-15.153355598449707,35.30315017700195
N12074,news,news,-28.386404037475586,20.924179077148438
N1926,entertainment,other,9.934054374694824,-4.688459396362305
N44494,sports,sports,24.152708053588867,-3.40586256980896
N57350,news,news,-49.16585922241211,25.042789459228516
N13911,news,news,-42.90632247924805,11.555264472961426
N56354,news,news,-1.945696234703064,28.211423873901367
N8667,news,news,-15.08995246887207,-13.044968605041504
N22542,sports,sports,51.99765396118164,0.620607316493988
N55296,lifestyle,lifestyle,4.707895278930664,-23.917768478393555
N58207,news,news,-49.42035675048828,24.511444091796875
N41741,health,health,-21.227079391479492,3.1805660724639893
N62175,finance,finance,-15.901495933532715,-27.650344848632812
N17675,video,video,9.35619831085205,32.97860336303711
N26437,health,health,-1.7752093076705933,-27.279489517211914
N41122,autos,autos,13.534422874450684,-40.0432243347168
N986,finance,finance,-17.294410705566406,-6.403177261352539
N10310,news,news,3.6965839862823486,43.22058868408203
N54003,lifestyle,lifestyle,-3.618431329727173,-21.23419189453125
N4042,health,health,-20.605863571166992,3.6639134883880615
N23284,news,news,-5.763845443725586,34.805885314941406
N24251,movies,other,11.76093578338623,-2.9102320671081543
N36627,lifestyle,lifestyle,-11.788227081298828,-11.777507781982422
N5699,foodanddrink,foodanddrink,-4.743854522705078,-30.969253540039062
N13377,finance,finance,-23.79353141784668,-23.036495208740234
N58339,sports,sports,39.45147705078125,-24.248525619506836
N14431,autos,autos,15.70228099822998,-38.453529357910156
N8237,foodanddrink,foodanddrink,-5.704537391662598,-36.31179428100586
N35437,health,health,-1.1120266914367676,-27.395736694335938
N33974,video,video,-19.835622787475586,45.83687973022461
N30267,finance,finance,-24.354211807250977,-38.64787673950195
N49643,autos,autos,-57.72775650024414,17.062204360961914
N55570,sports,sports,60.3425178527832,20.29100799560547
N59447,news,news,-15.439098358154297,10.078879356384277
N58616,finance,finance,0.7410905957221985,-11.682352066040039
N30546,news,news,-43.16075134277344,17.139259338378906
N521,movies,other,13.163792610168457,-5.179748058319092
N58809,finance,finance,-0.5608217120170593,-17.39096450805664
N40759,finance,finance,2.3358631134033203,-17.660442352294922
N51317,news,news,-25.19121742248535,2.886409282684326
N60395,finance,finance,-17.007572174072266,19.17666244506836
N30271,sports,sports,52.5313720703125,-16.400524139404297
N14850,travel,travel,-41.992881774902344,-5.339500904083252
N7488,news,news,-25.762460708618164,11.794760704040527
N36909,autos,autos,12.897397994995117,-38.008934020996094
N18036,weather,weather,-53.1469612121582,-24.79277801513672
N39206,news,news,-23.744943618774414,13.237828254699707
N64910,sports,sports,52.27846908569336,-7.799532413482666
N61207,news,news,-16.921499252319336,49.562660217285156
N2244,foodanddrink,foodanddrink,-4.281350135803223,-39.25187301635742
N5548,video,video,2.1971070766448975,2.83805775642395
N27697,sports,sports,68.12029266357422,-19.96855926513672
N15681,sports,sports,60.98197555541992,-11.364221572875977
N59608,video,video,-31.852191925048828,-21.004404067993164
N23315,foodanddrink,foodanddrink,-14.884196281433105,-29.790969848632812
N11773,health,health,-15.23348331451416,-44.12736129760742
N26333,lifestyle,lifestyle,-3.7970175743103027,2.325547933578491
N26796,news,news,-47.210472106933594,17.470903396606445
N53167,lifestyle,lifestyle,-8.804926872253418,6.41892671585083
N4037,sports,sports,49.515560150146484,15.21420669555664
N44310,news,news,-38.59603500366211,-15.912642478942871
N46414,entertainment,other,-8.218572616577148,-1.7610673904418945
N34837,foodanddrink,foodanddrink,-17.2644100189209,-41.2824592590332
N31915,autos,autos,14.639720916748047,-40.392822265625
N54589,news,news,-49.526092529296875,-19.68813133239746
N56382,news,news,-35.48810577392578,-21.319425582885742
N43846,finance,finance,1.2397648096084595,11.873161315917969
N48058,news,news,-3.256269931793213,46.18566131591797
N22889,news,news,-16.79296112060547,-5.641320705413818
N17247,news,news,-4.581747055053711,-11.749737739562988
N47558,health,health,4.236922264099121,9.77001667022705
N56816,sports,sports,60.70792770385742,-11.341140747070312
N55968,sports,sports,23.248863220214844,-31.056856155395508
N44660,weather,weather,-29.421024322509766,-1.7510061264038086
N50860,sports,sports,47.970272064208984,-26.171815872192383
N44852,sports,sports,56.940486907958984,-6.973186016082764
N54707,travel,travel,-17.355195999145508,-36.771488189697266
N29911,lifestyle,lifestyle,17.148401260375977,10.324472427368164
N6548,news,news,-4.161582946777344,44.57645034790039
N43077,news,news,-6.012233734130859,39.42095184326172
N53191,autos,autos,-57.82219696044922,18.18332862854004
N33609,sports,sports,57.08573532104492,21.990398406982422
N53761,foodanddrink,foodanddrink,-3.106550931930542,-38.05098342895508
N33515,foodanddrink,foodanddrink,-18.301759719848633,-39.55426788330078
N32036,foodanddrink,foodanddrink,-15.615068435668945,-37.85496520996094
N9134,entertainment,other,11.245851516723633,9.236430168151855
N43643,sports,sports,61.53290939331055,-8.385385513305664
N525,news,news,-9.612252235412598,31.75731658935547
N24793,news,news,-49.207176208496094,-19.093215942382812
N55542,sports,sports,64.3082275390625,-8.215795516967773
N8893,tv,other,13.964899063110352,6.199859619140625
N38260,sports,sports,20.271154403686523,0.9632859230041504
N14673,sports,sports,57.59669876098633,29.24765968322754
N17135,news,news,4.539614677429199,24.698209762573242
N3581,travel,travel,-2.493985414505005,-17.14878273010254
N48885,tv,other,46.59227752685547,4.166233539581299
N54415,sports,sports,58.14715576171875,16.81004524230957
N62319,news,news,-25.971132278442383,16.520137786865234
N53792,sports,sports,24.586227416992188,-30.903057098388672
N5809,news,news,-18.96331214904785,14.587699890136719
N60311,news,news,-35.148372650146484,2.1580758094787598
N39435,sports,sports,68.02005004882812,-7.6671600341796875
N45614,news,news,-29.95821762084961,10.212052345275879
N57416,news,news,0.35584720969200134,9.119126319885254
N35817,sports,sports,60.75483703613281,18.929323196411133
N13836,sports,sports,53.6361083984375,-18.879589080810547
N12966,video,video,-0.4497951567173004,35.93072509765625
N64310,health,health,-2.4251863956451416,-27.121299743652344
N5932,health,health,-21.92017364501953,-1.4434864521026611
N11657,sports,sports,51.967926025390625,15.036258697509766
N26229,finance,finance,-14.021631240844727,-9.154251098632812
N42192,news,news,-17.757568359375,47.02465057373047
N61872,news,news,62.9437370300293,11.558998107910156
N41386,sports,sports,12.429590225219727,-9.76058292388916
N58821,news,news,-54.88950729370117,-0.7570244669914246
N3018,news,news,-4.952237606048584,32.62189865112305
N63265,health,health,-15.899208068847656,-29.425851821899414
N33922,news,news,-7.201405048370361,40.205291748046875
N28267,sports,sports,59.555423736572266,-19.652990341186523
N53711,sports,sports,26.860279083251953,-21.011415481567383
N20935,sports,sports,59.133968353271484,18.5036563873291
N54549,foodanddrink,foodanddrink,-18.34599494934082,-43.70201873779297
N25636,video,video,-36.535099029541016,-20.189491271972656
N59419,news,news,-9.712096214294434,19.077239990234375
N51770,sports,sports,62.2700080871582,15.913904190063477
N32339,foodanddrink,foodanddrink,-1.291769027709961,-37.25170135498047
N4019,news,news,-53.92766571044922,0.03140958398580551
N6506,lifestyle,lifestyle,-35.804542541503906,-22.127717971801758
N18976,finance,finance,1.9299373626708984,-15.991866111755371
N54047,news,news,-38.42388916015625,27.83687400817871
N52346,news,news,-0.7454932332038879,39.33108901977539
N34571,finance,finance,-38.87834167480469,18.316913604736328
N54416,sports,sports,50.12232208251953,-17.7663631439209
N17365,news,news,-14.345000267028809,45.028560638427734
N12791,news,news,8.602696418762207,-26.025758743286133
N42292,health,health,1.412224292755127,7.6640400886535645
N48041,video,video,-17.38277244567871,41.92594528198242
N10762,sports,sports,52.431922912597656,9.300707817077637
N49975,music,other,12.111761093139648,13.200761795043945
N48398,sports,sports,44.741943359375,1.9629237651824951
N13592,finance,finance,-10.765522003173828,-5.030128002166748
N9822,health,health,-20.98956298828125,3.504084825515747
N34134,news,news,-28.536684036254883,11.840556144714355
N25189,entertainment,other,2.416063070297241,-34.71065902709961
N58434,news,news,-47.404361724853516,-8.282651901245117
N27484,news,news,-5.506315231323242,0.8295260071754456
N43357,autos,autos,14.163430213928223,-39.342533111572266
N20448,sports,sports,28.092464447021484,22.03977394104004
N56617,travel,travel,-43.46268081665039,1.2271320819854736
N37305,news,news,-48.41084289550781,6.143460750579834
N59763,news,news,-9.234764099121094,34.96610641479492
N14386,news,news,-14.52934455871582,26.760530471801758
N28605,finance,finance,-7.692265510559082,-10.946305274963379
N821,news,news,-25.50262451171875,18.908479690551758
N13968,movies,other,3.0259385108947754,-0.4988151490688324
N26978,lifestyle,lifestyle,-38.632789611816406,-12.491552352905273
N38670,news,news,-30.34632682800293,-14.97787094116211
N43864,news,news,-10.94536304473877,34.2569694519043
N7823,news,news,-16.099197387695312,44.54528045654297
N48212,news,news,-34.975154876708984,16.196908950805664
N62183,video,video,-11.832600593566895,-19.331283569335938
N33131,news,news,-27.142099380493164,39.91840362548828
N47465,entertainment,other,19.547882080078125,2.0187902450561523
N26930,sports,sports,49.98217010498047,21.342992782592773
N8623,news,news,-11.247593879699707,45.22157287597656
N62311,foodanddrink,foodanddrink,10.148223876953125,-7.872093200683594
N28272,news,news,-44.61989974975586,19.811012268066406
N14980,finance,finance,-3.864798069000244,-3.986056089401245
N34445,autos,autos,13.944025993347168,-38.38735580444336
N43105,video,video,-59.45099639892578,-4.763700008392334
N41270,sports,sports,14.341252326965332,-12.656388282775879
N50094,sports,sports,29.96585464477539,21.852094650268555
N4445,news,news,-7.510597229003906,44.52014923095703
N42106,news,news,-24.805124282836914,23.19293212890625
N45902,sports,sports,57.924198150634766,-8.653921127319336
N47478,sports,sports,56.012107849121094,-13.124719619750977
N45732,news,news,-57.19424819946289,19.925493240356445
N53726,finance,finance,-4.076084136962891,-22.11406135559082
N33613,weather,weather,-46.74811553955078,-0.7450386881828308
N35949,news,news,-25.111085891723633,19.529090881347656
N28651,news,news,-10.937044143676758,44.02629089355469
N62283,news,news,-7.287328720092773,32.515830993652344
N11049,news,news,-4.257094383239746,34.4251594543457
N7528,sports,sports,23.333345413208008,-4.01898717880249
N38414,news,news,-25.536996841430664,23.32742691040039
N46059,health,health,-22.33519744873047,23.8398380279541
N33168,weather,weather,-59.91724395751953,-7.0763678550720215
N60607,tv,other,4.05927038192749,10.104562759399414
N1167,tv,other,18.994434356689453,6.991478443145752
N12867,finance,finance,-14.549535751342773,-5.873239994049072
N45785,sports,sports,52.3779296875,-1.6319355964660645
N42983,sports,sports,47.18338394165039,-21.523605346679688
N46033,foodanddrink,foodanddrink,-3.8101296424865723,-33.82655334472656
N22076,sports,sports,-33.97979736328125,21.836145401000977
N46246,sports,sports,2.674024820327759,-0.5365399718284607
N36833,finance,finance,2.532648801803589,-15.494145393371582
N35192,sports,sports,15.733013153076172,-14.45588493347168
N13238,news,news,-52.443206787109375,11.063220977783203
N5440,news,news,-28.01702308654785,12.174566268920898
N62069,sports,sports,36.09957504272461,6.91424036026001
N5837,news,news,-39.76561737060547,20.239704132080078
N21202,news,news,0.15949541330337524,47.72168731689453
N24660,news,news,11.731861114501953,-39.87372589111328
N3808,sports,sports,61.33062744140625,-25.84974479675293
N12889,autos,autos,6.518885612487793,-32.4028205871582
N47228,news,news,-16.445777893066406,48.97044372558594
N24356,news,news,-11.489887237548828,16.333049774169922
N34131,sports,sports,65.87489318847656,-10.231256484985352
N18848,weather,weather,-61.91928482055664,-5.084560394287109
N19154,video,video,-4.232682704925537,43.656532287597656
N65043,news,news,-37.88338088989258,20.753257751464844
N3384,foodanddrink,foodanddrink,-17.193178176879883,-31.149763107299805
N42782,sports,sports,30.72686195373535,25.75311851501465
N9945,news,news,-11.58357048034668,-16.331132888793945
N22983,sports,sports,50.53410339355469,-17.22429847717285
N64820,sports,sports,35.16670608520508,-4.387462139129639
N44649,news,news,-53.8865966796875,-11.111318588256836
N59698,sports,sports,40.484901428222656,6.569059371948242
N5243,sports,sports,45.366676330566406,-16.471860885620117
N40845,news,news,-38.38459396362305,16.019088745117188
N51361,news,news,-30.80769920349121,3.4054224491119385
N49266,sports,sports,26.139495849609375,-19.948226928710938
N31533,news,news,-24.189382553100586,-13.42967700958252
N5011,sports,sports,27.7061824798584,18.006601333618164
N7211,sports,sports,51.89190673828125,-25.743206024169922
N24317,sports,sports,28.555269241333008,28.065967559814453
N25870,tv,other,12.26401138305664,6.151788711547852
N5863,news,news,-20.659334182739258,-11.604473114013672
N1153,sports,sports,50.878387451171875,14.0323486328125
N25324,foodanddrink,foodanddrink,-5.604571342468262,-36.70181655883789
N37598,autos,autos,16.526132583618164,-36.721500396728516
N29690,travel,travel,-6.570687294006348,-26.863489151000977
N43520,news,news,-7.460266590118408,36.80478286743164
N6068,news,news,-19.629253387451172,-3.954881191253662
N35566,sports,sports,43.992652893066406,9.506490707397461
N61103,news,news,-7.275341987609863,32.46512222290039
N32483,tv,other,-0.16996687650680542,12.879944801330566
N29373,news,news,-5.479893684387207,40.62984085083008
N10673,finance,finance,-23.481889724731445,-32.75421905517578
N47056,news,news,-3.275038242340088,4.338005542755127
N1864,travel,travel,-23.09273910522461,-20.551664352416992
N37974,travel,travel,-31.303129196166992,-3.8694908618927
N45112,sports,sports,68.02005004882812,-7.6671600341796875
N31256,sports,sports,57.200016021728516,-22.742191314697266
N25618,news,news,10.004855155944824,3.4584286212921143
N60712,sports,sports,48.03341293334961,10.042887687683105
N45867,sports,sports,58.34178161621094,-22.861154556274414
N23119,movies,other,9.422686576843262,15.111740112304688
N39241,sports,sports,52.87818908691406,-10.875255584716797
N15339,sports,sports,56.62867736816406,-11.133673667907715
N46616,foodanddrink,foodanddrink,-8.667451858520508,-39.53187561035156
N47473,travel,travel,-26.171937942504883,-22.147207260131836
N44150,music,other,8.951390266418457,-4.416747093200684
N57372,sports,sports,56.83796310424805,11.595754623413086
N63874,sports,sports,34.370243072509766,7.327644348144531
N33978,sports,sports,28.123382568359375,-19.34133529663086
N26655,weather,weather,-57.2741813659668,-23.832305908203125
N62240,foodanddrink,foodanddrink,-11.565553665161133,-38.4952392578125
N57671,travel,travel,-11.723447799682617,10.114039421081543
N17062,news,news,-26.876039505004883,14.358879089355469
N61624,news,news,-42.258270263671875,19.86260223388672
N50181,foodanddrink,foodanddrink,-9.31226921081543,-35.57356643676758
N40929,news,news,-37.285865783691406,-23.804595947265625
N29670,sports,sports,42.72689437866211,-4.5559306144714355
N18768,sports,sports,66.38867950439453,-12.377424240112305
N13060,autos,autos,15.651711463928223,-37.53408432006836
N21596,finance,finance,0.5084181427955627,-17.69856071472168
N27277,travel,travel,0.1314089000225067,0.19149906933307648
N5683,news,news,-16.57283592224121,32.67878341674805
N21751,sports,sports,57.18421936035156,-6.4906511306762695
N41564,sports,sports,43.034942626953125,-20.28624725341797
N19140,sports,sports,45.8831787109375,-13.118185043334961
N32617,video,video,-6.553902626037598,-30.92739486694336
N2465,sports,sports,0.1195506826043129,-3.4474878311157227
N51072,news,news,-44.07267379760742,18.239431381225586
N24667,news,news,-12.91170883178711,7.591029644012451
N12810,news,news,-32.6636848449707,4.9640727043151855
N3003,finance,finance,-5.644078254699707,-14.198580741882324
N31129,news,news,-50.356929779052734,-23.50935935974121
N10394,sports,sports,28.442594528198242,17.558422088623047
N5567,travel,travel,-55.71543884277344,-4.554950714111328
N44055,sports,sports,26.448171615600586,3.563720703125
N14212,news,news,-28.846660614013672,39.971893310546875
N57273,sports,sports,22.575681686401367,-5.486618995666504
N56986,news,news,-29.550058364868164,19.034854888916016
N62486,news,news,-15.72492504119873,46.979736328125
N8211,sports,sports,44.0748405456543,-16.96319580078125
N58915,sports,sports,68.5198974609375,-13.525043487548828
N55519,news,news,-43.40486526489258,20.19730567932129
N45126,health,health,-15.954047203063965,-34.51282501220703
N10090,weather,weather,-59.54396438598633,-3.3184056282043457
N18427,news,news,-5.0865631103515625,29.084918975830078
N55920,finance,finance,-12.284051895141602,-4.927339553833008
N23424,sports,sports,67.85218048095703,-14.843185424804688
N13965,sports,sports,24.261362075805664,-2.689763069152832
N50827,sports,sports,28.984098434448242,25.60809898376465
N64265,news,news,11.762083053588867,-40.90055847167969
N9133,travel,travel,-14.485608100891113,-13.91885757446289
N26130,entertainment,other,10.78268814086914,-4.054450035095215
N47719,news,news,-10.638108253479004,37.22254943847656
N36541,news,news,-4.719258785247803,28.96631622314453
N63358,health,health,-23.595712661743164,12.246037483215332
N22649,news,news,-29.662450790405273,17.904403686523438
N16629,finance,finance,-14.304752349853516,-6.944092750549316
N34114,news,news,48.58809280395508,30.622013092041016
N1171,sports,sports,40.50819778442383,5.956428050994873
N30448,autos,autos,16.362499237060547,-34.4322395324707
N61308,news,news,-22.64008903503418,18.02067756652832
N58901,news,news,7.8226847648620605,-22.557950973510742
N31318,news,news,-15.808836936950684,47.59138488769531
N16820,news,news,-17.21051788330078,35.576663970947266
N2944,sports,sports,30.61111831665039,21.450956344604492
N27948,sports,sports,57.630123138427734,-12.850008010864258
N53449,sports,sports,-40.88615798950195,12.01202392578125
N55937,sports,sports,29.174591064453125,-21.072904586791992
N47709,news,news,-28.34613037109375,36.75498580932617
N19033,sports,sports,51.769981384277344,-14.643209457397461
N20436,sports,sports,30.869991302490234,24.751102447509766
N23007,sports,sports,30.36215591430664,23.707534790039062
N22734,news,news,-13.865830421447754,40.48068618774414
N20044,lifestyle,lifestyle,16.114198684692383,8.998485565185547
N51139,sports,sports,54.868988037109375,-6.408603191375732
N184,sports,sports,56.759300231933594,21.17234230041504
N58492,news,news,-15.861797332763672,25.700942993164062
N50410,sports,sports,51.41689682006836,26.85232162475586
N53340,sports,sports,27.5477352142334,25.39790916442871
N26615,news,news,-7.248075485229492,39.35832595825195
N6144,news,news,-18.69704818725586,30.860332489013672
N28719,news,news,-55.20957565307617,-28.167699813842773
N60066,sports,sports,35.33987808227539,8.847321510314941
N48615,news,news,-3.706000804901123,13.269974708557129
N37571,lifestyle,lifestyle,2.785493850708008,-19.554065704345703
N61449,foodanddrink,foodanddrink,-11.714608192443848,-36.383216857910156
N13463,news,news,-11.316557884216309,-3.5007543563842773
N46173,news,news,-19.330814361572266,15.0791597366333
N5359,finance,finance,-23.506275177001953,-9.149945259094238
N29273,sports,sports,54.69671630859375,19.315086364746094
N28629,news,news,-26.48695945739746,28.19293785095215
N41509,sports,sports,58.71022033691406,23.131162643432617
N47338,sports,sports,27.023239135742188,-19.67009162902832
N16825,weather,weather,-55.39537811279297,4.0561652183532715
N2467,music,other,12.743817329406738,15.056517601013184
N45663,foodanddrink,foodanddrink,-4.426578521728516,-39.692588806152344
N56698,news,news,-3.2657411098480225,26.357378005981445
N39177,weather,weather,-53.95582962036133,-26.75987434387207
N29701,music,other,10.857978820800781,3.897838592529297
N3939,sports,sports,30.084091186523438,16.43128776550293
N12960,weather,weather,-47.758872985839844,-18.310739517211914
N32832,news,news,-6.912853717803955,16.997159957885742
N47838,finance,finance,-14.695732116699219,-5.309969425201416
N1699,news,news,-6.061267852783203,40.965965270996094
N24478,finance,finance,1.06070876121521,-18.702922821044922
N58281,travel,travel,-4.968747615814209,-2.3940322399139404
N51911,video,video,5.9114990234375,5.901589870452881
N57582,sports,sports,56.875396728515625,23.01084327697754
N62144,news,news,-9.587403297424316,40.245487213134766
N48246,sports,sports,25.764976501464844,22.594989776611328
N14238,sports,sports,58.06107711791992,20.413742065429688
N46245,sports,sports,34.57889938354492,7.444799900054932
N33861,news,news,5.279303073883057,43.84418487548828
N53074,finance,finance,-18.74466323852539,-25.161760330200195
N3864,news,news,-3.1282706260681152,30.06441879272461
N21650,news,news,-43.41074752807617,10.610342979431152
N36369,sports,sports,35.457027435302734,-4.561438083648682
N40057,sports,sports,64.27567291259766,-6.482261657714844
N65089,lifestyle,lifestyle,-29.736841201782227,-24.86978530883789
N55418,news,news,-30.441566467285156,-3.19258713722229
N39371,sports,sports,49.99713897705078,24.671506881713867
N10469,sports,sports,55.161556243896484,-16.662351608276367
N29103,sports,sports,55.134056091308594,25.207008361816406
N6770,health,health,-1.698198914527893,-23.059932708740234
N16926,news,news,-18.600244522094727,-3.792815685272217
N52365,sports,sports,26.501508712768555,23.001251220703125
N34907,autos,autos,-39.58749008178711,-7.54927396774292
N13451,weather,weather,-48.93899917602539,-25.58406639099121
N36522,news,news,-3.506891965866089,43.76386642456055
N38127,news,news,-54.792781829833984,16.89154052734375
N8357,weather,weather,-57.51626968383789,-5.657118320465088
N5934,sports,sports,58.47158432006836,16.596132278442383
N33879,news,news,-38.34230041503906,29.748414993286133
N9275,news,news,-18.252079010009766,-3.706427812576294
N62067,sports,sports,60.314815521240234,-28.11931800842285
N45223,news,news,-34.98003005981445,2.5676188468933105
N65079,sports,sports,33.32535934448242,23.08534049987793
N11966,sports,sports,60.89297866821289,23.03839683532715
N18384,travel,travel,-25.600311279296875,0.5222724080085754
N59488,news,news,-2.3873887062072754,45.4372444152832
N25549,news,news,-30.847692489624023,-17.58344268798828
N17898,sports,sports,22.799453735351562,-29.3165340423584
N58150,news,news,-7.2597150802612305,32.56485366821289
N32910,news,news,-29.24272918701172,13.300186157226562
N43939,sports,sports,49.44607162475586,-7.447380542755127
N3046,lifestyle,lifestyle,17.442319869995117,11.491046905517578
N21080,tv,other,2.3260855674743652,6.021661758422852
N27644,lifestyle,lifestyle,-34.19489288330078,-21.32697868347168
N57896,foodanddrink,foodanddrink,-3.2461390495300293,-38.892391204833984
N50331,sports,sports,60.281044006347656,-17.174575805664062
N19453,autos,autos,13.14699935913086,-36.6012077331543
N51741,tv,other,-2.3942959308624268,14.5753173828125
N37502,weather,weather,-53.183223724365234,-11.967866897583008
N1370,news,news,-37.618526458740234,17.60504722595215
N25187,news,news,-38.38312530517578,22.413904190063477
N17615,news,news,7.239434719085693,2.884998321533203
N47548,sports,sports,62.82711410522461,-11.716638565063477
N38961,sports,sports,-28.17769432067871,18.28688621520996
N43779,news,news,-15.2590970993042,47.68770217895508
N26862,lifestyle,lifestyle,-47.80915069580078,-6.940727710723877
N39263,sports,sports,63.2335205078125,-9.714125633239746
N157,sports,sports,50.08461380004883,-10.834067344665527
N41552,lifestyle,lifestyle,-36.37981033325195,-26.689697265625
N5280,lifestyle,lifestyle,-35.71894836425781,-23.627023696899414
N16940,news,news,-38.346492767333984,-17.514467239379883
N10345,sports,sports,52.09961700439453,-12.504599571228027
N53269,sports,sports,62.738563537597656,-6.506961822509766
N16397,autos,autos,-58.32358169555664,16.0378475189209
N44976,sports,sports,62.72859191894531,-5.457868576049805
N19382,news,news,-26.07011604309082,18.9342098236084
N21433,news,news,-6.241718292236328,18.750099182128906
N8878,finance,finance,1.2982641458511353,-16.382282257080078
N8517,travel,travel,-6.6845622062683105,-24.717866897583008
N10014,sports,sports,-6.711468696594238,-16.4148006439209
N42226,foodanddrink,foodanddrink,-17.04166603088379,-35.81294631958008
N25155,news,news,-27.258377075195312,6.8774638175964355
N57577,sports,sports,59.415042877197266,-26.39795684814453
N61419,sports,sports,61.15473556518555,24.02311897277832
N20487,sports,sports,39.96305847167969,1.9895710945129395
N20454,sports,sports,60.47869873046875,-13.957709312438965
N30363,finance,finance,1.0633944272994995,-16.02071189880371
N33210,news,news,-6.734793186187744,14.62591552734375
N48713,sports,sports,-12.75190544128418,-26.73546028137207
N56253,sports,sports,47.40633773803711,-15.884403228759766
N23763,autos,autos,12.749711990356445,-35.277000427246094
N38327,news,news,-5.357970237731934,39.5781135559082
N6093,sports,sports,56.80293655395508,-16.580909729003906
N25039,health,health,-21.902137756347656,-1.4669073820114136
N15223,foodanddrink,foodanddrink,-19.269655227661133,-42.98984146118164
N593,news,news,-0.036560460925102234,4.931624889373779
N59739,tv,other,16.28850555419922,6.162990570068359
N55091,sports,sports,33.375423431396484,7.738310813903809
N13215,sports,sports,26.889001846313477,25.63116455078125
N17762,news,news,-34.74505615234375,-4.552486419677734
N36013,foodanddrink,foodanddrink,-23.105016708374023,-33.42915725708008
N20297,sports,sports,64.914794921875,-8.38166618347168
N30191,sports,sports,20.510629653930664,-12.349152565002441
N19728,news,news,-49.87275314331055,5.8621320724487305
N5063,sports,sports,19.92450523376465,2.4718568325042725
N23204,news,news,-44.60235595703125,27.503700256347656
N1549,sports,sports,58.22905349731445,-7.413639545440674
N42576,news,news,-18.50790023803711,-7.366304874420166
N42601,news,news,-12.57244873046875,34.388423919677734
N27604,news,news,-46.25807571411133,18.795886993408203
N19923,news,news,-32.8780403137207,3.5234737396240234
N19736,news,news,34.94953155517578,26.256027221679688
N19301,news,news,-16.015209197998047,31.979379653930664
N61134,sports,sports,66.62645721435547,-7.990239143371582
N44194,travel,travel,-12.41812801361084,-30.070398330688477
N22763,news,news,-32.966461181640625,-15.388897895812988
N14663,sports,sports,33.337974548339844,20.28236961364746
N47761,tv,other,13.982467651367188,7.562821388244629
N51779,news,news,3.1461284160614014,25.42051124572754
N41120,movies,other,9.26301097869873,1.7228319644927979
N9674,sports,sports,44.314186096191406,-2.372457504272461
N28828,sports,sports,60.64100646972656,-9.842280387878418
N7587,news,news,-20.374406814575195,42.513492584228516
N58829,sports,sports,57.159793853759766,-20.720199584960938
N52245,weather,weather,-55.6952018737793,-25.73270606994629
N59807,news,news,-21.381118774414062,-25.36491584777832
N250,autos,autos,-46.11917495727539,8.923358917236328
N12268,sports,sports,66.8567886352539,-5.616195201873779
N38230,sports,sports,60.342472076416016,-12.277341842651367
N36470,sports,sports,56.97474670410156,-13.032288551330566
N40488,sports,sports,60.33744812011719,20.094446182250977
N37119,news,news,-34.453914642333984,-12.723846435546875
N29992,sports,sports,5.354372978210449,-2.036463975906372
N43088,travel,travel,-28.255950927734375,-4.720850467681885
N17283,weather,weather,-45.12549591064453,-30.201583862304688
N44632,weather,weather,-53.235679626464844,-12.070838928222656
N8434,news,news,-52.73820114135742,10.508305549621582
N35950,sports,sports,30.630462646484375,21.591100692749023
N23996,finance,finance,-32.95012664794922,1.7608762979507446
N37041,news,news,-53.0843620300293,12.258639335632324
N16807,foodanddrink,foodanddrink,-15.416604042053223,-42.72137451171875
N39608,sports,sports,-39.454776763916016,-2.276312828063965
N5201,health,health,-19.128705978393555,-14.515826225280762
N7768,finance,finance,-14.016550064086914,-9.086502075195312
N52144,sports,sports,36.63548278808594,-9.279638290405273
N56126,sports,sports,36.658939361572266,3.3963797092437744
N60286,sports,sports,66.2002182006836,-17.917068481445312
N17330,sports,sports,50.92648696899414,-11.060428619384766
N38470,autos,autos,-40.319908142089844,0.8221039772033691
N10852,finance,finance,-8.812278747558594,-17.224639892578125
N9341,sports,sports,26.209495544433594,26.64456558227539
N61323,weather,weather,-49.43964385986328,-20.304704666137695
N34755,sports,sports,54.12379837036133,19.382366180419922
N33499,autos,autos,-40.302268981933594,-4.929008483886719
N31531,news,news,-36.08285140991211,8.800552368164062
N14473,sports,sports,58.10886001586914,23.491107940673828
N2665,travel,travel,-9.169855117797852,-27.312034606933594
N60548,weather,weather,-60.15287780761719,-3.5952391624450684
N16651,sports,sports,62.20663070678711,7.0560126304626465
N50535,autos,autos,7.175588607788086,-14.551470756530762
N8936,news,news,-60.346866607666016,-2.458388090133667
N41204,news,news,-3.016685724258423,-10.923686027526855
N40963,foodanddrink,foodanddrink,-21.86859703063965,-30.10448455810547
N13792,foodanddrink,foodanddrink,-14.852333068847656,-41.98255920410156
N63482,foodanddrink,foodanddrink,-1.4887957572937012,-37.00473403930664
N43124,sports,sports,68.06961059570312,-19.91608428955078
N41298,music,other,12.049918174743652,11.606082916259766
N14226,news,news,-51.142826080322266,-23.511865615844727
N13489,health,health,-18.073251724243164,-12.425615310668945
N11805,news,news,-48.3411979675293,14.074631690979004
N15022,autos,autos,16.141338348388672,-33.002994537353516
N27957,video,video,9.262724876403809,9.357501029968262
N44207,sports,sports,26.252683639526367,19.0972900390625
N41471,finance,finance,-8.709554672241211,-19.359355926513672
N53391,sports,sports,57.252357482910156,21.645671844482422
N13222,news,news,-59.2063102722168,-6.4058990478515625
N37033,entertainment,other,11.296396255493164,9.89676570892334
N9636,video,video,-37.2552604675293,11.088308334350586
N48379,news,news,-37.86350631713867,24.13939094543457
N6311,sports,sports,27.9809513092041,20.583086013793945
N55117,tv,other,5.297532081604004,15.018722534179688
N897,sports,sports,53.72216033935547,-14.52736759185791
N27217,video,video,7.749687671661377,5.116308212280273
N46658,sports,sports,57.19404220581055,21.601646423339844
N20894,news,news,7.715841293334961,16.71680450439453
N46913,news,news,-44.47770309448242,17.07733154296875
N56553,sports,sports,52.8929557800293,-23.805875778198242
N62276,news,news,-10.114635467529297,28.65694236755371
N34556,travel,travel,-51.60809326171875,9.638376235961914
N1157,foodanddrink,foodanddrink,-4.657383918762207,-40.4350471496582
N42309,sports,sports,32.69566345214844,21.229290008544922
N39574,news,news,-23.858179092407227,18.23130989074707
N52881,news,news,-4.295164108276367,-14.900127410888672
N8277,news,news,-25.733592987060547,-0.5368450880050659
N37267,tv,other,4.082129001617432,14.308239936828613
N42489,sports,sports,1.9811698198318481,-1.742881417274475
N28212,sports,sports,58.67301940917969,-9.704015731811523
N23899,news,news,-26.62688446044922,20.01715850830078
N52963,finance,finance,-24.37432289123535,-24.6015625
N31427,sports,sports,46.74321365356445,27.514070510864258
N64624,sports,sports,56.768211364746094,-2.958252191543579
N13478,lifestyle,lifestyle,1.2253011465072632,-35.70594024658203
N59647,video,video,-11.99896240234375,36.61997985839844
N23471,travel,travel,-10.21708869934082,-29.36973762512207
N28916,health,health,-0.8660585880279541,-31.47012710571289
N15507,lifestyle,lifestyle,3.1506454944610596,-20.2017879486084
N63873,sports,sports,25.574867248535156,-20.68801498413086
N44986,news,news,-51.951629638671875,17.630977630615234
N47178,sports,sports,29.035945892333984,27.313289642333984
N14500,news,news,-43.765174865722656,-20.112590789794922
N431,finance,finance,1.421779990196228,-18.131330490112305
N28739,sports,sports,22.14297866821289,-30.522607803344727
N5929,autos,autos,14.730173110961914,-37.73080062866211
N20371,music,other,10.944583892822266,13.765548706054688
N15744,news,news,-3.2698850631713867,38.96794128417969
N19753,sports,sports,48.86103439331055,17.231468200683594
N8255,sports,sports,24.10068130493164,-5.286978244781494
N45259,weather,weather,-41.98713684082031,-29.823152542114258
N43998,sports,sports,49.13381576538086,-29.681516647338867
N27107,weather,weather,-48.92679214477539,-23.4818115234375
N34773,sports,sports,65.01941680908203,-18.660297393798828
N14267,weather,weather,-49.22315216064453,0.37717366218566895
N22242,sports,sports,52.81992721557617,18.558809280395508
N63625,news,news,-17.169950485229492,47.7136116027832
N59441,sports,sports,1.6546214818954468,11.070937156677246
N57850,sports,sports,23.79329490661621,-29.29323387145996
N30909,news,news,-47.97795867919922,11.015989303588867
N7037,autos,autos,-42.58460998535156,-4.879801273345947
N20189,video,video,7.01914119720459,1.5291815996170044
N47479,tv,other,15.062135696411133,9.928374290466309
N23231,news,news,1.2681326866149902,33.107093811035156
N44582,sports,sports,25.235092163085938,-17.642757415771484
N51618,news,news,-0.3379289507865906,5.038792610168457
N43185,sports,sports,21.17037582397461,7.6909708976745605
N13003,news,news,-35.240379333496094,-18.052654266357422
N63504,news,news,-48.63689041137695,24.355497360229492
N8313,sports,sports,47.12677001953125,9.173592567443848
N57599,sports,sports,22.426258087158203,-5.784923553466797
N7057,sports,sports,29.6481990814209,17.296234130859375
N60816,news,news,-28.197595596313477,16.825260162353516
N22136,sports,sports,58.343231201171875,-12.944597244262695
N18943,news,news,-14.586637496948242,47.27412796020508
N9676,news,news,-50.609886169433594,-20.492687225341797
N63094,foodanddrink,foodanddrink,-4.502306938171387,-37.19791793823242
N20263,news,news,9.631391525268555,30.67148780822754
N53914,news,news,-24.1195011138916,19.759279251098633
N37411,weather,weather,-53.33345031738281,-25.478294372558594
N28199,sports,sports,63.3073616027832,-11.93690299987793
N28450,travel,travel,-9.122788429260254,9.587459564208984
N51496,health,health,17.45659828186035,0.42717480659484863
N37366,video,video,27.818157196044922,-4.304815769195557
N42792,sports,sports,41.09513854980469,-8.972423553466797
N53062,foodanddrink,foodanddrink,10.158940315246582,-16.712581634521484
N42420,news,news,-6.357672691345215,37.794437408447266
N64819,travel,travel,-15.73025131225586,-14.987183570861816
N6185,news,news,-8.651158332824707,1.55808687210083
N5425,sports,sports,45.695072174072266,19.017982482910156
N4774,news,news,-48.92625045776367,21.648834228515625
N50612,video,video,-15.536763191223145,-20.199806213378906
N53944,news,news,-9.752817153930664,-11.066001892089844
N13375,sports,sports,55.58966064453125,-20.03676414489746
N59301,sports,sports,23.644851684570312,-29.06958770751953
N38175,sports,sports,10.771477699279785,-10.993087768554688
N33081,news,news,-40.80040740966797,-0.9800601601600647
N28623,news,news,-28.838640213012695,12.665544509887695
N26532,news,news,47.270965576171875,28.967260360717773
N20773,sports,sports,55.80515670776367,15.484843254089355
N43956,sports,sports,23.909000396728516,-3.9692063331604004
N41651,tv,other,11.891498565673828,-3.023993968963623
N54954,sports,sports,-42.327308654785156,12.692960739135742
N63330,news,news,-28.627546310424805,37.476932525634766
N40175,news,news,-36.39561462402344,19.104413986206055
N50085,news,news,-4.6707329750061035,46.16228485107422
N6015,news,news,-16.745731353759766,18.259450912475586
N62555,movies,other,9.2061767578125,10.695146560668945
N11728,travel,travel,-34.313602447509766,-23.836559295654297
N36312,sports,sports,22.337995529174805,4.340104579925537
N10475,health,health,-0.11461827903985977,-25.414886474609375
N19144,news,news,-14.629914283752441,-20.185585021972656
N53596,tv,other,10.146615982055664,16.909378051757812
N12200,sports,sports,31.088634490966797,15.940043449401855
N8868,foodanddrink,foodanddrink,-15.645989418029785,-29.24734878540039
N19112,news,news,-4.4289445877075195,40.633201599121094
N20163,foodanddrink,foodanddrink,-16.195316314697266,-41.77890396118164
N64807,sports,sports,51.34178161621094,21.126930236816406
N55758,news,news,-0.6238614320755005,32.5574951171875
N8620,health,health,-19.14055633544922,-14.357276916503906
N37825,news,news,-16.450733184814453,25.907657623291016
N12212,health,health,-11.40787124633789,16.497705459594727
N41619,sports,sports,28.115394592285156,29.245769500732422
N39551,news,news,-5.00388765335083,37.35774612426758
N64856,news,news,-38.795677185058594,28.235137939453125
N20955,sports,sports,55.99703598022461,-8.0856294631958
N46712,news,news,-33.17572021484375,-9.594966888427734
N27652,news,news,11.739124298095703,-40.76523208618164
N50315,sports,sports,55.57965087890625,-20.232995986938477
N18821,sports,sports,59.72856903076172,-6.368169784545898
N28376,travel,travel,-23.40229606628418,-22.24689292907715
N59171,news,news,-5.746148109436035,35.10347366333008
N50332,news,news,-35.71968460083008,21.53217124938965
N16098,news,news,-16.925439834594727,19.108970642089844
N21855,lifestyle,lifestyle,10.563316345214844,7.171726703643799
N30225,sports,sports,61.46122741699219,-10.7717866897583
N14707,news,news,44.80428695678711,6.043904781341553
N15092,sports,sports,25.968242645263672,-19.676719665527344
N45432,news,news,-41.10176467895508,24.297088623046875
N498,travel,travel,-15.020791053771973,-0.8089426159858704
N24914,sports,sports,58.70377731323242,-7.4558587074279785
N62050,sports,sports,54.27437210083008,26.289426803588867
N21429,news,news,-10.739547729492188,-5.472555160522461
N46966,foodanddrink,foodanddrink,-15.10718059539795,-34.79581832885742
N13380,tv,other,8.769838333129883,-0.5027881264686584
N49199,news,news,-43.64720916748047,0.9245026111602783
N13136,tv,other,4.831853866577148,12.083683013916016
N23776,autos,autos,17.068578720092773,-37.90304183959961
N16472,travel,travel,-5.762281894683838,-24.892051696777344
N15064,sports,sports,33.03716278076172,20.33556365966797
N4603,news,news,-47.536712646484375,-8.512130737304688
N61933,sports,sports,29.304616928100586,27.397287368774414
N47226,sports,sports,62.9735107421875,-17.363161087036133
N36315,foodanddrink,foodanddrink,-10.02664852142334,-35.69093704223633
N51830,health,health,-9.138199806213379,2.2246968746185303
N43640,news,news,-56.49332809448242,-9.157127380371094
N33286,foodanddrink,foodanddrink,10.03014087677002,8.394613265991211
N56717,news,news,-7.282800674438477,-12.287447929382324
N11897,news,news,-36.16261672973633,20.63494873046875
N3041,music,other,-20.802053451538086,-9.140437126159668
N55744,sports,sports,64.60977935791016,-16.71295738220215
N43278,news,news,-7.213297367095947,34.67416763305664
N26267,news,news,-45.082237243652344,21.177898406982422
N52556,news,news,-34.99513244628906,16.241348266601562
N33688,news,news,0.40157243609428406,39.40395736694336
N9779,sports,sports,29.504980087280273,6.226094722747803
N56150,news,news,-6.837465763092041,-13.146829605102539
N15656,news,news,-5.210228443145752,27.229778289794922
N60972,sports,sports,-25.259540557861328,23.101566314697266
N23999,finance,finance,-3.4615318775177,21.07196617126465
N32423,sports,sports,66.08702850341797,-7.175954818725586
N25786,sports,sports,2.372331142425537,-2.8723204135894775
N8693,health,health,-2.489755153656006,-25.828813552856445
N36521,finance,finance,-23.14970588684082,-6.384284496307373
N44479,sports,sports,21.967700958251953,-28.89777946472168
N32936,sports,sports,53.86994171142578,-14.397178649902344
N55566,video,video,-0.46758636832237244,-28.910263061523438
N38085,sports,sports,48.0340690612793,-14.983945846557617
N10009,sports,sports,33.39678955078125,23.366212844848633
N37029,weather,weather,-50.8773193359375,-29.250947952270508
N943,sports,sports,63.13948440551758,-3.8341331481933594
N64743,news,news,-9.421788215637207,-12.473542213439941
N21050,news,news,-22.312076568603516,-21.545875549316406
N2707,news,news,-9.738129615783691,7.913589954376221
N31689,sports,sports,43.06487274169922,-19.5273494720459
N28783,sports,sports,13.329023361206055,-10.253483772277832
N59311,health,health,-0.9381607174873352,8.375349044799805
N22887,finance,finance,-11.383123397827148,-9.835914611816406
N6186,sports,sports,62.329708099365234,12.010958671569824
N50047,entertainment,other,3.552142858505249,10.658112525939941
N53412,news,news,-44.75358581542969,5.450741291046143
N52916,news,news,-28.28003692626953,11.36550235748291
N36677,sports,sports,35.79381561279297,-10.800580024719238
N49323,lifestyle,lifestyle,1.6671315431594849,-33.3119010925293
N7885,sports,sports,-37.31640625,15.016195297241211
N3994,sports,sports,68.59526062011719,-14.931294441223145
N1800,weather,weather,-56.63096237182617,-25.826644897460938
N51042,sports,sports,2.476773500442505,-2.8395895957946777
N8459,sports,sports,22.073925018310547,-30.66426658630371
N35267,news,news,-2.224531888961792,43.20405197143555
N15637,health,health,-21.933269500732422,5.249098300933838
N37551,lifestyle,lifestyle,-2.554394006729126,-38.64177703857422
N48621,finance,finance,-6.500227451324463,-19.68758201599121
N40763,sports,sports,3.120697021484375,2.2675251960754395
N59304,news,news,-9.31696605682373,39.179412841796875
N37226,news,news,-29.97110366821289,28.194677352905273
N10520,news,news,-46.00083541870117,24.606409072875977
N6654,music,other,10.655538558959961,6.809574127197266
N52818,sports,sports,26.310468673706055,-1.669069766998291
N11307,video,video,15.434524536132812,4.003024101257324
N1304,sports,sports,-40.90515899658203,11.218474388122559
N48543,music,other,12.431324005126953,3.464877128601074
N53369,news,news,-13.533211708068848,34.36265563964844
N11139,news,news,-28.338438034057617,21.208885192871094
N15558,news,news,-7.489391326904297,-12.098812103271484
N20828,sports,sports,39.86098098754883,3.847064733505249
N4685,autos,autos,-57.805450439453125,15.975576400756836
N34803,sports,sports,63.472694396972656,-9.672813415527344
N18453,news,news,4.291289329528809,24.93445587158203
N63454,sports,sports,40.725730895996094,1.1324042081832886
N26165,sports,sports,47.433616638183594,-13.253961563110352
N45133,sports,sports,35.066802978515625,-10.930777549743652
N62635,news,news,-42.17612838745117,-24.93744468688965
N8253,sports,sports,44.4924201965332,1.5872384309768677
N16315,news,news,-8.080111503601074,44.16508865356445
N37807,weather,weather,-41.73418045043945,-15.176054954528809
N54646,sports,sports,68.70854187011719,-15.88254165649414
N16213,lifestyle,lifestyle,-25.96615982055664,-11.034967422485352
N48979,news,news,-7.867905616760254,26.23363494873047
N47143,news,news,-25.028858184814453,1.7107349634170532
N51596,foodanddrink,foodanddrink,-6.430782318115234,-37.84988021850586
N11243,weather,weather,-49.02761459350586,26.00138282775879
N22660,sports,sports,6.4740447998046875,-5.091025352478027
N7590,news,news,-3.953444242477417,-11.558367729187012
N6869,tv,other,4.80072546005249,14.602808952331543
N39715,sports,sports,52.884727478027344,-26.32231903076172
N31593,video,video,-14.06036376953125,-20.08601951599121
N43110,weather,weather,-51.9164924621582,-20.346891403198242
N47791,autos,autos,15.651814460754395,-36.13677978515625
N23770,finance,finance,-15.155278205871582,-3.4853951930999756
N58962,sports,sports,54.49725341796875,-6.256918907165527
N18084,weather,weather,-52.95097351074219,-24.44481658935547
N59765,news,news,-8.255084991455078,26.15203285217285
N39973,sports,sports,67.93709564208984,-13.421845436096191
N20158,news,news,-3.8626530170440674,-10.104848861694336
N14762,sports,sports,41.08698654174805,-9.067315101623535
N54526,foodanddrink,foodanddrink,-16.21426773071289,-40.2953987121582
N36353,weather,weather,-54.3123779296875,-25.11198616027832
N3626,entertainment,other,9.332097053527832,-6.019386291503906
N14867,news,news,-34.48561477661133,10.476545333862305
N60892,sports,sports,67.24165344238281,-16.706647872924805
N25512,sports,sports,33.97437286376953,-6.640702724456787
N46280,news,news,5.184610366821289,44.39582824707031
N53290,sports,sports,-35.623416900634766,26.261802673339844
N49608,sports,sports,52.529544830322266,-5.149627208709717
N2091,sports,sports,55.984100341796875,27.48770523071289
N63201,sports,sports,25.186433792114258,-0.03567610681056976
N49390,sports,sports,-37.54269027709961,21.593067169189453
N18402,sports,sports,50.54566192626953,-3.8210484981536865
N51753,health,health,-10.2786226272583,3.8596677780151367
N23860,news,news,-41.01671600341797,15.137028694152832
N21044,music,other,9.91598892211914,-0.28293439745903015
N41225,tv,other,5.157077789306641,10.434676170349121
N64300,travel,travel,-18.180593490600586,-25.519102096557617
N9938,sports,sports,13.86540412902832,-9.448644638061523
N36476,news,news,-16.884464263916016,-21.546276092529297
N37009,lifestyle,lifestyle,-9.202503204345703,0.6026341319084167
N53083,sports,sports,61.966796875,19.482471466064453
N61266,sports,sports,-42.49259948730469,12.236608505249023
N29132,news,news,-10.278070449829102,33.262447357177734
N52827,sports,sports,58.87221908569336,13.465089797973633
N35266,news,news,-41.83777618408203,21.628084182739258
N60791,news,news,-6.450895309448242,10.808103561401367
N24912,sports,sports,61.81085205078125,-26.88591766357422
N14034,sports,sports,27.030776977539062,-20.166582107543945
N35805,video,video,4.6060051918029785,-4.106212615966797
N1906,news,news,-4.186569690704346,27.87346076965332
N21389,news,news,-7.943124771118164,22.7144718170166
N36010,lifestyle,lifestyle,-6.871644496917725,-26.49571990966797
N50857,news,news,-4.213825702667236,13.327348709106445
N24658,sports,sports,39.65394973754883,5.418506622314453
N42802,sports,sports,38.48451232910156,4.196152687072754
N34294,sports,sports,40.36349868774414,6.998879909515381
N24731,sports,sports,34.14262390136719,23.126131057739258
N49551,finance,finance,16.137239456176758,-31.797195434570312
N56201,sports,sports,62.11489486694336,17.651046752929688
N62705,news,news,-21.973548889160156,41.620941162109375
N59183,news,news,-17.269550323486328,45.57313537597656
N19652,news,news,-31.927295684814453,15.816794395446777
N34321,news,news,-1.0391582250595093,-28.84899139404297
N22266,news,news,4.197713375091553,37.64525604248047
N27206,weather,weather,-20.976720809936523,-18.173765182495117
N56648,sports,sports,57.73460006713867,-8.556146621704102
N6899,music,other,3.555366277694702,41.15115737915039
N62224,news,news,-53.932373046875,18.917741775512695
N2807,weather,weather,-60.175514221191406,-6.019881248474121
N7648,sports,sports,25.322498321533203,26.380325317382812
N42362,foodanddrink,foodanddrink,-7.949339866638184,-37.24263000488281
N48199,music,other,12.272690773010254,12.236456871032715
N57568,video,video,-5.097253799438477,-16.945751190185547
N14000,finance,finance,-14.658304214477539,-13.178242683410645
N19432,entertainment,other,14.314067840576172,11.543662071228027
N61895,movies,other,15.364629745483398,4.086721897125244
N26946,sports,sports,28.025379180908203,-20.523893356323242
N33402,sports,sports,70.57001495361328,-11.699505805969238
N35558,news,news,-52.967201232910156,-0.037984710186719894
N29178,finance,finance,-22.409364700317383,-41.537532806396484
N24361,news,news,-33.285186767578125,22.638134002685547
N19330,sports,sports,29.692541122436523,1.6800521612167358
N64515,health,health,8.993210792541504,8.5980806350708
N29625,sports,sports,5.850310325622559,-3.305373430252075
N49023,video,video,-38.721458435058594,-12.535264015197754
N36217,news,news,-14.230330467224121,47.410404205322266
N13140,foodanddrink,foodanddrink,-5.69154167175293,-40.627723693847656
N3526,sports,sports,30.42015266418457,25.737564086914062
N10099,news,news,-8.609845161437988,42.640235900878906
N10217,sports,sports,-23.23253631591797,9.805956840515137
N4773,news,news,-3.5904111862182617,-15.704254150390625
N30462,news,news,-50.83143615722656,20.8143367767334
N44902,sports,sports,49.998634338378906,-24.2106990814209
N9840,sports,sports,49.96502685546875,28.87886619567871
N35444,sports,sports,61.121280670166016,-5.835503578186035
N49476,news,news,-36.71573257446289,11.51806926727295
N63780,weather,weather,-51.976627349853516,-20.28338050842285
N4235,sports,sports,41.731910705566406,5.196423053741455
N1402,entertainment,other,-47.86345672607422,-6.785358428955078
N38026,sports,sports,23.8033504486084,-1.6589096784591675
N25920,news,news,-49.47698211669922,-1.7578405141830444
N12680,music,other,12.547098159790039,12.505829811096191
N42230,sports,sports,67.26334381103516,-5.730494022369385
N3511,health,health,-18.23490333557129,-12.776435852050781
N30468,news,news,-16.128307342529297,46.73244094848633
N58641,lifestyle,lifestyle,5.603514194488525,-24.543020248413086
N13867,sports,sports,24.30045509338379,-30.991392135620117
N47539,sports,sports,26.59111785888672,9.81361198425293
N48516,weather,weather,6.3010358810424805,29.256439208984375
N61946,sports,sports,24.79374122619629,-4.258739948272705
N27232,video,video,10.516521453857422,8.851519584655762
N54939,sports,sports,68.68862915039062,-15.200662612915039
N22621,news,news,-41.51005172729492,20.250085830688477
N34776,news,news,-58.77886199951172,-4.660816192626953
N30188,lifestyle,lifestyle,15.942479133605957,9.22347640991211
N18582,travel,travel,-39.434383392333984,-2.073700428009033
N37495,foodanddrink,foodanddrink,-6.1932525634765625,-35.04221725463867
N23369,news,news,6.966681480407715,-1.4357308149337769
N43959,video,video,-14.224571228027344,-22.18490982055664
N64742,finance,finance,-15.95718002319336,-5.843166351318359
N17051,foodanddrink,foodanddrink,-3.169093132019043,-33.41987609863281
N34582,news,news,-49.2266731262207,21.37153434753418
N63634,news,news,-12.952247619628906,7.897527694702148
N35909,sports,sports,42.937320709228516,5.056138038635254
N37488,tv,other,10.504517555236816,10.685850143432617
N58775,finance,finance,-0.28002306818962097,-16.769794464111328
N15203,sports,sports,42.67142868041992,3.8014957904815674
N29671,sports,sports,27.12725257873535,-21.730388641357422
N1968,sports,sports,53.07441329956055,-19.553831100463867
N38182,tv,other,13.173894882202148,11.315228462219238
N12710,sports,sports,26.62823486328125,25.729969024658203
N28240,lifestyle,lifestyle,1.253049373626709,-33.37493896484375
N55717,news,news,-4.940183162689209,-13.24852180480957
N44709,sports,sports,27.314693450927734,18.540996551513672
N43235,foodanddrink,foodanddrink,-8.260778427124023,-40.11222457885742
N35750,news,news,-34.48802947998047,-13.138317108154297
N8724,sports,sports,9.154524803161621,-12.797870635986328
N59248,news,news,-28.686634063720703,39.70149612426758
N31975,foodanddrink,foodanddrink,-5.0286078453063965,-39.18848419189453
N46698,video,video,-53.66838073730469,-2.6536495685577393
N30581,video,video,-30.339025497436523,20.37256622314453
N4093,foodanddrink,foodanddrink,-36.54915237426758,-13.204486846923828
N44686,finance,finance,-13.46391487121582,43.06825256347656
N14526,sports,sports,40.533992767333984,17.07557487487793
N63472,news,news,-6.765122890472412,31.373146057128906
N22047,news,news,-6.69307279586792,17.61765480041504
N62704,lifestyle,lifestyle,-31.877771377563477,-24.965972900390625
N21094,news,news,-27.64739990234375,24.896785736083984
N38259,news,news,-21.119476318359375,13.317414283752441
N20690,news,news,-52.291351318359375,17.044471740722656
N31776,weather,weather,-51.007999420166016,-28.921579360961914
N19555,music,other,13.868898391723633,0.16287747025489807
N31187,sports,sports,63.08555221557617,-19.148479461669922
N56289,lifestyle,lifestyle,-35.32105255126953,-14.763113975524902
N30180,health,health,-22.510576248168945,1.4074070453643799
N45537,sports,sports,59.3453369140625,23.87677764892578
N54580,sports,sports,69.4607162475586,-13.623642921447754
N18419,sports,sports,44.597572326660156,-8.43359375
N59044,news,news,-5.139264106750488,36.91128921508789
N40720,tv,other,17.0220890045166,5.984407424926758
N47184,news,news,-17.736576080322266,14.001948356628418
N60588,music,other,13.728555679321289,5.934605598449707
N7999,news,news,-15.164989471435547,-18.338376998901367
N62004,finance,finance,-3.3992412090301514,33.187103271484375
N36849,news,news,-4.212514877319336,44.41405487060547
N45994,news,news,-33.118751525878906,19.7846622467041
N60999,news,news,-3.5860230922698975,40.311767578125
N20078,autos,autos,14.874007225036621,-36.71504592895508
N28055,sports,sports,56.0467414855957,27.468730926513672
N49445,video,video,-13.368197441101074,39.47898864746094
N58286,foodanddrink,foodanddrink,-21.1019287109375,-7.635875701904297
N60915,video,video,-59.289485931396484,-3.045252561569214
N49789,foodanddrink,foodanddrink,-9.542410850524902,-33.666378021240234
N8630,news,news,-18.01079750061035,-37.13492965698242
N6220,sports,sports,49.518802642822266,-14.873021125793457
N38492,news,news,-3.2949206829071045,30.400423049926758
N9259,health,health,17.837512969970703,-0.5711157917976379
N25019,news,news,-6.392531871795654,45.27025604248047
N34595,autos,autos,14.399165153503418,-35.226585388183594
N56331,news,news,-12.524208068847656,11.600777626037598
N18119,travel,travel,-19.882421493530273,-42.05491638183594
N5446,sports,sports,43.71963119506836,5.705052852630615
N26778,news,news,-7.448509216308594,23.032241821289062
N42949,sports,sports,50.124183654785156,-29.144752502441406
N45922,sports,sports,43.69750213623047,6.644293785095215
N17272,entertainment,other,9.230567932128906,-5.0232977867126465
N49998,movies,other,17.778667449951172,3.301546096801758
N1811,sports,sports,48.55498123168945,-22.90981674194336
N50261,sports,sports,48.75398635864258,22.332265853881836
N53086,news,news,-9.38789176940918,35.237308502197266
N60908,news,news,-54.87856674194336,16.573230743408203
N8429,weather,weather,-30.728580474853516,-14.95285415649414
N55838,sports,sports,47.28382110595703,-27.866106033325195
N12184,sports,sports,47.45553970336914,3.729931116104126
N17849,sports,sports,61.6376953125,21.251440048217773
N4263,news,news,-5.739101886749268,37.83221435546875
N4472,travel,travel,-16.397294998168945,-14.86666488647461
N64950,weather,weather,-51.2251091003418,-31.10011863708496
N3812,sports,sports,34.12843322753906,4.690140724182129
N26574,weather,weather,-52.07527160644531,-26.83147621154785
N377,news,news,6.825494766235352,22.549346923828125
N51832,finance,finance,-28.197834014892578,-12.620372772216797
N24154,sports,sports,20.504375457763672,-12.349198341369629
N30010,sports,sports,39.45226287841797,-24.247419357299805
N12176,weather,weather,-9.683921813964844,-22.158519744873047
N47893,news,news,-20.686399459838867,-17.4727725982666
N38590,autos,autos,13.03320026397705,-38.91865539550781
N32254,sports,sports,28.950313568115234,22.40496253967285
N46985,finance,finance,-28.370193481445312,22.638673782348633
N48661,health,health,-5.233767986297607,7.491652965545654
N32631,news,news,-5.7875590324401855,33.76382827758789
N62467,video,video,-38.36851501464844,-16.2376708984375
N56262,sports,sports,53.12254333496094,25.606582641601562
N32678,sports,sports,47.34257507324219,-16.06382942199707
N48253,finance,finance,-3.826862335205078,37.13724899291992
N18466,news,news,-48.30389404296875,13.212942123413086
N27636,autos,autos,-57.129234313964844,16.34503746032715
N59744,news,news,-31.5717830657959,23.53148078918457
N6870,sports,sports,1.7123709917068481,-3.383417844772339
N33386,news,news,-6.032029151916504,40.46641159057617
N10494,news,news,-4.219772815704346,-13.360795021057129
N33164,sports,sports,53.29023361206055,-4.180934906005859
N29257,foodanddrink,foodanddrink,-13.714386940002441,-38.637428283691406
N54518,weather,weather,-58.48494338989258,-3.610511064529419
N31756,news,news,36.5745735168457,-4.826322555541992
N47227,video,video,-58.55474853515625,-8.538084030151367
N46912,sports,sports,35.17897415161133,1.0816460847854614
N60927,weather,weather,-49.502593994140625,-0.7930516004562378
N6065,video,video,-20.290435791015625,36.8046760559082
N46514,sports,sports,32.89311599731445,18.358327865600586
N34362,news,news,2.370156764984131,-34.4699821472168
N48637,sports,sports,20.109813690185547,0.7498580813407898
N47029,news,news,-34.402896881103516,-12.489988327026367
N5416,news,news,-45.1862678527832,13.779324531555176
N3688,sports,sports,47.51716613769531,-18.26165199279785
N22950,sports,sports,27.864036560058594,21.056779861450195
N15985,sports,sports,-32.453216552734375,15.556848526000977
N13106,sports,sports,51.0948600769043,19.754867553710938
N25386,video,video,1.4883421659469604,-7.564151287078857
N60998,travel,travel,-40.1141471862793,-17.55919647216797
N43125,finance,finance,-5.885715484619141,-11.844242095947266
N2008,news,news,-16.147062301635742,45.413177490234375
N52813,news,news,-25.052978515625,-4.93955135345459
N48316,news,news,-44.69398880004883,26.99177360534668
N53442,sports,sports,66.94514465332031,-11.249842643737793
N25493,foodanddrink,foodanddrink,9.257862091064453,-21.793676376342773
N27146,news,news,-18.107704162597656,11.494612693786621
N19935,finance,finance,7.766698837280273,-16.012359619140625
N45451,news,news,-32.50990676879883,8.353626251220703
N51057,lifestyle,lifestyle,-35.89088821411133,-22.269447326660156
N10591,sports,sports,30.423009872436523,18.494686126708984
N1025,foodanddrink,foodanddrink,-10.807504653930664,-36.6922721862793
N15147,travel,travel,-21.996070861816406,-26.382097244262695
N25522,music,other,18.127151489257812,7.042314052581787
N63003,video,video,-8.611332893371582,-22.15778350830078
N62138,news,news,-4.2872772216796875,41.25282287597656
N44928,tv,other,10.912641525268555,-3.319838523864746
N16129,sports,sports,60.10976791381836,14.984322547912598
N15114,finance,finance,2.3782389163970947,-16.63115692138672
N7350,sports,sports,64.79595947265625,-15.701617240905762
N64011,news,news,-40.557395935058594,18.923994064331055
N15809,weather,weather,-58.5573844909668,-6.358064651489258
N3670,travel,travel,-57.53081512451172,13.401371002197266
N33657,travel,travel,-6.323786735534668,-25.080692291259766
N62264,news,news,-35.77418518066406,29.24382209777832
N9805,lifestyle,lifestyle,3.1378514766693115,-22.145463943481445
N57113,news,news,-5.363438606262207,39.443355560302734
N795,news,news,-28.49772834777832,20.02372169494629
N23397,sports,sports,-39.10675048828125,22.481998443603516
N38354,travel,travel,-52.38299560546875,-0.09931828081607819
N58498,entertainment,other,-35.06515121459961,19.842815399169922
N57505,sports,sports,53.46926498413086,31.487529754638672
N1894,sports,sports,43.529605865478516,-16.406641006469727
N64377,finance,finance,8.027976989746094,17.155248641967773
N62449,news,news,-37.503414154052734,24.486766815185547
N59695,entertainment,other,4.157313823699951,6.541531562805176
N57749,news,news,35.15530014038086,23.757911682128906
N41296,autos,autos,-56.445125579833984,18.691282272338867
N21265,foodanddrink,foodanddrink,-8.783770561218262,-38.24244689941406
N20633,news,news,-9.350318908691406,2.605825185775757
N25085,sports,sports,26.118608474731445,-21.699445724487305
N49146,news,news,-53.81340789794922,-11.220115661621094
N9223,sports,sports,57.14466857910156,14.075848579406738
N10312,lifestyle,lifestyle,-16.80792236328125,14.270586967468262
N64476,sports,sports,58.19491958618164,-14.49512767791748
N2963,news,news,0.19242767989635468,-1.2065390348434448
N51648,news,news,-25.46141242980957,16.94789695739746
N33143,news,news,-24.932373046875,26.555253982543945
N30209,news,news,-35.84221649169922,13.215853691101074
N53767,video,video,4.593597412109375,-9.076203346252441
N7386,news,news,-37.84151077270508,16.321584701538086
N14579,news,news,-7.861860752105713,23.650989532470703
N44255,sports,sports,28.83148765563965,25.77283477783203
N59894,news,news,-28.452667236328125,38.632293701171875
N52771,sports,sports,27.25358009338379,22.5700626373291
N57192,tv,other,-8.3343505859375,1.4387128353118896
N26881,foodanddrink,foodanddrink,-7.956509590148926,-33.73369216918945
N44610,health,health,-1.1328541040420532,-38.012638092041016
N20766,entertainment,other,14.941583633422852,5.2555389404296875
N55879,sports,sports,34.0386962890625,21.78824806213379
N9568,news,news,-37.32631301879883,14.841190338134766
N60591,autos,autos,14.249420166015625,-37.32966613769531
N19454,news,news,-27.99269676208496,-16.56493377685547
N6001,health,health,-15.79590892791748,-27.680505752563477
N20917,news,news,-49.0908317565918,17.475156784057617
N22668,news,news,-50.960880279541016,15.493790626525879
N20914,video,video,0.8033000826835632,36.64168930053711
N52044,news,news,-32.60149002075195,-2.4180502891540527
N50237,news,news,-36.68920135498047,-13.068455696105957
N29958,news,news,-15.944014549255371,34.19805908203125
N47077,autos,autos,13.90263843536377,-34.96186828613281
N37148,news,news,-43.15314865112305,18.763717651367188
N37000,news,news,-10.879401206970215,32.329586029052734
N38039,lifestyle,lifestyle,-6.337986946105957,-20.06500244140625
N18886,sports,sports,62.01423645019531,14.78212833404541
N45135,news,news,-25.383766174316406,1.6531095504760742
N54504,finance,finance,-11.436033248901367,-9.709980010986328
N52040,tv,other,0.720295250415802,9.72177791595459
N61473,sports,sports,56.09868621826172,-20.846750259399414
N51893,travel,travel,-4.597830295562744,-3.7490286827087402
N53820,news,news,-7.608222961425781,23.58741569519043
N60614,sports,sports,50.84926986694336,-24.100021362304688
N45712,news,news,3.155019521713257,8.050737380981445
N11276,finance,finance,11.415928840637207,-21.449495315551758
N45558,sports,sports,29.028181076049805,22.14409828186035
N9431,news,news,11.70261287689209,17.2628231048584
N9328,sports,sports,26.303058624267578,17.755746841430664
N15497,movies,other,9.85720443725586,1.500605583190918
N21777,tv,other,11.641940116882324,10.895111083984375
N61005,sports,sports,49.406803131103516,-29.520580291748047
N60545,news,news,-20.272829055786133,11.737565040588379
N36395,news,news,-39.139381408691406,16.372526168823242
N19271,sports,sports,9.428437232971191,-13.210805892944336
N7780,news,news,3.7317845821380615,41.90153884887695
N57326,foodanddrink,foodanddrink,-17.08430290222168,-34.4275016784668
N52918,sports,sports,29.679176330566406,24.324565887451172
N60815,news,news,-3.2797012329101562,9.156980514526367
N3611,sports,sports,57.63700485229492,20.916597366333008
N60662,travel,travel,34.619598388671875,23.407136917114258
N59400,sports,sports,46.85347366333008,8.866729736328125
N41693,sports,sports,3.5644636154174805,-4.600399017333984
N62036,sports,sports,61.43769836425781,-12.635720252990723
N27046,video,video,-47.90104293823242,15.524040222167969
N35441,news,news,-23.8001651763916,4.311182975769043
N38559,travel,travel,-15.367891311645508,-19.919925689697266
N8692,weather,weather,-45.54029083251953,-23.973918914794922
N36185,finance,finance,-11.464235305786133,-6.972937107086182
N38233,sports,sports,42.94977951049805,6.28555154800415
N9114,news,news,-3.7737696170806885,33.97676086425781
N370,lifestyle,lifestyle,-2.224357843399048,-6.678596019744873
N24378,health,health,-8.267195701599121,-14.215471267700195
N48512,video,video,-50.34144973754883,4.244435787200928
N13949,movies,other,7.47531270980835,16.25106430053711
N38950,foodanddrink,foodanddrink,-4.782845497131348,-39.972049713134766
N28165,news,news,-29.47795867919922,6.675432205200195
N62342,video,video,-16.525815963745117,-19.022113800048828
N26421,sports,sports,29.853776931762695,27.34624671936035
N5469,sports,sports,17.968387603759766,-0.936225175857544
N46709,lifestyle,lifestyle,-30.206069946289062,-20.970462799072266
N29032,news,news,-39.31052780151367,6.1325764656066895
N3913,news,news,-20.20869255065918,12.034466743469238
N62053,sports,sports,42.877342224121094,1.9508726596832275
N22835,sports,sports,62.98746109008789,-22.019001007080078
N17989,news,news,-9.450425148010254,28.301794052124023
N50515,music,other,12.672825813293457,2.5804667472839355
N12311,sports,sports,24.713674545288086,-18.508058547973633
N42715,news,news,-48.71213912963867,19.47835922241211
N57360,lifestyle,lifestyle,-25.586849212646484,-10.750688552856445
N7339,sports,sports,64.05451965332031,-3.8734958171844482
N27407,sports,sports,59.91073989868164,-8.800067901611328
N58224,news,news,-36.5263671875,24.531265258789062
N39481,news,news,-51.61853790283203,18.423660278320312
N53556,sports,sports,52.18232345581055,-16.724212646484375
N1545,sports,sports,21.051668167114258,7.680909633636475
N819,lifestyle,lifestyle,-32.20048141479492,-17.20815086364746
N8900,news,news,-45.05559158325195,20.933977127075195
N20434,news,news,-57.52882385253906,19.535770416259766
N24730,news,news,-21.390146255493164,-30.46558952331543
N13307,sports,sports,8.08349609375,21.178178787231445
N30361,news,news,-43.98461151123047,25.083023071289062
N20031,news,news,-42.069053649902344,23.133556365966797
N23968,foodanddrink,foodanddrink,-17.6857967376709,-38.35978698730469
N28462,news,news,-42.10002517700195,-0.6648234128952026
N49867,news,news,-44.64453887939453,27.244447708129883
N5129,sports,sports,61.26335906982422,-25.643638610839844
N29530,news,news,-50.31364822387695,4.2649245262146
N5729,health,health,-20.38127326965332,0.9368214011192322
N885,lifestyle,lifestyle,16.76409149169922,11.181994438171387
N7527,news,news,-37.70436477661133,20.554580688476562
N7778,sports,sports,48.03251647949219,-10.60884952545166
N49502,news,news,-56.30575180053711,-4.6417927742004395
N7077,sports,sports,26.26404571533203,4.887271404266357
N43490,sports,sports,35.021690368652344,-6.313082218170166
N35772,news,news,-8.956180572509766,34.93417739868164
N45615,autos,autos,-57.982177734375,14.444066047668457
N18112,news,news,10.35584545135498,-40.7304573059082
N52382,entertainment,other,10.12004280090332,10.580972671508789
N51086,news,news,-41.08031463623047,22.689964294433594
N44240,weather,weather,-49.699867248535156,6.160227298736572
N10243,finance,finance,19.788904190063477,-29.500883102416992
N61649,sports,sports,27.82408905029297,23.786285400390625
N51967,news,news,-7.3701252937316895,31.659896850585938
N32941,autos,autos,13.331900596618652,-36.07746887207031
N48831,health,health,16.136381149291992,-14.809891700744629
N60616,sports,sports,54.98494338989258,-9.187005043029785
N58933,news,news,-45.877750396728516,24.823184967041016
N49267,news,news,-53.26929473876953,20.98863983154297
N51213,lifestyle,lifestyle,-5.578069686889648,11.033967971801758
N58228,lifestyle,lifestyle,2.2618660926818848,-20.100908279418945
N13689,movies,other,7.955978870391846,-8.018939971923828
N11838,news,news,-3.0761020183563232,10.140710830688477
N3674,foodanddrink,foodanddrink,-4.589688301086426,-31.020292282104492
N9012,news,news,-33.08109664916992,-20.338041305541992
N41990,sports,sports,50.01273727416992,-17.413972854614258
N15580,news,news,-4.685873031616211,35.537105560302734
N10735,sports,sports,47.4964714050293,13.844919204711914
N17612,news,news,-16.489240646362305,46.21778106689453
N20780,travel,travel,-19.673974990844727,23.40569305419922
N37558,weather,weather,-56.23232650756836,-3.1335155963897705
N5310,health,health,-1.7161028385162354,-32.422969818115234
N29975,news,news,-9.865752220153809,5.119712829589844
N63672,sports,sports,28.836822509765625,26.082630157470703
N37663,news,news,-36.01829147338867,17.406038284301758
N1499,sports,sports,47.2332878112793,-23.623361587524414
N62353,news,news,-39.72407150268555,28.804672241210938
N62843,news,news,-37.13108825683594,27.95989227294922
N62320,sports,sports,13.31081771850586,-12.359864234924316
N26376,finance,finance,-10.457999229431152,-6.740410327911377
N21364,news,news,-7.606361389160156,27.48461151123047
N30387,news,news,-21.61847496032715,10.966570854187012
N35022,lifestyle,lifestyle,-39.57184982299805,-30.694778442382812
N11605,finance,finance,-23.379615783691406,-6.148674488067627
N51650,finance,finance,4.445544719696045,-13.072175979614258
N19067,news,news,-43.71681594848633,17.296749114990234
N49413,weather,weather,-55.390037536621094,-26.48279571533203
N44360,video,video,-16.732707977294922,-21.924543380737305
N59511,travel,travel,-14.832398414611816,-20.75353240966797
N35127,sports,sports,53.234561920166016,-5.300527095794678
N46523,sports,sports,53.23311996459961,20.052160263061523
N57307,news,news,-6.348226070404053,13.86246109008789
N21018,news,news,-13.61941146850586,43.83695983886719
N64030,news,news,-21.60053062438965,10.967864990234375
N13670,finance,finance,-16.610233306884766,-9.450172424316406
N17079,sports,sports,55.69841766357422,-8.895913124084473
N50617,sports,sports,49.7343635559082,-13.347979545593262
N54576,sports,sports,61.127559661865234,-5.8111042976379395
N14983,sports,sports,61.42362594604492,21.496402740478516
N1442,news,news,-57.465450286865234,-2.5015878677368164
N35636,foodanddrink,foodanddrink,4.383542060852051,-26.88686752319336
N34925,health,health,6.321905136108398,-28.223901748657227
N50023,health,health,6.972057342529297,-27.598857879638672
N31617,foodanddrink,foodanddrink,7.768203258514404,-27.124042510986328
N18931,foodanddrink,foodanddrink,-4.168622970581055,-39.310150146484375
N12898,foodanddrink,foodanddrink,-3.276505470275879,-39.883949279785156
N57754,health,health,-2.757171154022217,-26.013187408447266
N61704,lifestyle,lifestyle,4.8003082275390625,-20.978422164916992
N52154,lifestyle,lifestyle,-0.6029285192489624,-32.597904205322266
N45655,health,health,-2.415818691253662,-28.826406478881836
N2041,lifestyle,lifestyle,8.621127128601074,-25.722810745239258
N17953,health,health,-4.80446195602417,7.129261493682861
N42126,entertainment,other,4.898293972015381,-25.82005500793457
N64482,health,health,-4.268293857574463,4.953925132751465
N35118,sports,sports,16.679454803466797,-32.264522552490234
N40530,news,news,-0.09947147220373154,41.9350700378418
N36332,news,news,-39.780052185058594,20.002700805664062
N8008,lifestyle,lifestyle,2.099938154220581,-33.79147720336914
N28836,travel,travel,-9.444851875305176,-26.25987434387207
N51230,health,health,-1.2409640550613403,-28.592044830322266
N18497,foodanddrink,foodanddrink,8.56076717376709,-20.706972122192383
N10955,health,health,-2.451763153076172,-27.693225860595703
N15761,entertainment,other,11.943426132202148,-17.012174606323242
N10350,finance,finance,2.0701963901519775,-18.892454147338867
N53453,lifestyle,lifestyle,17.820369720458984,12.19173526763916
N50372,entertainment,other,12.472284317016602,17.355064392089844
N27490,news,news,-5.163368225097656,-14.641472816467285
N4719,foodanddrink,foodanddrink,-5.0700364112854,-37.97822570800781
N25496,news,news,-35.57859420776367,20.317712783813477
N64541,health,health,3.3064427375793457,-24.381065368652344
N52497,health,health,-3.714601755142212,4.372419834136963
N24499,health,health,-1.1346445083618164,-23.46484375
N21763,news,news,-24.02315330505371,21.5465145111084
N40822,sports,sports,38.44305419921875,6.1143622398376465
N20041,news,news,-17.171489715576172,41.299930572509766
N20686,news,news,-47.179222106933594,23.5122127532959
N43330,health,health,-21.089393615722656,1.7037409543991089
N14633,weather,weather,-54.45316696166992,-24.250356674194336
N10383,sports,sports,3.960592031478882,-1.381927490234375
N11052,travel,travel,-18.937541961669922,-45.653831481933594
N15061,news,news,-26.595993041992188,23.890750885009766
N50058,news,news,4.838534832000732,37.219425201416016
N8580,sports,sports,23.59531593322754,0.11542222648859024
N62579,news,news,-46.53569030761719,20.24654769897461
N58530,sports,sports,52.44856262207031,28.281047821044922
N23409,sports,sports,46.94901657104492,27.610029220581055
N10334,weather,weather,-49.539852142333984,-26.30409049987793
N20249,news,news,-53.15708541870117,19.705881118774414
N40766,news,news,-33.51131057739258,28.080175399780273
N9048,news,news,-6.673182964324951,6.877100944519043
N7419,lifestyle,lifestyle,-5.077157497406006,9.673809051513672
N24839,sports,sports,11.06307601928711,-9.02910041809082
N61585,sports,sports,-48.3667106628418,-21.96562957763672
N10484,weather,weather,-62.71399688720703,-4.601102828979492
N62754,sports,sports,37.89633560180664,4.937068939208984
N5112,news,news,-51.857059478759766,19.581283569335938
N1782,news,news,-45.22549819946289,14.171634674072266
N4819,news,news,-0.8431292176246643,43.09839630126953
N32376,news,news,-36.688011169433594,-25.344236373901367
N32804,sports,sports,42.24222183227539,5.64145565032959
N13905,news,news,-28.3961238861084,27.860124588012695
N38594,weather,weather,1.088266372680664,-28.549331665039062
N19914,autos,autos,-1.6970840692520142,-10.339547157287598
N23828,travel,travel,-25.47640037536621,-14.735869407653809
N55488,finance,finance,-11.976661682128906,-5.338068008422852
N3373,foodanddrink,foodanddrink,-15.648155212402344,-34.568359375
N55515,movies,other,1.924644947052002,3.005192756652832
N24783,sports,sports,-0.3453274369239807,21.45160484313965
N9203,news,news,-31.53802490234375,-4.002175331115723
N29643,sports,sports,45.087528228759766,12.137565612792969
N3216,weather,weather,-47.03679275512695,-16.19207191467285
N50603,sports,sports,18.185895919799805,2.9347991943359375
N37005,news,news,-54.133460998535156,1.3361493349075317
N20812,weather,weather,-58.00579833984375,-22.17777442932129
N43262,foodanddrink,foodanddrink,-19.420766830444336,-35.69807815551758
N19566,news,news,-48.15689468383789,-17.117494583129883
N56090,travel,travel,53.84794998168945,26.95410919189453
N21874,video,video,-0.21236760914325714,36.317710876464844
N42692,sports,sports,26.355066299438477,24.354970932006836
N59797,news,news,-3.2049741744995117,11.543706893920898
N61846,news,news,-24.989086151123047,16.484996795654297
N35594,tv,other,14.91161060333252,5.609862804412842
N52186,travel,travel,-28.57160758972168,23.38031005859375
N37806,news,news,-26.911602020263672,7.038259029388428
N35671,tv,other,-2.6908345222473145,43.77803039550781
N11658,sports,sports,12.964612007141113,-13.537303924560547
N3307,news,news,-30.228744506835938,8.860759735107422
N34900,weather,weather,-54.500343322753906,-25.69569206237793
N22765,sports,sports,59.897945404052734,23.23275375366211
N2522,news,news,-32.662025451660156,-2.094566583633423
N29312,news,news,-56.41790008544922,1.6499134302139282
N52836,travel,travel,-40.3011360168457,-4.857786655426025
N9342,sports,sports,-58.27605056762695,13.730463981628418
N3551,news,news,0.20185095071792603,39.163448333740234
N50113,news,news,-56.45309066772461,21.453872680664062
N11940,lifestyle,lifestyle,14.94400405883789,7.174742221832275
N57998,sports,sports,31.606172561645508,16.192005157470703
N48623,news,news,-39.921321868896484,-9.67786979675293
N25403,video,video,-29.390806198120117,-20.46449851989746
N54239,finance,finance,-12.75914192199707,-11.208781242370605
N44285,finance,finance,-16.750307083129883,-6.381492614746094
N46487,lifestyle,lifestyle,1.2098724842071533,-16.839630126953125
N47614,finance,finance,-25.554677963256836,-4.350245475769043
N24272,movies,other,3.2727603912353516,5.160933017730713
N33488,sports,sports,53.61479187011719,-5.352503776550293
N38304,weather,weather,-48.73224639892578,-29.60071563720703
N10769,news,news,-30.920394897460938,16.674938201904297
N37888,news,news,-50.080177307128906,16.058210372924805
N13320,sports,sports,34.13111114501953,26.138437271118164
N58143,sports,sports,59.88092041015625,-8.737226486206055
N43976,travel,travel,-57.32596969604492,-0.34139370918273926
N42082,sports,sports,50.99755096435547,-21.050439834594727
N39878,sports,sports,40.6346549987793,2.2563083171844482
N20192,news,news,-41.94758987426758,11.452855110168457
N34501,sports,sports,58.93552017211914,-18.361677169799805
N33878,sports,sports,-41.278106689453125,13.139983177185059
N41536,sports,sports,38.09748840332031,7.264411926269531
N53875,news,news,-58.66947555541992,-7.507343769073486
N47612,news,news,-20.070419311523438,44.008235931396484
N64605,travel,travel,-35.14217758178711,-24.215627670288086
N26918,finance,finance,1.4892795085906982,-11.01711654663086
N28426,sports,sports,50.92148208618164,26.193002700805664
N24886,travel,travel,-22.298782348632812,-37.39354705810547
N62775,news,news,-31.937049865722656,19.425701141357422
N46643,news,news,-55.30572509765625,-23.429658889770508
N49001,music,other,12.571439743041992,2.799283027648926
N19520,news,news,-21.54871940612793,29.66033172607422
N7065,video,video,0.5086463093757629,2.958996057510376
N63912,foodanddrink,foodanddrink,-18.125429153442383,9.178308486938477
N59862,sports,sports,8.108431816101074,21.122013092041016
N26209,news,news,20.580965042114258,-27.798080444335938
N55485,news,news,-7.335608005523682,22.625431060791016
N4519,news,news,-44.63428497314453,18.214277267456055
N36413,news,news,-6.800346851348877,36.59953308105469
N17160,sports,sports,6.014811992645264,42.06983947753906
N48797,sports,sports,62.213802337646484,12.109914779663086
N52149,autos,autos,11.187738418579102,-33.95105743408203
N9623,news,news,-17.25950050354004,46.316246032714844
N19467,lifestyle,lifestyle,-7.320886135101318,8.55793285369873
N32225,sports,sports,36.11735534667969,-0.4905354976654053
N7938,entertainment,other,9.50604248046875,9.625091552734375
N33883,finance,finance,-2.9280855655670166,34.73856735229492
N35556,video,video,55.118316650390625,-2.5599722862243652
N19258,health,health,-8.010282516479492,7.748141765594482
N8861,foodanddrink,foodanddrink,-8.422649383544922,-36.827945709228516
N52274,sports,sports,53.55373001098633,-10.241765975952148
N24910,news,news,-37.00058364868164,0.755447506904602
N14227,news,news,-40.00886535644531,-17.569398880004883
N3316,travel,travel,-13.059504508972168,-25.758535385131836
N38999,sports,sports,42.130306243896484,-11.772584915161133
N56910,sports,sports,11.170126914978027,-15.600564002990723
N31798,finance,finance,-15.221502304077148,35.99164581298828
N49917,news,news,-20.62213134765625,24.196523666381836
N21953,sports,sports,55.04570388793945,29.264440536499023
N63737,video,video,-2.6787095069885254,27.043977737426758
N23792,foodanddrink,foodanddrink,-21.61428451538086,-41.166160583496094
N41541,news,news,-7.594886779785156,42.4775390625
N54085,sports,sports,16.22395896911621,-14.661035537719727
N55729,news,news,-14.561066627502441,2.5065486431121826
N51195,foodanddrink,foodanddrink,-14.310311317443848,-39.24898910522461
N63543,news,news,-54.51356887817383,21.779264450073242
N32964,news,news,-38.99717712402344,22.18440055847168
N49875,sports,sports,47.05119705200195,-11.543608665466309
N64898,news,news,-25.755422592163086,4.419346809387207
N43383,news,news,-24.905380249023438,26.51601219177246
N62852,news,news,-34.35744094848633,-18.620365142822266
N47132,news,news,-27.76287841796875,27.388769149780273
N25165,news,news,-12.87237548828125,43.9945068359375
N33594,foodanddrink,foodanddrink,-13.031831741333008,-43.163143157958984
N11799,sports,sports,41.42424011230469,2.7005646228790283
N15436,autos,autos,-42.98906707763672,-3.698701858520508
N19091,tv,other,-8.20041561126709,-1.7037949562072754
N31359,news,news,-53.882896423339844,19.538782119750977
N36052,sports,sports,49.33781051635742,-20.137165069580078
N3355,sports,sports,58.980743408203125,-0.890034019947052
N64641,travel,travel,-16.010927200317383,11.304999351501465
N6926,foodanddrink,foodanddrink,-7.590699195861816,-34.965972900390625
N33939,sports,sports,48.99912643432617,-15.247105598449707
N15346,sports,sports,68.87901306152344,-12.26583194732666
N54813,sports,sports,55.2415657043457,22.028846740722656
N35058,news,news,-3.403278350830078,35.68734359741211
N55055,news,news,-48.72777557373047,15.359189987182617
N21427,news,news,-19.800973892211914,46.06015396118164
N58683,finance,finance,-19.518144607543945,-35.56991958618164
N37941,foodanddrink,foodanddrink,-35.008663177490234,-13.856176376342773
N41852,weather,weather,-58.725582122802734,-6.928152561187744
N9865,sports,sports,67.38013458251953,-5.85615348815918
N56381,foodanddrink,foodanddrink,-24.1168270111084,-38.85655975341797
N20240,finance,finance,-13.720510482788086,-6.4214863777160645
N31997,news,news,-50.37406921386719,13.485231399536133
N40482,sports,sports,-23.347265243530273,28.094511032104492
N59427,news,news,-14.440959930419922,-7.141925811767578
N22595,lifestyle,lifestyle,-1.9012060165405273,7.850559234619141
N54920,news,news,-29.758474349975586,15.218267440795898
N60493,autos,autos,-49.200889587402344,1.073814034461975
N38725,news,news,-4.115375518798828,10.9321928024292
N56020,news,news,-26.8775577545166,-6.3398308753967285
N5652,lifestyle,lifestyle,-6.312973976135254,3.756042957305908
N39379,sports,sports,48.38396453857422,-19.43449592590332
N41497,news,news,-20.58218765258789,30.824487686157227
N42423,sports,sports,55.63923645019531,16.086620330810547
N35548,sports,sports,23.423254013061523,-31.487619400024414
N21152,travel,travel,-28.5695858001709,-5.208232402801514
N39625,sports,sports,-13.20401668548584,4.098137855529785
N9168,news,news,-48.388057708740234,-30.467519760131836
N8913,news,news,-9.308728218078613,44.16461181640625
N61836,news,news,-4.654141426086426,-10.814046859741211
N12362,lifestyle,lifestyle,-31.065702438354492,-22.254335403442383
N6651,sports,sports,54.881011962890625,-23.094396591186523
N12340,travel,travel,-25.355422973632812,-14.273248672485352
N2141,sports,sports,49.88344192504883,27.27561378479004
N43214,lifestyle,lifestyle,-1.2331470251083374,-0.7246039509773254
N15277,autos,autos,-54.45043182373047,17.943462371826172
N20130,news,news,-29.037168502807617,-1.7337383031845093
N57104,news,news,-26.9130802154541,-29.420825958251953
N27515,news,news,-28.02109718322754,10.346384048461914
N30542,news,news,-20.352426528930664,24.513492584228516
N34799,video,video,13.206161499023438,7.330371379852295
N30243,sports,sports,37.13215637207031,-7.234190464019775
N29922,foodanddrink,foodanddrink,-17.728147506713867,-40.07662582397461
N48841,news,news,-16.90526580810547,-21.248689651489258
N11780,news,news,-14.083244323730469,-19.704742431640625
N40185,news,news,9.378327369689941,2.2322044372558594
N30560,health,health,-4.657293796539307,-32.82683563232422
N48911,sports,sports,59.708988189697266,-16.88954734802246
N59215,travel,travel,-23.387388229370117,-12.802374839782715
N25561,news,news,-13.404609680175781,-17.475954055786133
N62570,news,news,-13.646293640136719,41.641292572021484
N42538,travel,travel,-24.469955444335938,-16.587158203125
N52110,news,news,-2.8922793865203857,-10.80687141418457
N20953,news,news,-45.19941711425781,18.40035057067871
N3282,news,news,-55.5184326171875,21.128480911254883
N53283,finance,finance,-1.3486382961273193,-14.329684257507324
N26555,foodanddrink,foodanddrink,-19.30445098876953,-43.18860626220703
N11379,sports,sports,51.96821594238281,23.365446090698242
N36137,sports,sports,4.694624423980713,0.16344811022281647
N125,news,news,-57.40806198120117,19.372501373291016
N9156,news,news,-50.70634460449219,13.449240684509277
N56177,news,news,-20.839101791381836,12.998604774475098
N4476,news,news,-19.31317901611328,48.327659606933594
N34186,travel,travel,-22.219036102294922,-26.7139835357666
N44465,sports,sports,27.228639602661133,26.924816131591797
N56964,sports,sports,36.74120330810547,-9.128040313720703
N22792,weather,weather,-49.612300872802734,-26.269853591918945
N64550,sports,sports,50.14643859863281,17.951274871826172
N13930,music,other,13.384340286254883,9.561022758483887
N32504,sports,sports,37.54188537597656,-0.023527931421995163
N3726,autos,autos,11.849225997924805,-35.11207962036133
N18106,tv,other,12.138312339782715,11.281768798828125
N58837,sports,sports,65.4630126953125,-6.399776935577393
N58183,health,health,-1.3559919595718384,-23.947500228881836
N23767,lifestyle,lifestyle,7.193314552307129,9.393815994262695
N24376,finance,finance,-2.0777523517608643,-17.075929641723633
N39215,finance,finance,-7.951115131378174,-10.483617782592773
N5479,sports,sports,54.04869842529297,26.95603370666504
N46589,weather,weather,-53.338775634765625,-25.212223052978516
N42307,sports,sports,52.01211929321289,23.313995361328125
N21063,news,news,-8.890737533569336,40.65422439575195
N18425,video,video,-5.1497626304626465,44.85763931274414
N19784,weather,weather,54.7144889831543,28.53824806213379
N9961,foodanddrink,foodanddrink,-16.68080711364746,-40.69729232788086
N21820,sports,sports,54.618343353271484,29.75192642211914
N19484,news,news,-32.38467025756836,-2.971768856048584
N53515,finance,finance,-11.027605056762695,-6.92277193069458
N63810,sports,sports,64.29843139648438,-5.4070587158203125
N54317,lifestyle,lifestyle,0.04387998208403587,-19.92849349975586
N7433,news,news,-21.52260398864746,-33.61951446533203
N30640,foodanddrink,foodanddrink,-18.335664749145508,8.81419849395752
N54282,weather,weather,-25.653972625732422,-4.057161331176758
N34583,news,news,-12.53819465637207,11.841737747192383
N49940,news,news,-37.54107666015625,-23.741107940673828
N15471,news,news,-23.083782196044922,13.815844535827637
N50900,sports,sports,59.1558837890625,-8.339323043823242
N17513,news,news,0.9919010996818542,2.594346284866333
N24054,sports,sports,62.1871223449707,-19.02984046936035
N21240,sports,sports,51.21541213989258,-25.589698791503906
N32233,sports,sports,57.969947814941406,-25.78728485107422
N37020,sports,sports,30.715482711791992,10.487173080444336
N1414,music,other,13.992876052856445,0.11786963790655136
N59749,finance,finance,-2.8146746158599854,-3.1552910804748535
N21560,weather,weather,-48.66147994995117,-30.207141876220703
N45148,sports,sports,33.68015670776367,-7.917304515838623
N14713,autos,autos,14.377493858337402,-39.71697235107422
N44477,news,news,-22.720048904418945,-30.138383865356445
N46486,lifestyle,lifestyle,-2.581023693084717,2.365658760070801
N19856,travel,travel,-62.91790771484375,-4.517924785614014
N17450,foodanddrink,foodanddrink,-14.863962173461914,-36.160804748535156
N25979,news,news,-2.168635606765747,-10.370440483093262
N35771,news,news,-36.05731964111328,2.1961803436279297
N13989,health,health,-22.825693130493164,3.9529364109039307
N34179,news,news,-28.074363708496094,1.2669131755828857
N34845,sports,sports,52.555843353271484,9.75749397277832
N22457,news,news,6.9643449783325195,9.268597602844238
N47803,finance,finance,-23.971599578857422,-24.244646072387695
N52231,sports,sports,58.745174407958984,-16.09271812438965
N38770,entertainment,other,10.61297607421875,-8.059537887573242
N34872,health,health,-7.953028678894043,7.726687431335449
N29369,news,news,4.7879719734191895,36.74568557739258
N44616,news,news,-7.241635799407959,38.51932907104492
N31062,video,video,-36.41012191772461,-17.320411682128906
N57772,news,news,-34.67512893676758,-4.667314052581787
N30807,sports,sports,47.86170196533203,-26.365163803100586
N38512,finance,finance,1.7623757123947144,-14.97153377532959
N15413,sports,sports,44.574623107910156,11.935698509216309
N31955,travel,travel,-53.36190414428711,-0.15134447813034058
N42135,finance,finance,-7.290446758270264,-12.97629451751709
N20727,sports,sports,54.04705810546875,12.908923149108887
N39710,lifestyle,lifestyle,-33.39006423950195,-7.446559429168701
N63862,news,news,-27.981761932373047,26.61333465576172
N62260,travel,travel,-39.83745193481445,-6.597861289978027
N24000,movies,other,12.585882186889648,5.495529651641846
N20577,weather,weather,-48.777286529541016,-29.4610538482666
N4242,sports,sports,9.49225902557373,-14.327709197998047
N24515,weather,weather,-41.35421371459961,-21.202062606811523
N10902,lifestyle,lifestyle,-31.825170516967773,-6.885472297668457
N7367,weather,weather,-41.5283088684082,-15.223012924194336
N14158,news,news,-14.792317390441895,31.379894256591797
N19592,lifestyle,lifestyle,-3.2780120372772217,-23.132966995239258
N40698,finance,finance,-52.714576721191406,-1.909651756286621
N24504,video,video,-1.34407639503479,32.80190658569336
N20018,sports,sports,46.94554138183594,13.222291946411133
N8658,sports,sports,51.06591796875,-11.69287109375
N24377,foodanddrink,foodanddrink,-37.54300308227539,5.317927360534668
N54342,sports,sports,27.733186721801758,-20.286745071411133
N49215,news,news,-19.81645965576172,45.88483810424805
N22775,sports,sports,55.30141830444336,26.008380889892578
N57240,finance,finance,-40.26846694946289,12.579602241516113
N15362,foodanddrink,foodanddrink,-15.344365119934082,-43.25248718261719
N51082,video,video,-14.125256538391113,0.19284749031066895
N37735,health,health,-7.299253463745117,7.971315860748291
N20452,sports,sports,40.68068313598633,4.81976842880249
N12071,news,news,-44.1040153503418,25.376909255981445
N25558,travel,travel,-23.589229583740234,-12.51845645904541
N34308,sports,sports,46.49729919433594,-8.426220893859863
N21086,news,news,-9.36104965209961,36.30281448364258
N11145,health,health,-23.150249481201172,3.0256285667419434
N1123,sports,sports,51.96692657470703,15.93641185760498
N49430,music,other,11.834389686584473,1.7363682985305786
N35759,news,news,-16.586549758911133,-9.477202415466309
N6097,sports,sports,53.478397369384766,-12.251030921936035
N36092,news,news,-59.554351806640625,-0.5809071660041809
N17920,travel,travel,-33.97740173339844,-24.64698600769043
N6538,sports,sports,44.2959098815918,4.479485511779785
N60365,sports,sports,20.71866226196289,-27.9736270904541
N35020,weather,weather,-53.28813171386719,-24.29644203186035
N26523,sports,sports,36.04233932495117,5.020963191986084
N23319,news,news,-1.790111780166626,-19.79668617248535
N24739,news,news,-8.5635404586792,43.05189895629883
N2188,sports,sports,59.983497619628906,11.529560089111328
N22146,movies,other,10.856961250305176,15.429367065429688
N44534,foodanddrink,foodanddrink,-19.04486083984375,-40.5003662109375
N54838,news,news,-17.960363388061523,31.343521118164062
N54062,foodanddrink,foodanddrink,-19.371397018432617,-33.65803527832031
N56994,news,news,-23.673526763916016,-11.543298721313477
N61718,sports,sports,46.02581787109375,-16.345645904541016
N19943,sports,sports,61.318580627441406,-10.891290664672852
N42493,travel,travel,-18.082895278930664,-17.73110008239746
N57159,sports,sports,-54.39142608642578,1.2095123529434204
N45548,health,health,-23.551082611083984,2.71811580657959
N2983,news,news,-21.382335662841797,29.849035263061523
N34854,lifestyle,lifestyle,-6.5897626876831055,4.25220251083374
N18782,news,news,-29.01285743713379,38.88674545288086
N5454,news,news,-33.98986053466797,22.022809982299805
N10427,news,news,-4.127530097961426,48.32647705078125
N369,sports,sports,54.319210052490234,-25.66754722595215
N29737,sports,sports,20.40692710876465,-29.388141632080078
N29768,sports,sports,29.740238189697266,18.159088134765625
N1583,sports,sports,41.15266036987305,-10.681968688964844
N38427,news,news,-33.39651107788086,8.66838550567627
N25461,news,news,-21.576772689819336,21.56317710876465
N56861,finance,finance,-20.65567398071289,13.983494758605957
N56255,finance,finance,-21.621776580810547,-7.840492248535156
N33924,sports,sports,62.62290573120117,-22.98357582092285
N35957,news,news,5.335268020629883,35.87445831298828
N11541,news,news,2.1503970623016357,-34.0511360168457
N556,news,news,-41.12678909301758,-0.33303192257881165
N14383,sports,sports,24.263458251953125,-1.9324522018432617
N60248,news,news,-38.12512969970703,8.675682067871094
N40633,finance,finance,-32.99785232543945,-3.7704639434814453
N62458,weather,weather,-56.58778381347656,-0.13126114010810852
N40789,news,news,-40.02711486816406,6.448371410369873
N3113,sports,sports,51.76832962036133,7.586726665496826
N61427,foodanddrink,foodanddrink,-1.4313998222351074,-39.12904357910156
N4328,news,news,-9.54055404663086,40.694515228271484
N35786,sports,sports,5.304708480834961,-0.4944661855697632
N6593,news,news,-13.298959732055664,19.8461971282959
N33965,weather,weather,-48.997562408447266,-28.505781173706055
N4943,sports,sports,52.28115463256836,30.983386993408203
N51999,sports,sports,26.84322738647461,-18.843097686767578
N5556,news,news,-33.22107696533203,18.826934814453125
N64720,sports,sports,41.56980514526367,-3.472527027130127
N768,sports,sports,48.300880432128906,-23.952178955078125
N8796,video,video,-11.20178508758545,39.39203643798828
N64361,foodanddrink,foodanddrink,-12.161503791809082,-35.08000183105469
N39093,sports,sports,3.262761116027832,-1.2807782888412476
N47424,news,news,-19.174158096313477,-33.611541748046875
N63470,sports,sports,55.38743209838867,-22.665176391601562
N17499,news,news,-30.235292434692383,10.245809555053711
N21437,news,news,-52.21763229370117,-2.582158327102661
N16854,news,news,-30.552011489868164,-17.641361236572266
N37505,news,news,-4.09065580368042,-12.203932762145996
N41390,weather,weather,-51.1159553527832,-31.28973388671875
N62238,sports,sports,49.472469329833984,-26.098892211914062
N40053,video,video,2.625957727432251,43.77857971191406
N7640,news,news,-11.358783721923828,-11.397408485412598
N11433,finance,finance,-16.115314483642578,-5.230308532714844
N6577,autos,autos,0.23717252910137177,-18.84851837158203
N59079,foodanddrink,foodanddrink,-6.961745262145996,-38.82923889160156
N6854,news,news,-30.88824462890625,-5.2753190994262695
N36876,sports,sports,18.409433364868164,-8.662784576416016
N50537,sports,sports,46.57325744628906,24.62588882446289
N34488,travel,travel,-48.75194549560547,1.1712825298309326
N63776,news,news,-6.77294397354126,41.433746337890625
N50480,news,news,-38.931121826171875,18.696287155151367
N54911,sports,sports,40.42439651489258,3.7563464641571045
N25591,sports,sports,-41.0318603515625,10.49177360534668
N17381,sports,sports,6.032907009124756,42.06925582885742
N10316,sports,sports,57.68877410888672,-4.228443622589111
N52905,travel,travel,-14.487418174743652,-20.45187759399414
N53587,autos,autos,15.839892387390137,-37.56053161621094
N16549,health,health,-22.217105865478516,4.136133193969727
N48100,sports,sports,59.491416931152344,-25.404315948486328
N58527,sports,sports,39.15818786621094,8.6431303024292
N7715,foodanddrink,foodanddrink,-12.397642135620117,-38.184024810791016
N8701,sports,sports,62.269386291503906,-17.58910369873047
N28924,sports,sports,51.767337799072266,-19.927705764770508
N35336,news,news,-0.38176587224006653,37.344886779785156
N18573,news,news,-26.7578182220459,7.372142791748047
N13556,finance,finance,-9.896388053894043,-6.49569845199585
N6313,foodanddrink,foodanddrink,-28.776660919189453,-13.582718849182129
N46691,finance,finance,-9.240347862243652,-6.629435062408447
N21619,news,news,-27.057395935058594,24.51125144958496
N49701,sports,sports,52.65010070800781,26.679445266723633
N8801,weather,weather,-57.04103088378906,-24.30539321899414
N36771,sports,sports,51.60161590576172,27.75554656982422
N27632,lifestyle,lifestyle,-18.722421646118164,17.513914108276367
N28717,movies,other,-0.9744688272476196,18.019344329833984
N64799,sports,sports,53.02266311645508,31.035003662109375
N56004,lifestyle,lifestyle,-3.928943157196045,-30.862472534179688
N10015,sports,sports,38.86731719970703,9.816645622253418
N14670,weather,weather,-58.12255096435547,-22.071523666381836
N29974,weather,weather,-55.05554962158203,-24.61355209350586
N61282,travel,travel,5.21351957321167,-7.11354398727417
N31477,news,news,-25.1005859375,25.38455581665039
N3088,news,news,-5.177783012390137,27.097318649291992
N7166,news,news,4.829378128051758,29.79905891418457
N41007,sports,sports,50.499210357666016,16.88614273071289
N23728,sports,sports,54.15523147583008,27.627004623413086
N20258,video,video,-15.562621116638184,26.050920486450195
N29156,news,news,-5.428435802459717,-10.53353214263916
N53297,sports,sports,11.676877975463867,-15.687183380126953
N31217,news,news,-22.257413864135742,-37.352622985839844
N5447,weather,weather,-48.11498260498047,-17.01019287109375
N31947,news,news,-27.94620704650879,27.795520782470703
N53527,music,other,10.570574760437012,-0.4910566806793213
N4808,news,news,-34.23125076293945,-22.518463134765625
N1397,sports,sports,46.66190719604492,16.007707595825195
N25060,sports,sports,53.2613410949707,-23.66062355041504
N36527,foodanddrink,foodanddrink,-10.848031044006348,-30.897708892822266
N53793,news,news,-25.767290115356445,24.13773536682129
N14344,weather,weather,-44.135196685791016,-8.814288139343262
N10248,sports,sports,26.84014320373535,-2.8962485790252686
N14747,news,news,-48.60808181762695,19.601543426513672
N17837,sports,sports,51.85729217529297,27.68065643310547
N29796,news,news,-41.11637878417969,17.470754623413086
N62781,news,news,-54.65018844604492,-10.543909072875977
N45065,news,news,-27.48544692993164,-30.676984786987305
N17992,sports,sports,53.09872817993164,28.685007095336914
N6898,weather,weather,-55.581661224365234,-2.367410898208618
N29770,lifestyle,lifestyle,-3.9791653156280518,-0.10462129861116409
N2704,news,news,0.012050108052790165,42.102195739746094
N12928,video,video,-16.516185760498047,46.59756851196289
N35722,autos,autos,-41.25053405761719,-0.7460433840751648
N20167,sports,sports,36.24055480957031,11.722404479980469
N42608,sports,sports,41.1589469909668,-8.411747932434082
N9365,sports,sports,61.16478729248047,-18.845735549926758
N37233,news,news,4.528148651123047,-9.574134826660156
N62488,music,other,12.71468448638916,0.3400236666202545
N40839,sports,sports,42.2291145324707,6.7392683029174805
N7744,video,video,7.200295925140381,16.42409324645996
N63250,news,news,6.65029239654541,-0.22279873490333557
N19212,finance,finance,-24.04308319091797,-24.07396697998047
N10554,news,news,4.813202857971191,0.5547288656234741
N29310,weather,weather,-54.63134002685547,-25.79029083251953
N49237,travel,travel,-33.193092346191406,-2.114684581756592
N61074,news,news,4.621916770935059,37.26523208618164
N52289,news,news,-41.78045654296875,18.848222732543945
N15878,news,news,-24.023109436035156,-2.3845155239105225
N50548,travel,travel,-32.031925201416016,-22.674522399902344
N29534,sports,sports,28.130666732788086,21.972322463989258
N10606,music,other,15.603147506713867,2.552823781967163
N50314,lifestyle,lifestyle,2.7832396030426025,-29.297256469726562
N7539,sports,sports,28.79604721069336,25.174192428588867
N130,news,news,-5.836276054382324,41.0327262878418
N13969,news,news,-0.03450438380241394,39.47791290283203
N30728,news,news,-18.501874923706055,11.702091217041016
N21841,travel,travel,-25.233901977539062,-14.206976890563965
N12780,news,news,-23.060344696044922,14.028873443603516
N39599,sports,sports,47.27471923828125,-12.790923118591309
N60236,weather,weather,-41.33812713623047,-21.20387840270996
N12364,weather,weather,-48.73231887817383,-29.600666046142578
N22476,finance,finance,-1.6244769096374512,-13.79489517211914
N47242,sports,sports,55.093910217285156,-16.892715454101562
N57405,news,news,-39.59529495239258,6.271783351898193
N56747,news,news,-38.191463470458984,25.74976348876953
N26373,travel,travel,-29.050579071044922,-14.213203430175781
N35612,sports,sports,63.52532196044922,18.45100212097168
N14612,news,news,-17.807926177978516,5.045479774475098
N5255,news,news,-1.1930503845214844,17.48027992248535
N45873,sports,sports,66.92736053466797,-0.8305711150169373
N60741,autos,autos,-57.0140495300293,-22.28616714477539
N49222,sports,sports,35.38310623168945,2.6486101150512695
N17072,news,news,-4.275704860687256,48.51254653930664
N44430,sports,sports,53.43382263183594,26.843347549438477
N46939,news,news,-40.659000396728516,6.657901287078857
N40438,finance,finance,3.660877227783203,-14.918105125427246
N55507,foodanddrink,foodanddrink,-6.317685127258301,-38.74964141845703
N40130,finance,finance,-14.46853256225586,-3.6390862464904785
N12313,sports,sports,47.123287200927734,-8.409374237060547
N47531,news,news,5.485459804534912,43.850074768066406
N7817,sports,sports,0.7855319976806641,-2.070315361022949
N33388,news,news,56.80274963378906,18.228710174560547
N37342,sports,sports,56.589900970458984,-13.397638320922852
N20531,sports,sports,47.74649429321289,22.360698699951172
N24381,news,news,-29.048076629638672,-9.152737617492676
N54321,sports,sports,31.79940414428711,20.50735855102539
N15835,news,news,-40.87024688720703,21.892074584960938
N5044,news,news,0.9653041958808899,33.0546760559082
N33730,weather,weather,-57.88213348388672,-23.481313705444336
N37712,news,news,-13.290029525756836,19.835723876953125
N2832,sports,sports,48.98438262939453,-20.63966178894043
N2257,travel,travel,-23.504009246826172,-9.347038269042969
N63553,health,health,-24.339401245117188,9.802359580993652
N45860,sports,sports,-24.708038330078125,3.4116458892822266
N18269,lifestyle,lifestyle,-4.2916083335876465,-0.28216710686683655
N28603,travel,travel,-12.928263664245605,-36.337890625
N35002,lifestyle,lifestyle,-26.014568328857422,-30.943450927734375
N27869,foodanddrink,foodanddrink,-9.804339408874512,-35.897178649902344
N32300,sports,sports,22.764982223510742,-0.08976741880178452
N6838,sports,sports,47.65444564819336,-16.34540557861328
N49173,video,video,-6.039432048797607,42.726497650146484
N12548,weather,weather,-49.37149429321289,-30.361600875854492
N17212,video,video,0.6744848489761353,-22.062007904052734
N3765,travel,travel,-16.412378311157227,-18.958791732788086
N35287,sports,sports,-12.928275108337402,32.6722526550293
N32957,news,news,-9.084975242614746,13.717132568359375
N45969,video,video,6.745204925537109,-10.637124061584473
N13234,sports,sports,25.499475479125977,0.3970133662223816
N45378,sports,sports,38.71733093261719,10.18705940246582
N15274,video,video,-2.3693623542785645,37.993839263916016
N2480,news,news,-25.853111267089844,-30.294218063354492
N815,news,news,-15.947538375854492,25.67283058166504
N4047,tv,other,-4.626950263977051,11.778270721435547
N50473,sports,sports,51.76077651977539,25.024059295654297
N41979,news,news,0.5844416618347168,9.63095474243164
N50065,sports,sports,52.36907958984375,17.05183219909668
N11565,weather,weather,-34.9025993347168,-6.727755546569824
N42703,news,news,-4.884059429168701,41.14897155761719
N17183,news,news,2.7563838958740234,33.928401947021484
N64417,sports,sports,28.036819458007812,-21.212005615234375
N64439,health,health,-12.006059646606445,15.74221420288086
N9018,news,news,-13.915641784667969,1.1310168504714966
N38309,tv,other,8.16442584991455,13.827848434448242
N50657,news,news,2.6628167629241943,8.498478889465332
N2743,sports,sports,3.5299060344696045,-1.793337345123291
N9810,sports,sports,53.19595718383789,26.725624084472656
N57597,news,news,-44.86577224731445,21.88884162902832
N31156,news,news,-24.979721069335938,21.60967254638672
N63872,sports,sports,50.40361404418945,12.180811882019043
N60913,news,news,-43.487022399902344,16.086626052856445
N8996,news,news,-6.791703224182129,28.175809860229492
N13708,sports,sports,54.476226806640625,12.816417694091797
N38357,entertainment,other,-16.674699783325195,10.48635196685791
N10210,news,news,-3.331786870956421,43.543846130371094
N58505,sports,sports,61.46723937988281,-2.2171623706817627
N12079,news,news,-2.0143589973449707,39.872737884521484
N8531,sports,sports,58.52935028076172,5.002203941345215
N8081,sports,sports,62.91607666015625,-11.77577018737793
N6134,foodanddrink,foodanddrink,-8.16018295288086,-41.312843322753906
N35460,sports,sports,15.798164367675781,-9.258323669433594
N7790,lifestyle,lifestyle,-35.51645278930664,-25.368623733520508
N31719,sports,sports,50.829898834228516,10.965150833129883
N16543,sports,sports,60.289371490478516,15.96343994140625
N50138,sports,sports,60.15792465209961,-2.211357593536377
N14930,news,news,-56.031463623046875,-0.9537376761436462
N40425,news,news,-2.0893161296844482,23.723289489746094
N48663,video,video,-33.64897537231445,-25.15233039855957
N59257,news,news,-29.303424835205078,38.015018463134766
N46797,travel,travel,-35.35639953613281,-3.7866480350494385
N41232,sports,sports,40.71999740600586,-3.3696181774139404
N53215,news,news,-45.85094451904297,16.40050506591797
N5650,autos,autos,12.970049858093262,-34.906219482421875
N41535,news,news,-3.5126776695251465,27.745309829711914
N29767,sports,sports,26.81275749206543,26.44281578063965
N60456,news,news,8.412320137023926,14.731000900268555
N22978,foodanddrink,foodanddrink,-6.607532024383545,-35.97969055175781
N34091,travel,travel,-10.84649658203125,-31.000717163085938
N7917,news,news,-6.171947002410889,43.58818435668945
N34095,sports,sports,62.38041687011719,15.310303688049316
N45222,sports,sports,52.27120590209961,26.93388557434082
N6537,sports,sports,61.765235900878906,-1.8354156017303467
N19502,news,news,-37.116390228271484,22.6102237701416
N57591,lifestyle,lifestyle,16.968379974365234,13.400519371032715
N8347,autos,autos,14.898752212524414,-38.25785446166992
N50140,sports,sports,49.80965042114258,-20.172199249267578
N57614,news,news,-4.170518398284912,15.549504280090332
N21880,sports,sports,51.12240982055664,-5.770932197570801
N38563,news,news,-13.908404350280762,1.0587979555130005
N60707,sports,sports,62.696197509765625,19.716815948486328
N32364,news,news,-13.053105354309082,8.315399169921875
N61610,sports,sports,52.886375427246094,15.167603492736816
N28967,news,news,-31.2250919342041,25.150495529174805
N58927,sports,sports,-3.1439781188964844,-0.8328962326049805
N18695,sports,sports,53.749210357666016,-25.324031829833984
N24347,sports,sports,26.578495025634766,26.3499755859375
N52376,news,news,0.8033195734024048,-2.1289455890655518
N26629,news,news,-39.724388122558594,27.495969772338867
N30131,video,video,49.15869140625,30.371139526367188
N21607,sports,sports,49.116844177246094,-18.749738693237305
N60976,news,news,-16.308013916015625,-22.509605407714844
N31379,news,news,-52.06229782104492,17.301509857177734
N6794,sports,sports,51.18895721435547,20.375377655029297
N9093,news,news,42.27643585205078,9.47524356842041
N31862,news,news,-49.890235900878906,1.0209635496139526
N59191,weather,weather,-55.91734313964844,-24.0689697265625
N41043,sports,sports,-0.5680163502693176,17.704259872436523
N23065,health,health,-22.49558448791504,3.840902805328369
N25476,news,news,-25.809640884399414,11.60144329071045
N39105,sports,sports,64.50204467773438,-4.238682270050049
N6806,weather,weather,-51.724674224853516,-24.90533447265625
N39922,news,news,-18.659561157226562,-6.746715068817139
N48237,sports,sports,37.21708679199219,10.017024993896484
N12668,news,news,-21.47945785522461,-33.73036193847656
N21358,movies,other,4.044984817504883,9.8772611618042
N46102,sports,sports,44.127681732177734,-16.22317886352539
N42456,news,news,-48.97157669067383,19.708213806152344
N29324,news,news,-29.192392349243164,-12.57363510131836
N5174,foodanddrink,foodanddrink,51.257259368896484,31.69607925415039
N36252,finance,finance,-27.901992797851562,39.08647537231445
N376,news,news,-40.2413215637207,21.39000701904297
N38049,news,news,-15.238137245178223,34.932281494140625
N39924,travel,travel,-55.801292419433594,-0.7383248805999756
N46646,news,news,-43.21898651123047,22.287078857421875
N65185,sports,sports,45.789554595947266,18.207489013671875
N53604,sports,sports,50.65824890136719,11.007450103759766
N39382,news,news,-33.60759353637695,27.43471908569336
N25379,news,news,-16.63327407836914,-39.48080825805664
N1687,news,news,-42.71258544921875,21.452796936035156
N46751,news,news,-36.189483642578125,24.486589431762695
N26167,sports,sports,34.37617111206055,3.147634267807007
N60445,news,news,-7.266531944274902,38.096351623535156
N10258,sports,sports,27.295347213745117,22.372671127319336
N11820,sports,sports,-0.06738537549972534,-3.7470171451568604
N59908,news,news,-3.5733542442321777,31.015838623046875
N46037,news,news,-19.846946716308594,8.08787727355957
N40011,sports,sports,52.414825439453125,21.264175415039062
N47231,news,news,-12.104188919067383,46.81632614135742
N15690,lifestyle,lifestyle,26.923349380493164,22.33483123779297
N52858,tv,other,12.142119407653809,-4.595425128936768
N54499,sports,sports,33.969390869140625,-6.699901580810547
N8519,lifestyle,lifestyle,14.715316772460938,8.268136978149414
N3156,sports,sports,59.923065185546875,-2.190291166305542
N12179,sports,sports,55.45475387573242,16.85321044921875
N50579,sports,sports,40.662906646728516,8.569952964782715
N46429,sports,sports,41.0312614440918,9.140872955322266
N53964,sports,sports,34.45337677001953,-6.622689247131348
N14147,autos,autos,13.774824142456055,-38.67169189453125
N23759,sports,sports,54.10685348510742,31.3428955078125
N59296,weather,weather,-53.58766174316406,-12.519145011901855
N35138,tv,other,-15.525580406188965,13.504966735839844
N64362,news,news,-55.455413818359375,19.299718856811523
N1172,sports,sports,28.87895393371582,6.651285648345947
N4569,sports,sports,65.47838592529297,-16.270645141601562
N60127,lifestyle,lifestyle,-14.808155059814453,-0.5959436893463135
N14197,sports,sports,20.444568634033203,0.8018172979354858
N5852,sports,sports,66.61678314208984,-17.35828399658203
N58115,finance,finance,-28.769453048706055,-4.925677299499512
N64085,sports,sports,49.738006591796875,19.58704376220703
N64709,news,news,-31.240671157836914,24.869991302490234
N29172,news,news,-22.719362258911133,21.597497940063477
N2136,lifestyle,lifestyle,-11.113938331604004,4.976358413696289
N4881,movies,other,8.68409538269043,2.621123790740967
N38979,foodanddrink,foodanddrink,-18.86008071899414,-40.55244445800781
N11964,travel,travel,-20.018571853637695,21.306297302246094
N6805,news,news,-16.33525848388672,11.000778198242188
N56531,sports,sports,53.84203338623047,-12.312273025512695
N41150,weather,weather,-59.89632034301758,-1.1831084489822388
N59343,sports,sports,37.50847625732422,9.926814079284668
N30031,sports,sports,39.465755462646484,-24.242263793945312
N23665,sports,sports,57.169185638427734,28.99030876159668
N10637,travel,travel,-20.865907669067383,-40.13261032104492
N54904,tv,other,-0.8800517320632935,2.142040729522705
N26677,foodanddrink,foodanddrink,-12.358665466308594,-40.21389389038086
N63478,news,news,-12.35936450958252,33.4268913269043
N64567,sports,sports,6.0450921058654785,-17.879966735839844
N19265,sports,sports,51.007747650146484,-29.088699340820312
N63366,autos,autos,5.700002193450928,-28.40917205810547
N1257,sports,sports,59.03830337524414,-0.8470674157142639
N40691,weather,weather,-41.18162536621094,-21.20568084716797
N9678,sports,sports,58.487152099609375,-16.378101348876953
N61056,travel,travel,-23.58642578125,-40.14291000366211
N40584,sports,sports,-0.8455551266670227,-2.7034077644348145
N19903,news,news,-8.595292091369629,42.23965835571289
N16047,news,news,9.689164161682129,-1.9690077304840088
N4063,news,news,-9.296215057373047,30.891984939575195
N15011,news,news,-56.09896469116211,1.9510096311569214
N45237,sports,sports,48.72724151611328,-25.105880737304688
N26686,news,news,-26.703094482421875,19.3958683013916
N981,news,news,-17.064437866210938,31.774215698242188
N3911,finance,finance,-25.27977752685547,-10.19643783569336
N57344,video,video,-18.556753158569336,-20.821027755737305
N31203,video,video,-9.54587173461914,39.428558349609375
N62780,sports,sports,53.782772064208984,30.714099884033203
N38019,news,news,-11.187919616699219,39.085079193115234
N35103,news,news,-15.57473087310791,6.607658863067627
N64072,sports,sports,53.13689422607422,21.01529884338379
N3423,travel,travel,9.918705940246582,30.218048095703125
N54414,news,news,-58.820640563964844,-3.5178797245025635
N9392,weather,weather,-59.6369514465332,-4.185172080993652
N63751,sports,sports,57.73884201049805,-5.680881500244141
N6498,movies,other,-35.44281005859375,-25.32212257385254
N50877,sports,sports,55.0326042175293,9.066429138183594
N1104,news,news,-30.933876037597656,-7.827921390533447
N4296,lifestyle,lifestyle,-11.991308212280273,0.8702211976051331
N16100,news,news,-18.344030380249023,11.595993041992188
N53073,sports,sports,57.24107360839844,23.654239654541016
N2510,travel,travel,-55.33929443359375,-0.6578352451324463
N19598,weather,weather,0.6960185766220093,-38.654598236083984
N51989,news,news,-22.177173614501953,-30.018535614013672
N41228,video,video,2.125584602355957,-7.400383472442627
N39471,news,news,-6.471969127655029,14.331761360168457
N15662,video,video,-6.375053882598877,23.086355209350586
N44036,weather,weather,-57.942134857177734,-7.1182942390441895
N50972,news,news,1.9446934461593628,35.858970642089844
N22642,sports,sports,32.60566329956055,-5.465458393096924
N9458,sports,sports,37.77245330810547,0.5360952019691467
N24405,movies,other,4.589727878570557,3.5202763080596924
N60109,video,video,-12.499017715454102,39.52677917480469
N61700,sports,sports,52.67164993286133,30.909448623657227
N57282,news,news,-10.91182804107666,39.81515121459961
N5509,sports,sports,57.28400421142578,19.456838607788086
N24767,sports,sports,25.902137756347656,19.781124114990234
N63865,sports,sports,49.69608688354492,-29.2109432220459
N40039,news,news,-47.60459518432617,-8.65477466583252
N48418,news,news,-34.259090423583984,23.495525360107422
N44997,sports,sports,49.19627380371094,17.499380111694336
N56284,sports,sports,25.443470001220703,-20.687110900878906
N49062,news,news,-15.09626293182373,47.691070556640625
N26138,finance,finance,16.070735931396484,-32.94313049316406
N28279,tv,other,12.377541542053223,9.610588073730469
N39770,sports,sports,2.569871425628662,0.8172733783721924
N53902,travel,travel,4.493476867675781,-4.309810638427734
N15952,sports,sports,26.91794204711914,22.72113609313965
N16828,travel,travel,-20.71741485595703,-31.303300857543945
N60336,travel,travel,-2.410689353942871,-0.6163280606269836
N30120,travel,travel,-57.236541748046875,13.408780097961426
N24803,finance,finance,16.05821418762207,-35.405364990234375
N30859,news,news,-13.470157623291016,30.957578659057617
N37239,sports,sports,61.12419891357422,-18.868932723999023
N21637,news,news,-5.1461100578308105,2.263139486312866
N16093,travel,travel,-13.842818260192871,2.092540740966797
N31325,lifestyle,lifestyle,-22.579261779785156,18.038921356201172
N8791,sports,sports,29.98754119873047,26.455114364624023
N30794,sports,sports,46.294532775878906,16.8363037109375
N23722,sports,sports,63.18883514404297,-3.967593193054199
N39970,news,news,-42.096832275390625,6.354940414428711
N36619,news,news,-25.878881454467773,10.77275276184082
N15160,sports,sports,67.31388854980469,-14.12598991394043
N37905,health,health,0.2941203713417053,-22.594717025756836
N35104,news,news,-10.048096656799316,14.35939884185791
N21180,sports,sports,55.98249435424805,22.14118003845215
N9260,sports,sports,-35.646690368652344,-6.522780895233154
N22507,sports,sports,55.79319763183594,15.479132652282715
N14116,video,video,-38.34688186645508,-17.173189163208008
N46895,lifestyle,lifestyle,-53.23490524291992,-28.917028427124023
N26360,sports,sports,53.861305236816406,-12.470155715942383
N33060,sports,sports,57.14237594604492,28.662281036376953
N16490,sports,sports,40.65787124633789,5.385854244232178
N58329,music,other,11.463563919067383,-8.39512825012207
N3700,sports,sports,43.003074645996094,11.34088134765625
N56362,sports,sports,51.57746505737305,-6.548543930053711
N46156,video,video,-45.606998443603516,12.757248878479004
N36277,sports,sports,57.6422004699707,24.72454261779785
N45688,sports,sports,54.24845504760742,9.994071006774902
N31343,sports,sports,57.49213409423828,-18.245960235595703
N42066,foodanddrink,foodanddrink,10.95285415649414,-16.1923885345459
N57970,video,video,-10.340331077575684,35.47038269042969
N43151,video,video,-10.395057678222656,4.692286968231201
N20469,weather,weather,-53.803955078125,-28.740901947021484
N6469,news,news,-21.68585777282715,16.00342559814453
N28418,sports,sports,45.377349853515625,7.652102470397949
N17571,autos,autos,13.244309425354004,-39.5156364440918
N63992,video,video,-2.9486753940582275,44.10450744628906
N63613,sports,sports,37.08817672729492,-7.145318031311035
N13902,sports,sports,20.501873016357422,-12.348135948181152
N33812,sports,sports,64.53146362304688,-8.124611854553223
N27932,music,other,13.027416229248047,9.712292671203613
N35535,sports,sports,44.24747085571289,6.774017810821533
N37421,sports,sports,51.86494445800781,0.07688921689987183
N47201,weather,weather,-32.210174560546875,-10.856857299804688
N69,news,news,-36.21208572387695,-23.39118003845215
N42679,news,news,-41.74546813964844,18.27442741394043
N44615,health,health,-3.335540533065796,3.160552501678467
N16635,sports,sports,33.3928108215332,-6.103900909423828
N4011,lifestyle,lifestyle,-9.90355396270752,14.21149730682373
N33746,sports,sports,60.380210876464844,-26.837648391723633
N53477,sports,sports,40.266502380371094,2.3212215900421143
N35284,finance,finance,-26.96677017211914,-30.56537437438965
N61941,news,news,-35.88712692260742,27.2934627532959
N54215,news,news,-48.21296310424805,-17.127727508544922
N38481,sports,sports,51.8369255065918,28.73176383972168
N13810,sports,sports,50.25175476074219,17.895103454589844
N35698,sports,sports,59.92066192626953,-27.225051879882812
N646,sports,sports,67.28251647949219,-16.533594131469727
N11006,sports,sports,49.4465217590332,-7.273983478546143
N50816,finance,finance,-13.425103187561035,30.936262130737305
N32405,news,news,-53.674713134765625,17.502836227416992
N63194,sports,sports,37.907806396484375,4.869520664215088
N10320,autos,autos,-52.84272384643555,10.14296817779541
N47318,weather,weather,-50.958740234375,-30.032730102539062
N55098,sports,sports,60.22037887573242,-27.54412269592285
N41842,sports,sports,47.27430725097656,9.180503845214844
N21656,music,other,5.140493869781494,15.031439781188965
N45845,news,news,-55.594547271728516,17.278236389160156
N21634,foodanddrink,foodanddrink,-31.235544204711914,11.15473747253418
N55414,sports,sports,40.541812896728516,17.10582160949707
N11686,finance,finance,-0.0065111396834254265,-14.298111915588379
N36581,news,news,-38.844913482666016,-4.0205607414245605
N64480,tv,other,8.025494575500488,0.8130921721458435
N29488,news,news,-48.878334045410156,26.187816619873047
N16027,sports,sports,48.04159164428711,22.539541244506836
N44596,sports,sports,-33.899410247802734,4.2301225662231445
N21405,sports,sports,-58.352657318115234,14.089241027832031
N11958,sports,sports,40.76659393310547,1.1720607280731201
N7405,travel,travel,-17.59871482849121,-18.106576919555664
N26902,sports,sports,43.56389236450195,-21.65620231628418
N61548,sports,sports,30.98101806640625,23.34229850769043
N8537,news,news,-42.570316314697266,-3.7613723278045654
N30248,video,video,-16.968013763427734,26.039522171020508
N21949,news,news,-4.368903636932373,-16.328929901123047
N48166,weather,weather,-54.212093353271484,-30.92302894592285
N55569,sports,sports,44.80525588989258,-12.09798812866211
N11899,sports,sports,53.32575988769531,-14.704328536987305
N64443,finance,finance,-26.174884796142578,-5.963214874267578
N24650,sports,sports,50.54134750366211,-16.950773239135742
N40662,sports,sports,60.945770263671875,-26.19615936279297
N17200,sports,sports,46.81734848022461,-11.164251327514648
N20978,sports,sports,53.083396911621094,-27.748838424682617
N7446,news,news,-4.576831340789795,39.954795837402344
N53302,weather,weather,-43.06251525878906,-19.384950637817383
N58121,news,news,-3.008636951446533,38.18401336669922
N13299,travel,travel,-44.96354293823242,6.274016857147217
N27506,sports,sports,55.10023880004883,21.98919105529785
N5036,sports,sports,26.816091537475586,-2.865669012069702
N13981,foodanddrink,foodanddrink,8.412383079528809,-20.903539657592773
N2099,travel,travel,-14.56933307647705,-15.358343124389648
N17238,news,news,-38.39683532714844,-5.537426948547363
N11199,news,news,-10.25262451171875,4.629069805145264
N50441,sports,sports,16.948184967041016,-31.972240447998047
N38669,sports,sports,34.90362548828125,-0.3703007996082306
N185,news,news,-54.28816223144531,-26.788774490356445
N48708,weather,weather,-58.51412582397461,-21.553050994873047
N6374,sports,sports,45.69491958618164,16.51194190979004
N64590,travel,travel,-23.856149673461914,-16.671443939208984
N58245,news,news,-6.760960578918457,43.818603515625
N15579,sports,sports,61.433895111083984,18.9283447265625
N56208,news,news,-6.7604475021362305,43.818885803222656
N43523,sports,sports,39.50791549682617,1.8876606225967407
N39547,sports,sports,43.91909408569336,7.337873458862305
N37227,sports,sports,51.77239990234375,0.16444481909275055
N19458,sports,sports,52.71538162231445,-15.396103858947754
N42847,news,news,-10.605119705200195,-14.0131196975708
N15516,autos,autos,-42.662330627441406,-5.001285076141357
N5821,weather,weather,-54.15785217285156,-30.996671676635742
N27173,weather,weather,-53.96672058105469,-1.2630215883255005
N58066,sports,sports,41.6680908203125,2.2606828212738037
N15355,travel,travel,-44.11381530761719,-8.793505668640137
N60867,news,news,-0.4558921158313751,27.155166625976562
N37200,sports,sports,27.792421340942383,18.00477409362793
N10213,weather,weather,-49.111751556396484,-25.56915283203125
N33223,news,news,-27.523433685302734,-30.6898193359375
N12000,sports,sports,57.96136474609375,16.611976623535156
N39785,sports,sports,26.92020606994629,-3.1107029914855957
N4396,health,health,-18.675447463989258,3.3438820838928223
N11466,autos,autos,-50.45071029663086,24.095970153808594
N55411,news,news,-3.756991386413574,28.543315887451172
N8335,news,news,-38.67570114135742,20.15522003173828
N35652,travel,travel,-33.84819793701172,-21.1870059967041
N10323,news,news,-3.6020431518554688,20.21181869506836
N57741,sports,sports,49.63119125366211,20.064678192138672
N64530,tv,other,5.133429527282715,13.713881492614746
N62218,sports,sports,59.6986198425293,15.851055145263672
N58710,news,news,-40.9694709777832,29.508289337158203
N13319,sports,sports,57.45494842529297,-18.252788543701172
N61437,sports,sports,38.229881286621094,-0.3171030282974243
N48269,sports,sports,44.52283477783203,21.985334396362305
N34220,sports,sports,54.64849090576172,-12.204320907592773
N26648,music,other,-1.8484123945236206,-0.3584701418876648
N60807,weather,weather,-53.440032958984375,-26.40290069580078
N30135,news,news,-10.784542083740234,22.675416946411133
N57641,finance,finance,-26.6046142578125,-26.867549896240234
N9739,sports,sports,42.89265823364258,-18.325298309326172
N5497,news,news,-2.308567762374878,0.006978475023061037
N13019,video,video,-10.766865730285645,13.050368309020996
N18955,health,health,-21.294105529785156,5.65946102142334
N46481,sports,sports,51.408931732177734,20.837390899658203
N39205,news,news,-15.570408821105957,40.48443603515625
N50397,sports,sports,16.59345245361328,-21.291563034057617
N6228,travel,travel,-8.202462196350098,-27.151195526123047
N50573,sports,sports,54.38925552368164,-14.021106719970703
N61597,sports,sports,46.72327423095703,-11.792716026306152
N32048,news,news,-42.828102111816406,21.61029624938965
N22199,sports,sports,52.299415588378906,18.72861099243164
N28387,video,video,-30.19045639038086,-21.139101028442383
N60379,news,news,-12.431960105895996,-16.664020538330078
N62813,tv,other,19.542654037475586,7.398349761962891
N32599,foodanddrink,foodanddrink,-17.64244270324707,-42.30034255981445
N11495,sports,sports,61.72603225708008,24.17227554321289
N19333,foodanddrink,foodanddrink,-16.93073081970215,-42.267433166503906
N49044,sports,sports,23.83348846435547,-30.382640838623047
N17295,news,news,-35.56742858886719,-7.084213733673096
N24022,news,news,-44.65825271606445,22.131864547729492
N49797,autos,autos,10.386321067810059,-31.123184204101562
N2905,news,news,-54.69045639038086,18.482572555541992
N37914,sports,sports,66.20046997070312,-11.469425201416016
N58904,sports,sports,62.8011360168457,-6.662315368652344
N60907,sports,sports,49.358642578125,20.30217170715332
N41801,sports,sports,43.04343795776367,11.477814674377441
N28642,weather,weather,-38.011436462402344,0.9391382932662964
N38254,movies,other,0.18981464207172394,0.8242269158363342
N44603,finance,finance,-7.722149848937988,-14.021025657653809
N55214,foodanddrink,foodanddrink,-14.963529586791992,-39.98043441772461
N37522,lifestyle,lifestyle,2.7942745685577393,-22.1192684173584
N4802,news,news,-32.4548225402832,-14.816451072692871
N24257,news,news,3.1131784915924072,42.61378860473633
N7150,sports,sports,63.0429573059082,-22.049901962280273
N16613,sports,sports,31.49253273010254,25.966753005981445
N47030,sports,sports,24.31812286376953,-17.27687644958496
N47015,finance,finance,-0.8448646068572998,-18.812467575073242
N2337,travel,travel,-7.333307266235352,-26.94170379638672
N39285,news,news,-7.315060138702393,26.470191955566406
N51320,sports,sports,51.39372634887695,-20.763612747192383
N63423,news,news,-4.953160285949707,-13.005743980407715
N51929,news,news,-42.32211685180664,23.96330451965332
N50976,news,news,9.441279411315918,33.1252326965332
N29540,news,news,-12.103581428527832,36.504112243652344
N13326,news,news,-42.49386215209961,-0.6623696684837341
N24051,news,news,-17.230363845825195,48.75106430053711
N35330,lifestyle,lifestyle,-33.07478713989258,-27.294748306274414
N33480,finance,finance,-1.9342899322509766,-12.320917129516602
N12795,sports,sports,57.104122161865234,19.262033462524414
N47070,foodanddrink,foodanddrink,-4.8225836753845215,-4.012282848358154
N34545,news,news,0.10214170068502426,47.66175842285156
N3725,movies,other,11.985936164855957,16.108722686767578
N6818,health,health,-8.83197021484375,6.344061374664307
N50733,autos,autos,-56.93075942993164,12.11672306060791
N6286,music,other,7.895186424255371,5.432154655456543
N1112,sports,sports,54.48889923095703,29.91838264465332
N51936,autos,autos,15.880175590515137,-39.97153854370117
N62433,autos,autos,6.590769290924072,-32.417633056640625
N47239,sports,sports,60.41469955444336,-18.090700149536133
N29356,video,video,-3.4206557273864746,45.36337661743164
N34514,news,news,-14.076923370361328,47.91178894042969
N12717,sports,sports,53.9672966003418,10.118300437927246
N18143,sports,sports,59.263519287109375,-25.96052360534668
N22584,sports,sports,42.29631042480469,-18.507627487182617
N25972,video,video,-9.968348503112793,-20.018444061279297
N63722,news,news,-46.39149856567383,20.66032600402832
N14248,sports,sports,47.38815689086914,-17.76969337463379
N7153,news,news,-2.159630537033081,47.98427200317383
N55182,foodanddrink,foodanddrink,-18.840843200683594,-35.15058898925781
N43096,sports,sports,12.189285278320312,-9.298131942749023
N1045,autos,autos,-58.111324310302734,14.535505294799805
N47745,sports,sports,55.401912689208984,16.880632400512695
N26893,autos,autos,14.962935447692871,-40.65430450439453
N16164,health,health,29.25606346130371,19.71633529663086
N13324,news,news,-5.398291110992432,-29.565929412841797
N11992,foodanddrink,foodanddrink,-37.038822174072266,6.013538360595703
N3571,finance,finance,-29.220956802368164,1.8063130378723145
N15508,lifestyle,lifestyle,-33.425437927246094,-27.81573486328125
N48092,health,health,-1.9896138906478882,-21.877199172973633
N44546,news,news,-22.487211227416992,-39.77141189575195
N11861,sports,sports,15.782772064208984,-9.86136531829834
N64967,foodanddrink,foodanddrink,-19.10158348083496,-41.336181640625
N14933,sports,sports,21.986528396606445,-16.466840744018555
N23667,news,news,-39.037452697753906,27.630611419677734
N11132,sports,sports,26.506437301635742,3.7590091228485107
N54195,news,news,-5.1567816734313965,-2.6785712242126465
N64580,autos,autos,13.647422790527344,-38.36635971069336
N9627,sports,sports,41.68669128417969,9.613120079040527
N63532,sports,sports,35.50047302246094,2.994110107421875
N39375,sports,sports,56.096126556396484,19.802248001098633
N62742,sports,sports,55.05692672729492,-9.37630558013916
N55991,sports,sports,45.92995071411133,-13.115357398986816
N14362,sports,sports,62.770992279052734,-6.479247093200684
N27485,news,news,-43.581642150878906,18.87327003479004
N43840,sports,sports,51.52427673339844,-6.434907913208008
N37301,sports,sports,48.65956497192383,18.703384399414062
N6282,sports,sports,23.96565818786621,-30.59515953063965
N6377,sports,sports,51.400753021240234,-8.550670623779297
N10133,foodanddrink,foodanddrink,-24.1789608001709,-38.59437561035156
N34717,weather,weather,1.122122883796692,-38.8275260925293
N48030,entertainment,other,-30.877775192260742,17.565757751464844
N58007,travel,travel,-25.699140548706055,-17.737125396728516
N16312,news,news,0.9110561609268188,33.00065994262695
N43589,sports,sports,52.76881408691406,-5.100234031677246
N36723,sports,sports,32.24578857421875,27.90090560913086
N35524,news,news,2.6519052982330322,43.648475646972656
N41028,finance,finance,-34.869140625,-8.217513084411621
N30800,weather,weather,-49.598785400390625,-28.753707885742188
N58923,weather,weather,-43.78615951538086,-4.851566314697266
N44389,video,video,7.953458786010742,-19.57672882080078
N63071,finance,finance,-11.300461769104004,30.35050392150879
N49796,weather,weather,-50.1729736328125,-23.279987335205078
N30173,sports,sports,-19.460542678833008,16.64065170288086
N29962,news,news,-19.176795959472656,48.07891082763672
N49263,movies,other,9.985750198364258,3.3998706340789795
N10561,finance,finance,-18.940776824951172,-4.233973026275635
N9241,sports,sports,23.272113800048828,1.2195550203323364
N46435,sports,sports,-14.52369499206543,26.519874572753906
N40818,foodanddrink,foodanddrink,-8.491145133972168,-33.7442512512207
N9684,news,news,-56.577571868896484,-2.779064178466797
N38867,sports,sports,56.58164596557617,-13.689766883850098
N59458,sports,sports,45.804969787597656,-16.292057037353516
N6562,news,news,-35.210079193115234,-5.888227939605713
N59879,news,news,-34.42629623413086,22.255239486694336
N809,video,video,1.4284089803695679,-1.0345124006271362
N60768,video,video,-56.388511657714844,15.92228889465332
N63562,news,news,-59.091793060302734,-5.951513290405273
N16925,news,news,-30.178993225097656,-24.793134689331055
N23215,news,news,10.069883346557617,-40.910240173339844
N64177,news,news,-30.739612579345703,-10.319681167602539
N8251,lifestyle,lifestyle,-40.962852478027344,-30.091445922851562
N17030,finance,finance,-26.879249572753906,-26.375198364257812
N56928,finance,finance,-33.1267204284668,-7.283128261566162
N2422,weather,weather,-61.673431396484375,-5.166590690612793
N59778,sports,sports,40.815704345703125,9.578174591064453
N33893,sports,sports,44.26095199584961,-17.42852020263672
N50161,video,video,9.358377456665039,32.94496536254883
N32351,foodanddrink,foodanddrink,-9.162960052490234,9.394548416137695
N21411,sports,sports,57.75103759765625,-3.5243682861328125
N28435,video,video,-2.655062437057495,41.53795623779297
N7977,travel,travel,-26.78652572631836,-26.539947509765625
N45478,sports,sports,50.90541458129883,-26.229244232177734
N57744,news,news,-50.0223503112793,13.32657527923584
N57152,news,news,-17.67802619934082,-12.115645408630371
N57458,sports,sports,69.14408874511719,-15.109848022460938
N1232,news,news,16.957592010498047,13.508352279663086
N50250,sports,sports,31.596134185791016,21.93490982055664
N7997,entertainment,other,11.644430160522461,-5.396986961364746
N8072,travel,travel,-15.647281646728516,24.129322052001953
N52204,sports,sports,70.28060913085938,-11.780762672424316
N19820,news,news,-39.9517936706543,23.679746627807617
N4844,health,health,-31.03719711303711,22.213531494140625
N54337,news,news,-56.32880401611328,-9.248562812805176
N18607,sports,sports,49.52232360839844,-26.156585693359375
N16907,sports,sports,9.422724723815918,-13.346038818359375
N55157,sports,sports,57.75103759765625,-3.5243682861328125
N47750,news,news,-10.996929168701172,25.47593116760254
N3008,music,other,12.016159057617188,2.602942705154419
N56400,sports,sports,64.14955139160156,-3.3696677684783936
N21531,sports,sports,55.13702392578125,13.178756713867188
N4282,news,news,-57.75849914550781,-8.596851348876953
N39089,sports,sports,42.90873336791992,-19.161144256591797
N16487,sports,sports,60.32435989379883,-14.056181907653809
N45617,news,news,-43.20521545410156,-3.542618989944458
N13593,sports,sports,23.306167602539062,-30.496540069580078
N64189,news,news,-3.1211295127868652,42.26255798339844
N13609,autos,autos,8.79661750793457,-32.969120025634766
N36199,news,news,-44.797298431396484,20.021671295166016
N51040,sports,sports,66.79876708984375,-12.767653465270996
N37415,autos,autos,-1.280126690864563,10.819792747497559
N50709,sports,sports,66.48717498779297,-7.981632709503174
N35201,sports,sports,38.71535110473633,10.01095962524414
N62677,autos,autos,-42.73424530029297,5.024620056152344
N32588,sports,sports,68.01325988769531,-15.312433242797852
N59799,sports,sports,53.26356887817383,-2.748154878616333
N7848,sports,sports,51.32784652709961,-25.504674911499023
N12962,news,news,-26.788610458374023,23.295936584472656
N9027,lifestyle,lifestyle,-6.887009143829346,14.809900283813477
N58898,sports,sports,12.082389831542969,-10.321934700012207
N30852,travel,travel,-19.168537139892578,-41.951053619384766
N38938,sports,sports,49.77022933959961,-16.60664176940918
N65024,sports,sports,47.653587341308594,-8.579109191894531
N3286,sports,sports,54.124176025390625,16.34239959716797
N32359,news,news,-51.30739212036133,20.160118103027344
N32129,sports,sports,36.10090255737305,5.840355396270752
N39667,sports,sports,69.68294525146484,-14.685046195983887
N24360,news,news,-50.33186340332031,21.888288497924805
N47470,news,news,-40.35165023803711,0.9602441787719727
N45521,sports,sports,61.0960693359375,13.179710388183594
N61047,sports,sports,-15.64065933227539,24.011402130126953
N58705,autos,autos,-45.5129508972168,2.401005744934082
N29439,sports,sports,-33.59510803222656,8.779170989990234
N17399,news,news,-36.42659378051758,-4.750153541564941
N27985,news,news,-13.751407623291016,1.5497194528579712
N34673,autos,autos,-43.72242736816406,23.935253143310547
N53408,sports,sports,62.32244110107422,14.334238052368164
N28761,news,news,-28.003131866455078,1.101630449295044
N42239,news,news,-30.187959671020508,-22.10489845275879
N57567,news,news,-20.200260162353516,-41.36583709716797
N33238,news,news,-1.8532739877700806,37.16656494140625
N25688,autos,autos,-50.79429626464844,17.167802810668945
N63056,news,news,-18.054767608642578,-2.0069427490234375
N44747,sports,sports,59.91769027709961,11.1303071975708
N18984,sports,sports,37.98184585571289,-0.1256183236837387
N46273,foodanddrink,foodanddrink,-17.57894515991211,-43.041969299316406
N52732,entertainment,other,-25.965513229370117,20.72480583190918
N55113,news,news,-57.541603088378906,-8.60547161102295
N38373,weather,weather,-52.11500930786133,-22.487701416015625
N4996,weather,weather,-51.06338882446289,-24.94044303894043
N36014,tv,other,-3.469619035720825,-1.4860275983810425
N46408,sports,sports,53.59524917602539,17.992822647094727
N62482,sports,sports,56.27676773071289,-14.169090270996094
N44876,video,video,34.50969696044922,19.82408905029297
N9793,sports,sports,68.26067352294922,-13.43289852142334
N7603,sports,sports,52.31586837768555,-23.486913681030273
N7907,video,video,-0.3082302212715149,34.95780944824219
N63547,sports,sports,61.554420471191406,-21.949464797973633
N36990,news,news,-55.28142547607422,0.784339189529419
N32848,sports,sports,28.90329933166504,26.39930534362793
N57583,video,video,3.0056278705596924,10.01407241821289
N48525,sports,sports,62.447628021240234,-6.945743083953857
N21995,video,video,-3.272926092147827,43.040767669677734
N38010,sports,sports,29.0280704498291,21.538169860839844
N19908,sports,sports,36.85553741455078,7.755014896392822
N12383,news,news,-35.94525909423828,-0.12070570886135101
N61360,news,news,-53.27273941040039,18.646303176879883
N7511,sports,sports,61.2696418762207,-25.26644515991211
N19780,news,news,-45.59305953979492,22.230426788330078
N23123,sports,sports,56.636226654052734,-16.755388259887695
N61746,weather,weather,-62.34613800048828,-4.902236461639404
N21928,sports,sports,2.285207748413086,4.627007961273193
N61289,sports,sports,33.01591491699219,23.940988540649414
N23815,travel,travel,-23.058176040649414,-20.75790023803711
N53149,video,video,-14.009678840637207,46.795589447021484
N361,autos,autos,-26.46595001220703,-8.17609977722168
N53471,news,news,-30.72917938232422,-8.088409423828125
N32041,travel,travel,-24.98969078063965,-16.351482391357422
N60285,news,news,-8.809713363647461,38.147605895996094
N29089,news,news,-46.69626998901367,22.49265480041504
N64091,lifestyle,lifestyle,4.963538646697998,-15.007075309753418
N23696,sports,sports,52.89612579345703,-19.805204391479492
N3494,travel,travel,0.7834214568138123,-1.555552363395691
N10399,lifestyle,lifestyle,-45.57774353027344,-24.167570114135742
N34940,news,news,-4.135002136230469,-18.628252029418945
N51516,weather,weather,-50.48490905761719,-25.00419807434082
N17977,sports,sports,36.32003402709961,8.384923934936523
N31659,news,news,-32.32490158081055,10.870659828186035
N15024,sports,sports,33.533878326416016,25.772403717041016
N64375,sports,sports,34.08427429199219,7.449994087219238
N61403,sports,sports,34.908843994140625,-11.575819969177246
N30669,sports,sports,62.520503997802734,-8.180375099182129
N19972,news,news,-7.638345718383789,49.25148391723633
N30820,sports,sports,28.18505859375,29.146560668945312
N32790,sports,sports,35.95719528198242,-5.089339256286621
N31901,sports,sports,24.16969871520996,-2.0338187217712402
N35198,lifestyle,lifestyle,-5.328198432922363,-30.839946746826172
N9269,travel,travel,4.499415397644043,-13.098623275756836
N60369,sports,sports,56.23278045654297,-3.926419496536255
N61284,lifestyle,lifestyle,-22.008495330810547,-4.082937240600586
N30719,news,news,-20.697586059570312,24.12256622314453
N60828,sports,sports,44.944244384765625,7.813138008117676
N857,weather,weather,-57.32954788208008,9.06290340423584
N26132,news,news,-14.201833724975586,47.839603424072266
N22723,health,health,-15.903653144836426,-27.703184127807617
N36305,news,news,-2.39717435836792,-2.324113607406616
N64234,news,news,-3.933195114135742,2.3480064868927
N61673,video,video,-32.39435958862305,18.415546417236328
N13819,travel,travel,-32.26768112182617,-17.347166061401367
N23437,foodanddrink,foodanddrink,-9.295769691467285,-39.002281188964844
N50174,news,news,-48.07225036621094,21.757596969604492
N53205,sports,sports,35.230255126953125,4.193249702453613
N1964,lifestyle,lifestyle,6.940863132476807,-10.658616065979004
N17060,video,video,1.1108782291412354,30.02182388305664
N38202,video,video,-52.07986831665039,13.460931777954102
N52439,news,news,-43.23765563964844,23.814289093017578
N41924,sports,sports,59.66098403930664,-26.116071701049805
N45352,finance,finance,-14.75136661529541,-12.612004280090332
N62361,sports,sports,53.445228576660156,-6.613885879516602
N30203,news,news,-27.93916130065918,-4.092078685760498
N46073,foodanddrink,foodanddrink,-18.955093383789062,-41.67717361450195
N925,music,other,10.946003913879395,4.488571643829346
N31095,sports,sports,25.766860961914062,-21.29276466369629
N30673,news,news,-40.62790298461914,20.520357131958008
N56780,sports,sports,48.61181640625,18.076753616333008
N27651,sports,sports,52.18484878540039,-20.900402069091797
N1072,finance,finance,-26.15569496154785,-30.851930618286133
N6091,weather,weather,-40.50455856323242,-30.23261833190918
N34151,sports,sports,53.376182556152344,15.260746955871582
N16498,foodanddrink,foodanddrink,-12.17798900604248,-39.3605842590332
N27160,news,news,-10.387964248657227,46.23881530761719
N42302,news,news,-41.05293273925781,16.6728458404541
N50962,sports,sports,42.71631622314453,-19.06527328491211
N52348,sports,sports,35.648658752441406,2.513766288757324
N30293,sports,sports,45.8780517578125,-10.384268760681152
N56792,travel,travel,-28.551626205444336,-9.19247817993164
N16611,sports,sports,60.57878112792969,-12.791553497314453
N14260,news,news,-40.52273178100586,23.212186813354492
N49343,foodanddrink,foodanddrink,-18.86625862121582,-45.09965133666992
N30232,video,video,-5.8825178146362305,36.47420883178711
N54412,news,news,-28.22142219543457,-2.4311654567718506
N62368,sports,sports,12.389138221740723,-12.321953773498535
N9514,sports,sports,48.495567321777344,-23.419282913208008
N34725,news,news,-27.497026443481445,22.25358772277832
N42147,news,news,-1.0178741216659546,32.13808059692383
N63653,travel,travel,-42.37443542480469,-29.614912033081055
N25474,news,news,-1.1625947952270508,44.31355285644531
N44591,news,news,-37.3173713684082,-12.52739143371582
N18990,autos,autos,10.365426063537598,-31.07673454284668
N42719,news,news,-25.431182861328125,-29.808692932128906
N5113,news,news,-40.950172424316406,15.078763008117676
N47388,sports,sports,34.53582000732422,-3.683607816696167
N58415,health,health,1.8868846893310547,1.0768215656280518
N24961,sports,sports,56.950252532958984,14.031176567077637
N14897,news,news,-45.168174743652344,14.601326942443848
N4319,lifestyle,lifestyle,-22.198190689086914,0.9397785663604736
N8133,autos,autos,-57.44405746459961,18.463470458984375
N22056,finance,finance,-23.356494903564453,-8.115092277526855
N23321,sports,sports,62.66959762573242,-23.35609245300293
N24594,foodanddrink,foodanddrink,-49.91505813598633,10.483892440795898
N51609,sports,sports,33.519351959228516,-8.432180404663086
N31810,news,news,-34.836029052734375,-25.144487380981445
N5430,finance,finance,-28.53505516052246,37.095054626464844
N61013,sports,sports,34.99856185913086,9.399055480957031
N44919,sports,sports,44.784996032714844,7.857614517211914
N9781,sports,sports,31.402158737182617,22.719524383544922
N20152,foodanddrink,foodanddrink,-11.52673053741455,-30.408058166503906
N21835,news,news,-0.5890474915504456,27.369590759277344
N58607,sports,sports,30.153215408325195,6.056490898132324
N63982,sports,sports,6.4740447998046875,-5.091025352478027
N30319,news,news,-36.07267379760742,-16.940916061401367
N2418,news,news,-40.199859619140625,28.921878814697266
N46869,sports,sports,32.8114128112793,19.95881462097168
N23510,travel,travel,-43.008758544921875,-24.933195114135742
N27718,lifestyle,lifestyle,2.510558843612671,-22.154237747192383
N55474,finance,finance,-24.22218894958496,3.1520984172821045
N37696,foodanddrink,foodanddrink,-20.118907928466797,-34.53692626953125
N13804,news,news,-18.117259979248047,-37.009403228759766
N13722,sports,sports,53.64531326293945,18.757427215576172
N3317,health,health,-5.772737503051758,6.360881328582764
N25110,news,news,-52.208412170410156,15.342693328857422
N9123,travel,travel,-33.45235824584961,-9.125043869018555
N41445,lifestyle,lifestyle,-34.61581039428711,15.5686616897583
N47105,news,news,-14.391769409179688,3.31945538520813
N37321,weather,weather,-51.03438186645508,-22.594379425048828
N23127,lifestyle,lifestyle,-3.5814437866210938,10.474387168884277
N32259,travel,travel,-39.87135696411133,-9.662095069885254
N8741,news,news,-32.68246078491211,19.742778778076172
N32876,news,news,-27.009775161743164,14.459092140197754
N53648,news,news,-10.504903793334961,-13.585046768188477
N3534,sports,sports,52.67462921142578,-27.80038833618164
N45914,foodanddrink,foodanddrink,-18.328969955444336,9.023048400878906
N57477,sports,sports,55.31383514404297,24.905776977539062
N57161,sports,sports,26.656494140625,-20.110746383666992
N13735,foodanddrink,foodanddrink,60.466495513916016,-7.716833591461182
N59224,sports,sports,36.01422119140625,11.742216110229492
N13654,autos,autos,-26.317459106445312,-7.916738033294678
N45508,sports,sports,53.04256057739258,13.991515159606934
N64127,sports,sports,12.634448051452637,-15.356380462646484
N26280,news,news,-23.793819427490234,-11.332796096801758
N25482,sports,sports,43.18599319458008,8.211934089660645
N1819,sports,sports,15.080060005187988,-10.545693397521973
N51799,news,news,-47.35063552856445,25.969331741333008
N14877,sports,sports,56.70439147949219,-12.356303215026855
N23212,sports,sports,51.543785095214844,-13.541462898254395
N8271,foodanddrink,foodanddrink,-12.972529411315918,-38.250709533691406
N22228,sports,sports,49.95072937011719,25.318025588989258
N31992,foodanddrink,foodanddrink,-20.41103172302246,-43.77573013305664
N43344,sports,sports,31.809431076049805,21.319307327270508
N46187,news,news,-38.85414123535156,28.649667739868164
N37368,travel,travel,-18.23354148864746,-25.652822494506836
N42513,travel,travel,-26.36417579650879,1.5976883172988892
N9686,news,news,-40.98015594482422,22.508848190307617
N15381,finance,finance,-28.399333953857422,2.2845876216888428
N60846,sports,sports,56.56610107421875,-16.787506103515625
N33162,autos,autos,-56.09613037109375,19.852005004882812
N53805,news,news,-4.288443088531494,25.170978546142578
N32124,weather,weather,-42.306636810302734,-3.6573941707611084
N31240,sports,sports,58.78672409057617,-16.057876586914062
N23739,news,news,47.56560516357422,29.543712615966797
N3328,sports,sports,27.65797233581543,-21.616100311279297
N13830,sports,sports,57.691932678222656,11.0563383102417
N11730,news,news,-7.55454683303833,48.71977233886719
N50132,news,news,-9.206180572509766,-8.980216979980469
N35019,foodanddrink,foodanddrink,-18.005903244018555,-35.97073745727539
N51477,weather,weather,-58.186492919921875,-5.724335670471191
N49470,news,news,-52.64784622192383,19.57630729675293
N50531,sports,sports,49.96969223022461,-21.819326400756836
N60195,finance,finance,-19.242631912231445,-9.292203903198242
N40401,finance,finance,-17.440773010253906,-3.8594260215759277
N36219,lifestyle,lifestyle,-25.96550750732422,-31.011951446533203
N8496,finance,finance,-14.575760841369629,-13.09775447845459
N43659,news,news,-36.93938064575195,12.037101745605469
N55078,news,news,-18.058216094970703,-1.641669511795044
N15522,sports,sports,3.0781478881835938,0.2002868354320526
N13086,news,news,-41.42544174194336,26.56788444519043
N32094,sports,sports,60.91191864013672,23.48237419128418
N41747,sports,sports,36.511619567871094,5.323936939239502
N2953,news,news,-7.628419399261475,49.1496696472168
N18661,sports,sports,63.316593170166016,-7.427459716796875
N13778,news,news,-0.44953784346580505,35.36776351928711
N60347,news,news,-52.15973663330078,15.718791961669922
N31966,sports,sports,46.102691650390625,16.747480392456055
N53064,health,health,-26.13106918334961,6.398176193237305
N10497,autos,autos,-53.47384262084961,21.733320236206055
N41923,video,video,-50.30528259277344,4.396860599517822
N49412,news,news,-23.34665870666504,9.89933967590332
N16685,video,video,-49.07921600341797,15.277555465698242
N51594,finance,finance,-35.06377410888672,1.7712559700012207
N17203,video,video,-38.458984375,29.674522399902344
N41137,health,health,-22.709386825561523,1.4490993022918701
N62535,travel,travel,-28.610231399536133,-6.391470909118652
N29056,tv,other,11.559247970581055,0.4400213062763214
N24885,sports,sports,53.707706451416016,-17.352283477783203
N46965,news,news,-29.163864135742188,39.25619888305664
N6783,sports,sports,-57.14016342163086,13.917242050170898
N41478,news,news,-38.65874099731445,28.087646484375
N11421,sports,sports,68.08027648925781,-14.489635467529297
N38349,finance,finance,41.05160903930664,-10.5341215133667
N40304,sports,sports,0.9627671837806702,-3.6065244674682617
N15739,tv,other,7.554594993591309,2.965914249420166
N39719,news,news,-28.29194450378418,-12.455224990844727
N63050,lifestyle,lifestyle,-32.91444778442383,-26.215404510498047
N1779,weather,weather,-49.32676315307617,-30.00456428527832
N62670,news,news,-34.269615173339844,10.374471664428711
N49304,sports,sports,44.04229736328125,-16.740446090698242
N46002,travel,travel,-21.64008903503418,-10.784662246704102
N36100,travel,travel,-22.98862648010254,-12.955277442932129
N38374,weather,weather,-60.161888122558594,-1.6479135751724243
N62286,autos,autos,-56.3205680847168,19.76898193359375
N38834,finance,finance,-14.725113868713379,40.905452728271484
N19375,sports,sports,55.507102966308594,-20.174116134643555
N22124,news,news,-42.76674270629883,22.711637496948242
N3980,sports,sports,37.52378463745117,5.716834545135498
N40035,sports,sports,50.03419876098633,-11.037657737731934
N23848,sports,sports,53.09090042114258,28.457256317138672
N18775,foodanddrink,foodanddrink,-18.483858108520508,-34.88391876220703
N22219,news,news,-4.955114841461182,-13.62030029296875
N36388,autos,autos,23.042970657348633,-27.564542770385742
N15870,lifestyle,lifestyle,-50.449241638183594,17.6887264251709
N34791,news,news,-41.961021423339844,10.333331108093262
N14467,news,news,11.88425064086914,-41.49008560180664
N16829,sports,sports,44.28668212890625,7.152947902679443
N23953,news,news,-22.03474235534668,-4.094249725341797
N39431,foodanddrink,foodanddrink,-16.282590866088867,-43.68548583984375
N39152,autos,autos,-44.36075973510742,5.090141773223877
N64007,sports,sports,58.38758087158203,-9.29310131072998
N31467,health,health,-5.356654167175293,5.5200514793396
N30569,foodanddrink,foodanddrink,-13.462255477905273,-33.67420959472656
N5118,news,news,4.174341201782227,25.003211975097656
N14363,news,news,-40.48995590209961,26.033586502075195
N3666,sports,sports,34.2713737487793,-8.085658073425293
N63686,sports,sports,51.60847091674805,-20.756820678710938
N16634,sports,sports,66.28047180175781,-18.161235809326172
N24710,sports,sports,56.70179748535156,-20.97971534729004
N8303,news,news,-35.53742218017578,29.365758895874023
N47716,lifestyle,lifestyle,29.632333755493164,1.664604663848877
N1689,sports,sports,46.59260940551758,-8.491387367248535
N56335,news,news,-55.40797424316406,21.48675537109375
N64951,sports,sports,61.69326400756836,-26.373136520385742
N60935,foodanddrink,foodanddrink,-18.004575729370117,-41.27115249633789
N2842,news,news,-1.3350419998168945,-10.31029987335205
N42859,lifestyle,lifestyle,-7.772139549255371,-16.693998336791992
N7661,sports,sports,59.91659927368164,-11.991504669189453
N7828,sports,sports,38.20753860473633,7.499320030212402
N39519,weather,weather,-59.53045654296875,-5.554719924926758
N41662,sports,sports,18.465179443359375,-8.679022789001465
N39088,sports,sports,41.674808502197266,13.839337348937988
N17911,sports,sports,49.15363311767578,15.019686698913574
N33292,sports,sports,11.68440055847168,-12.360620498657227
N41816,sports,sports,54.034027099609375,18.667150497436523
N1795,news,news,1.218825340270996,39.411720275878906
N23840,health,health,-34.21800994873047,13.85844898223877
N37872,finance,finance,-23.747976303100586,4.303940773010254
N28753,news,news,-1.372104525566101,29.88652801513672
N47746,sports,sports,57.31866455078125,-5.534409046173096
N26403,finance,finance,-25.87409782409668,-30.195341110229492
N36109,weather,weather,-57.6961555480957,-25.651397705078125
N50627,news,news,-7.9268622398376465,42.066158294677734
N14504,health,health,-7.720522880554199,4.676462650299072
N19426,foodanddrink,foodanddrink,-20.03986167907715,-40.3297004699707
N43237,weather,weather,-33.05938720703125,-15.452219009399414
N52522,news,news,-30.021800994873047,28.22524642944336
N41516,sports,sports,61.94483184814453,-9.325783729553223
N52037,news,news,-27.2729549407959,-30.496627807617188
N18108,sports,sports,49.44337463378906,-25.500465393066406
N25521,autos,autos,-38.698020935058594,-3.8988301753997803
N64004,news,news,-4.0749897956848145,-13.985260963439941
N34667,news,news,-2.8646938800811768,-10.01016616821289
N5847,sports,sports,52.719451904296875,-14.25865364074707
N50472,travel,travel,-9.813394546508789,-25.48393440246582
N44543,sports,sports,44.467220306396484,1.4620062112808228
N17064,sports,sports,56.03630447387695,-8.037032127380371
N35298,sports,sports,16.46222496032715,-12.70911693572998
N51960,finance,finance,-29.641958236694336,15.231887817382812
N47408,weather,weather,-51.22065353393555,-31.135623931884766
N16333,news,news,-23.250133514404297,-32.01021194458008
N31644,sports,sports,39.62103271484375,6.282825946807861
N46028,video,video,3.7864181995391846,43.084503173828125
N44804,weather,weather,-56.919803619384766,-6.246982097625732
N14722,music,other,12.89922046661377,0.35397160053253174
N17179,news,news,-26.573745727539062,-21.49791717529297
N19730,sports,sports,26.283201217651367,-20.36210823059082
N546,finance,finance,-19.21548843383789,9.436622619628906
N41855,video,video,-42.370906829833984,26.18302345275879
N63535,lifestyle,lifestyle,-1.8098254203796387,7.0721964836120605
N64481,autos,autos,-55.2155876159668,17.49637222290039
N22789,sports,sports,51.26301956176758,14.230198860168457
N54273,video,video,5.120008945465088,1.7619415521621704
N19747,weather,weather,-52.59918975830078,-12.993587493896484
N55002,travel,travel,-33.25468444824219,18.746013641357422
N63143,weather,weather,-27.402551651000977,-5.175940036773682
N41004,foodanddrink,foodanddrink,-4.313939571380615,-37.66399002075195
N50423,health,health,-1.0204730033874512,-25.3623046875
N3934,foodanddrink,foodanddrink,-5.4797186851501465,-34.549495697021484
N57202,sports,sports,15.49384593963623,-13.583025932312012
N1815,sports,sports,56.975826263427734,28.929494857788086
N11270,video,video,-9.936746597290039,39.03515625
N17870,sports,sports,22.825021743774414,-29.957582473754883
N22363,travel,travel,-20.387481689453125,-42.82117462158203
N28176,travel,travel,-37.240848541259766,4.722457408905029
N42094,sports,sports,11.516371726989746,-15.868695259094238
N12696,news,news,-15.555978775024414,-17.950443267822266
N4667,sports,sports,23.78297233581543,2.224025249481201
N33638,sports,sports,57.500614166259766,-25.38619041442871
N61567,sports,sports,60.25646209716797,-1.5586602687835693
N21111,sports,sports,33.99517059326172,-8.009613990783691
N15429,news,news,-6.699671745300293,-13.070509910583496
N23928,sports,sports,42.76442337036133,5.914458274841309
N42233,news,news,-21.855920791625977,15.593809127807617
N45323,news,news,-43.60502243041992,21.593570709228516
N64960,news,news,-24.425479888916016,25.47359275817871
N8483,video,video,-6.3791279792785645,46.054141998291016
N42121,health,health,-20.32451820373535,0.4898800849914551
N29755,health,health,-5.575151443481445,5.609800815582275
N42141,sports,sports,57.66925048828125,24.496444702148438
N38504,video,video,-20.859233856201172,30.53484344482422
N43887,video,video,48.2730827331543,30.5717716217041
N53134,news,news,-32.85305404663086,3.6592392921447754
N5897,news,news,-35.94112777709961,-25.56422233581543
N32451,sports,sports,63.30738067626953,20.032163619995117
N4515,news,news,-19.91889190673828,21.229969024658203
N20227,lifestyle,lifestyle,-34.4603385925293,-24.80695152282715
N1989,finance,finance,-32.626304626464844,-7.808412075042725
N61472,video,video,-7.286330699920654,41.4176139831543
N52530,sports,sports,50.10562515258789,-3.8014180660247803
N25256,news,news,-28.704944610595703,6.9215617179870605
N33670,sports,sports,-1.2163089513778687,22.953350067138672
N47825,news,news,-12.528804779052734,6.582326889038086
N61158,sports,sports,63.14326477050781,-20.88754653930664
N19887,sports,sports,34.80690383911133,-10.915318489074707
N9368,health,health,-0.9221845865249634,-25.14235496520996
N46915,travel,travel,-14.726263999938965,-15.091835021972656
N2904,health,health,-23.475894927978516,1.984084963798523
N52138,sports,sports,61.15015411376953,-15.033991813659668
N41503,health,health,-21.891376495361328,-1.316521406173706
N43655,video,video,3.8314273357391357,-9.856524467468262
N48894,sports,sports,62.20186996459961,-1.4301480054855347
N33663,sports,sports,52.79120635986328,-15.654919624328613
N61384,sports,sports,47.68035125732422,-12.406632423400879
N44717,sports,sports,26.05646514892578,-20.560461044311523
N29905,autos,autos,16.558937072753906,-3.5099878311157227
N31454,sports,sports,31.89261817932129,22.949596405029297
N4973,sports,sports,41.81608963012695,7.814554691314697
N14871,sports,sports,10.614501953125,-10.924250602722168
N18310,news,news,-5.479941368103027,45.262996673583984
N47370,sports,sports,56.20393753051758,-17.959049224853516
N49510,lifestyle,lifestyle,-23.513395309448242,-25.178138732910156
N53584,news,news,-38.00899124145508,5.419000625610352
N11218,sports,sports,26.627634048461914,-1.5842132568359375
N33169,video,video,4.347941875457764,42.52457046508789
N23244,sports,sports,62.45941925048828,-21.73950958251953
N39679,news,news,48.26523208618164,30.479787826538086
N61412,lifestyle,lifestyle,-2.443617820739746,-22.164854049682617
N43173,health,health,-4.718379020690918,6.99501895904541
N8118,sports,sports,7.34846305847168,-14.008928298950195
N19006,news,news,-30.560924530029297,-4.930665493011475
N39685,travel,travel,-20.909263610839844,-41.74689483642578
N36795,sports,sports,48.11375427246094,-9.96976375579834
N18253,sports,sports,60.02188491821289,-15.5933198928833
N37078,news,news,-7.297507286071777,-16.26436424255371
N22108,travel,travel,-19.487363815307617,-9.529891014099121
N17201,finance,finance,-3.978821039199829,-18.760717391967773
N8560,autos,autos,14.399368286132812,-36.513031005859375
N1658,autos,autos,11.737436294555664,-37.895240783691406
N59960,news,news,-5.285760879516602,24.88671112060547
N17302,news,news,-24.062721252441406,-2.419118642807007
N19486,news,news,-41.847686767578125,-4.446321487426758
N42877,news,news,-21.707509994506836,6.450102806091309
N28539,sports,sports,53.83403015136719,-2.5248939990997314
N18102,travel,travel,-25.759218215942383,-13.591175079345703
N7382,tv,other,18.700363159179688,6.664243698120117
N6142,news,news,-56.070858001708984,17.760101318359375
N44926,sports,sports,13.943883895874023,-12.651006698608398
N33526,news,news,-9.594051361083984,-11.103254318237305
N11997,news,news,-54.45194625854492,16.56252098083496
N35676,sports,sports,61.86998748779297,-14.453618049621582
N7529,news,news,0.3220885992050171,44.30109786987305
N46612,sports,sports,17.30949592590332,-36.67424011230469
N37666,news,news,-35.44830322265625,-14.796854019165039
N20776,news,news,-4.274038791656494,44.85793685913086
N45986,news,news,-39.95527648925781,28.743144989013672
N20233,sports,sports,60.10993194580078,-2.5466463565826416
N33056,news,news,10.659719467163086,-40.08024215698242
N20386,sports,sports,36.8056755065918,10.4677095413208
N34697,sports,sports,23.0939998626709,-32.092247009277344
N22575,finance,finance,0.41832348704338074,-17.13910675048828
N65221,video,video,-4.239123821258545,42.76642990112305
N21417,news,news,-8.96157455444336,-12.420602798461914
N34360,lifestyle,lifestyle,-14.757262229919434,2.791301965713501
N8090,news,news,-30.76549530029297,-10.468523979187012
N39387,news,news,-1.475785255432129,32.03062438964844
N3437,news,news,47.11601257324219,28.60203742980957
N1946,sports,sports,36.3464469909668,1.8282605409622192
N778,travel,travel,-8.86095142364502,-26.398984909057617
N63381,health,health,-16.7285099029541,-28.892152786254883
N2327,news,news,-33.163169860839844,3.63061261177063
N29497,news,news,-39.639564514160156,21.240827560424805
N18311,sports,sports,32.56724548339844,-4.902861595153809
N47206,video,video,-1.6852284669876099,41.827789306640625
N58857,finance,finance,-23.06861114501953,-6.428314685821533
N12391,lifestyle,lifestyle,-13.603987693786621,3.0135130882263184
N34844,news,news,-19.336091995239258,45.421085357666016
N41794,video,video,-31.998506546020508,-0.7642592787742615
N50735,sports,sports,65.96529388427734,-9.1587553024292
N13898,sports,sports,63.67109680175781,-21.107881546020508
N21250,sports,sports,44.7507209777832,-18.93390655517578
N2528,news,news,-25.332895278930664,18.325029373168945
N39736,sports,sports,-42.40467834472656,12.149636268615723
N58427,video,video,-33.13718795776367,-23.878917694091797
N40156,finance,finance,-7.756646633148193,-9.505313873291016
N15481,sports,sports,61.6284294128418,-14.574682235717773
N29634,sports,sports,30.493112564086914,23.28868865966797
N19351,news,news,-7.517147064208984,-9.58340072631836
N37122,sports,sports,61.080909729003906,-15.646645545959473
N24755,sports,sports,52.65863037109375,14.109110832214355
N23889,weather,weather,-54.67381286621094,0.2830987274646759
N34226,finance,finance,2.0115511417388916,-17.71811294555664
N36608,news,news,-8.495309829711914,39.790802001953125
N33525,news,news,-31.813838958740234,21.382402420043945
N63220,news,news,-19.502334594726562,16.76626968383789
N55029,sports,sports,35.9284782409668,2.0803277492523193
N2383,news,news,-36.75310516357422,-9.830431938171387
N44464,news,news,-53.913795471191406,-25.414321899414062
N31313,news,news,-20.66781234741211,-7.2544379234313965
N16800,health,health,-4.769820213317871,4.505012035369873
N17226,finance,finance,-26.82508659362793,-3.128781795501709
N25261,news,news,-57.29808807373047,-1.0739063024520874
N30499,tv,other,25.227828979492188,7.024242401123047
N50130,video,video,-32.66480255126953,17.5618896484375
N28339,weather,weather,-54.83939743041992,-25.22184944152832
N42643,sports,sports,37.60177993774414,4.413523197174072
N10997,news,news,-24.531400680541992,18.370378494262695
