news_id,category,category_group,x,y
N40078,tv,other,-9.9127779006958,7.118006706237793
N1032,sports,sports,59.24677658081055,6.597639560699463
N37129,finance,finance,7.180127143859863,2.435140609741211
N44720,news,news,3.6762051582336426,-47.27885818481445
N34169,lifestyle,lifestyle,-1.6702311038970947,13.044501304626465
N64593,health,health,-26.46159553527832,2.9768712520599365
N61681,lifestyle,lifestyle,-23.76993751525879,0.7128751873970032
N60798,foodanddrink,foodanddrink,-36.22901153564453,5.1147074699401855
N27394,autos,autos,-32.46894454956055,20.593585968017578
N35774,foodanddrink,foodanddrink,-28.625703811645508,6.432241916656494
N7951,news,news,-4.264065265655518,-50.779869079589844
N58332,entertainment,other,-31.3524112701416,1.3953218460083008
N44133,foodanddrink,foodanddrink,-34.0589599609375,-11.538373947143555
N56461,finance,finance,25.409442901611328,-25.522579193115234
N46688,health,health,-29.614614486694336,7.1338653564453125
N25604,sports,sports,9.994672775268555,35.69407653808594
N59271,weather,weather,-19.13550567626953,-40.48322677612305
N33458,news,news,28.104400634765625,-16.037355422973633
N61084,lifestyle,lifestyle,-28.3438720703125,8.912210464477539
N7403,news,news,-2.592766761779785,-43.51572036743164
N12188,news,news,56.991302490234375,7.024997234344482
N61483,lifestyle,lifestyle,-24.38335418701172,16.186800003051758
N58730,foodanddrink,foodanddrink,-36.103065490722656,-7.331839084625244
N44573,news,news,-22.615365982055664,-27.970630645751953
N43677,music,other,6.628728866577148,5.213071823120117
N32180,news,news,7.07335901260376,-36.6024284362793
N24959,video,video,-23.281126022338867,6.490525245666504
N46858,travel,travel,-22.612001419067383,7.788071632385254
N33853,sports,sports,30.386714935302734,45.90061569213867
N7234,lifestyle,lifestyle,-22.288806915283203,11.832746505737305
N31444,health,health,-6.802515506744385,-0.9845512509346008
N15424,health,health,-24.862018585205078,10.740471839904785
N62758,autos,autos,-34.395259857177734,21.19347381591797
N48194,sports,sports,-2.124709367752075,45.04776382446289
N35527,sports,sports,-9.701361656188965,46.52730941772461
N31430,news,news,-36.437557220458984,-25.290348052978516
N122,finance,finance,54.81421661376953,3.3594226837158203
N51409,autos,autos,-35.88480758666992,21.880247116088867
N9432,weather,weather,-46.943965911865234,-32.27967071533203
N28392,news,news,-4.423308372497559,-9.700828552246094
N41764,tv,other,0.30352282524108887,9.748717308044434
N7829,news,news,21.77646255493164,-9.33463191986084
N33277,sports,sports,18.59385108947754,48.96089172363281
N5717,finance,finance,-15.83466625213623,4.267935752868652
N10868,lifestyle,lifestyle,59.273563385009766,2.4391775131225586
N15913,lifestyle,lifestyle,-33.643333435058594,4.338682651519775
N41526,lifestyle,lifestyle,-31.873153686523438,1.8124281167984009
N2968,lifestyle,lifestyle,-23.03560447692871,-5.341686725616455
N1816,travel,travel,-26.547578811645508,9.175252914428711
N3527,sports,sports,-21.21596336364746,26.94658660888672
N35778,travel,travel,-20.273061752319336,-3.3827738761901855
N38956,sports,sports,-6.23606014251709,56.491294860839844
N22652,sports,sports,30.153980255126953,45.77823257446289
N10530,foodanddrink,foodanddrink,58.12447738647461,2.7971878051757812
N62176,sports,sports,-10.969892501831055,46.87759780883789
N17119,foodanddrink,foodanddrink,-30.199161529541016,0.34718358516693115
N15212,sports,sports,-10.497941970825195,48.42936325073242
N37822,news,news,27.315296173095703,-34.39293670654297
N2087,music,other,-0.3337935507297516,-6.813761234283447
N24966,sports,sports,12.601075172424316,34.51005935668945
N48433,news,news,29.94157600402832,-20.87150001525879
N57812,news,news,-16.713924407958984,-5.440328121185303
N28964,sports,sports,6.927664756774902,19.430208206176758
N2867,foodanddrink,foodanddrink,-35.19572830200195,6.091105937957764
N10670,news,news,56.53510284423828,3.2720563411712646
N37890,weather,weather,-40.31627655029297,-31.724910736083984
N12435,sports,sports,62.598426818847656,6.94501256942749
N560,movies,other,-4.5933990478515625,14.358136177062988
N26502,tv,other,-9.686203956604004,7.212170124053955
N7201,tv,other,3.758922815322876,7.661805629730225
N18905,foodanddrink,foodanddrink,-33.42719268798828,-8.999767303466797
N7359,tv,other,-9.603824615478516,7.81369161605835
N42288,news,news,8.383265495300293,-8.107844352722168
N41490,foodanddrink,foodanddrink,-8.090486526489258,5.072669506072998
N42432,foodanddrink,foodanddrink,-35.81544876098633,-16.371238708496094
N15811,lifestyle,lifestyle,-0.44660571217536926,12.097258567810059
N22495,finance,finance,-15.567904472351074,0.843468189239502
N62850,news,news,20.371522903442383,-34.45433807373047
N49121,health,health,2.019178867340088,-8.766691207885742
N60077,news,news,18.46416473388672,-34.82123565673828
N17782,sports,sports,2.0320818424224854,58.268157958984375
N16475,news,news,-21.25812530517578,-38.44320297241211
N22974,sports,sports,-0.7734205722808838,-12.056049346923828
N62442,sports,sports,-29.61420249938965,33.894229888916016
N18082,foodanddrink,foodanddrink,-33.33281326293945,-0.5885064005851746
N32209,health,health,-0.4738227427005768,9.206103324890137
N51658,weather,weather,-39.95924377441406,-34.96146774291992
N22048,foodanddrink,foodanddrink,-38.517642974853516,7.259848594665527
N7582,video,video,9.297843933105469,31.395713806152344
N8608,video,video,-5.848381042480469,0.616262674331665
N4607,autos,autos,-8.021146774291992,-54.32211685180664
N23115,news,news,4.304710388183594,-46.47386169433594
N42370,news,news,4.9881486892700195,-36.41124725341797
N17725,video,video,-30.936092376708984,21.601421356201172
N3386,news,news,27.11714744567871,-25.57618522644043
N46597,health,health,3.606598138809204,-5.908758163452148
N24670,sports,sports,19.675233840942383,14.562068939208984
N5018,news,news,-22.05518341064453,-46.5979118347168
N5366,sports,sports,28.351409912109375,38.9581413269043
N54961,news,news,-19.921154022216797,-29.488582611083984
N28895,lifestyle,lifestyle,-33.02268600463867,8.441995620727539
N8697,finance,finance,-10.328522682189941,13.177043914794922
N52468,sports,sports,2.852238655090332,27.870067596435547
N688,health,health,-6.644695281982422,-1.6236156225204468
N64448,sports,sports,-0.636770486831665,56.678016662597656
N45147,sports,sports,11.820257186889648,22.31387710571289
N46701,travel,travel,-32.08507537841797,4.639401912689209
N9411,sports,sports,-10.412471771240234,44.80400085449219
N44458,sports,sports,-7.353970527648926,44.683895111083984
N34920,health,health,-0.8615281581878662,9.100440979003906
N9047,lifestyle,lifestyle,-18.718904495239258,13.625616073608398
N14201,lifestyle,lifestyle,2.456911087036133,-4.736385822296143
N24994,finance,finance,-28.008899688720703,-5.73930549621582
N8886,lifestyle,lifestyle,-27.323957443237305,6.497208118438721
N8864,news,news,1.1633812189102173,-38.72642135620117
N31451,news,news,-13.120259284973145,16.9086971282959
N13504,travel,travel,-33.36437225341797,-0.07894691824913025
N39157,health,health,-27.029069900512695,3.3862500190734863
N58647,entertainment,other,-2.684713840484619,-2.588125228881836
N40735,sports,sports,2.5001373291015625,65.22531127929688
N47653,finance,finance,-16.228595733642578,16.61212730407715
N21447,lifestyle,lifestyle,-32.1334114074707,8.237563133239746
N26603,news,news,23.697311401367188,-14.536869049072266
N30424,travel,travel,-11.009894371032715,-49.6204719543457
N53750,health,health,-23.04344367980957,12.095505714416504
N24915,autos,autos,-37.03242492675781,-6.911337375640869
N27151,travel,travel,-23.608369827270508,13.439605712890625
N50117,sports,sports,28.41510581970215,35.21272659301758
N3635,news,news,5.240354537963867,-34.77587890625
N21815,tv,other,-8.81905460357666,6.875349998474121
N59691,finance,finance,-7.276277542114258,-26.340614318847656
N26924,lifestyle,lifestyle,-0.9223389625549316,10.328011512756348
N31465,sports,sports,-7.701989650726318,45.099788665771484
N40967,autos,autos,-17.358230590820312,-41.48703384399414
N4432,news,news,21.897842407226562,-17.886295318603516
N15161,news,news,5.860003471374512,-9.377226829528809
N50272,sports,sports,18.250003814697266,24.67300033569336
N24749,foodanddrink,foodanddrink,-31.867263793945312,-2.3069961071014404
N65016,lifestyle,lifestyle,-22.402814865112305,14.801095962524414
N5065,sports,sports,4.787328243255615,51.320213317871094
N34677,news,news,-4.722116470336914,-55.828487396240234
N4911,sports,sports,-11.099868774414062,58.341270446777344
N39613,video,video,5.725182056427002,-0.2730027437210083
N6172,foodanddrink,foodanddrink,-4.327710151672363,-5.526046276092529
N36091,tv,other,3.6897943019866943,1.1446353197097778
N41902,sports,sports,3.1723008155822754,33.890682220458984
N36127,sports,sports,5.127012729644775,55.5938835144043
N31290,video,video,8.793586730957031,-22.165714263916016
N52139,video,video,25.052387237548828,-16.25529670715332
N30148,weather,weather,-22.765398025512695,-49.46107482910156
N42508,news,news,-18.585233688354492,-1.8328877687454224
N14322,finance,finance,-17.190595626831055,17.00876808166504
N26050,news,news,29.39326286315918,-31.493778228759766
N47754,foodanddrink,foodanddrink,-35.086997985839844,3.290872812271118
N42812,weather,weather,-41.25745391845703,-28.826169967651367
N36270,lifestyle,lifestyle,4.485579013824463,10.620636940002441
N60978,finance,finance,-17.523235321044922,4.4547576904296875
N45388,sports,sports,32.83633804321289,40.30094528198242
N6694,lifestyle,lifestyle,-0.8262737989425659,12.58786392211914
N28252,video,video,27.64186668395996,-29.05507469177246
N58745,finance,finance,-17.162708282470703,15.184392929077148
N49852,foodanddrink,foodanddrink,-32.601402282714844,3.187790870666504
N55318,tv,other,7.445393085479736,6.985814094543457
N29078,news,news,29.50368309020996,-12.210667610168457
N35404,autos,autos,-15.023672103881836,6.860439300537109
N7498,video,video,-12.299944877624512,-7.617520809173584
N22156,news,news,25.69076919555664,-23.051218032836914
N53240,lifestyle,lifestyle,-23.6425838470459,14.906499862670898
N12142,news,news,54.38517379760742,7.668607234954834
N48589,autos,autos,-31.935728073120117,21.272014617919922
N36669,video,video,-21.9925594329834,-2.467188596725464
N42786,tv,other,22.875701904296875,-13.18338680267334
N10339,sports,sports,60.15624237060547,9.774624824523926
N62996,health,health,-19.266544342041016,-8.959449768066406
N52236,foodanddrink,foodanddrink,-35.452091217041016,-2.783574342727661
N32147,news,news,0.3295808732509613,-56.00621795654297
N25577,news,news,19.737688064575195,-12.675436973571777
N52261,foodanddrink,foodanddrink,-33.45768356323242,-9.945391654968262
N37869,weather,weather,-29.243406295776367,8.786870002746582
N46861,music,other,9.605454444885254,9.664581298828125
N40178,news,news,11.938047409057617,-8.637673377990723
N35819,lifestyle,lifestyle,-4.944791316986084,13.903709411621094
N50563,lifestyle,lifestyle,-31.250986099243164,7.476083755493164
N41214,weather,weather,-21.599775314331055,-52.947792053222656
N13996,travel,travel,-24.32013511657715,-1.5594182014465332
N61066,news,news,5.3242506980896,-0.3533603847026825
N60673,music,other,2.6301207542419434,12.123013496398926
N18699,news,news,-1.573752760887146,-56.224525451660156
N32510,sports,sports,-10.407339096069336,21.448036193847656
N62900,sports,sports,14.895705223083496,18.31529426574707
N34909,lifestyle,lifestyle,-21.018348693847656,4.385577201843262
N11451,foodanddrink,foodanddrink,58.81315231323242,7.266233444213867
N58234,sports,sports,23.122314453125,36.81808090209961
N56002,sports,sports,0.4881022274494171,34.527652740478516
N26753,finance,finance,-30.987943649291992,-9.280571937561035
N43542,sports,sports,-27.356664657592773,34.56612777709961
N5719,sports,sports,-6.8653883934021,61.32722091674805
N4027,travel,travel,-26.576080322265625,-1.0322325229644775
N54007,finance,finance,28.207815170288086,43.53887176513672
N57934,news,news,-14.335591316223145,-6.97185754776001
N27039,health,health,-23.44821548461914,10.778178215026855
N16553,tv,other,-26.1513614654541,14.225844383239746
N59057,news,news,-26.326919555664062,14.026655197143555
N41252,foodanddrink,foodanddrink,-30.06922149658203,-3.681810140609741
N55278,sports,sports,-0.6591801643371582,55.98968505859375
N19739,video,video,-23.557218551635742,-6.699674606323242
N57426,lifestyle,lifestyle,2.2698259353637695,11.765769004821777
N44441,travel,travel,-21.195449829101562,11.31633186340332
N54550,news,news,-19.105226516723633,-4.973476409912109
N30806,weather,weather,-13.85098648071289,-50.979042053222656
N43405,sports,sports,10.080321311950684,29.121849060058594
N54808,news,news,25.12533950805664,-24.10535430908203
N47354,sports,sports,-0.9709668159484863,62.747066497802734
N22779,autos,autos,-18.97979164123535,3.694613218307495
N49093,foodanddrink,foodanddrink,-36.2005615234375,4.8451008796691895
N21328,lifestyle,lifestyle,5.265900135040283,14.373764038085938
N23660,news,news,-34.597328186035156,12.483769416809082
N22934,music,other,4.006371021270752,-3.61714243888855
N8719,news,news,17.35856056213379,-9.39299201965332
N1933,sports,sports,-2.6854166984558105,50.056400299072266
N31455,health,health,-23.668519973754883,14.486227035522461
N50296,news,news,18.063095092773438,-16.321836471557617
N7078,sports,sports,6.029818534851074,0.8246941566467285
N58805,weather,weather,-42.338565826416016,-29.168840408325195
N49243,news,news,1.779504656791687,-36.267822265625
N4336,sports,sports,3.960454225540161,69.72225952148438
N8596,news,news,-21.7219181060791,-38.139183044433594
N45731,sports,sports,-28.04305076599121,32.575653076171875
N19544,sports,sports,20.47514533996582,19.405073165893555
N13562,news,news,28.09646987915039,-12.805842399597168
N37510,travel,travel,-24.67229461669922,-0.5995532870292664
N61,health,health,-26.441789627075195,8.113919258117676
N20988,lifestyle,lifestyle,2.162752866744995,10.571990013122559
N39693,foodanddrink,foodanddrink,-32.649173736572266,12.26759147644043
N9172,sports,sports,27.91602325439453,39.57828140258789
N37457,news,news,17.275320053100586,-16.331636428833008
N54365,foodanddrink,foodanddrink,-32.109703063964844,2.111849069595337
N18632,health,health,-24.914392471313477,8.334012031555176
N31181,finance,finance,-15.599748611450195,-18.401411056518555
N32391,video,video,-10.49522590637207,-44.04576873779297
N40265,news,news,25.690692901611328,-23.014612197875977
N50419,travel,travel,-1.4857335090637207,-55.1469841003418
N44938,finance,finance,-14.287097930908203,15.516955375671387
N20835,weather,weather,-40.52800750732422,-36.31386947631836
N52028,movies,other,8.734960556030273,5.860166549682617
N35361,news,news,-1.5561020374298096,-26.12326431274414
N63241,finance,finance,-28.52248764038086,-2.3282458782196045
N24847,sports,sports,26.9200496673584,41.008522033691406
N56583,sports,sports,2.4859375953674316,54.7479248046875
N10267,news,news,53.27584457397461,4.222753047943115
N39980,lifestyle,lifestyle,-34.351192474365234,9.606009483337402
N50630,tv,other,-7.76338005065918,4.883569240570068
N59346,sports,sports,21.26059341430664,16.058645248413086
N36096,entertainment,other,8.1854887008667,7.981308937072754
N14316,lifestyle,lifestyle,-11.384565353393555,3.770224094390869
N50864,tv,other,6.459923267364502,3.6559619903564453
N63779,finance,finance,-15.829352378845215,-16.38922119140625
N60263,weather,weather,-21.165483474731445,-52.987369537353516
N2926,sports,sports,-5.69242000579834,59.562740325927734
N12761,foodanddrink,foodanddrink,-33.68482971191406,-6.77161979675293
N1169,sports,sports,61.022857666015625,8.679153442382812
N14544,lifestyle,lifestyle,-32.78030014038086,8.200916290283203
N4017,sports,sports,0.21699999272823334,44.73371505737305
N21347,finance,finance,25.854598999023438,-26.644805908203125
N12074,news,news,58.640411376953125,1.264548659324646
N1926,entertainment,other,-9.757326126098633,5.475434303283691
N44494,sports,sports,8.315007209777832,18.749954223632812
N57350,news,news,4.801858901977539,-51.782684326171875
N13911,news,news,-5.493234157562256,-42.65035629272461
N56354,news,news,13.661904335021973,-14.860669136047363
N8667,news,news,-15.127574920654297,-4.127851963043213
N22542,sports,sports,20.898727416992188,1.5786570310592651
N55296,lifestyle,lifestyle,-24.316545486450195,16.279634475708008
N58207,news,news,3.9959828853607178,-51.909210205078125
N41741,health,health,-15.913558959960938,-12.97671127319336
N62175,finance,finance,-18.127357482910156,-8.985843658447266
N17675,video,video,28.557445526123047,-5.936459541320801
N26437,health,health,-28.824989318847656,4.9001688957214355
N41122,autos,autos,-36.34735870361328,20.113536834716797
N986,finance,finance,-15.956074714660645,-19.98894691467285
N10310,news,news,59.786808013916016,5.138481140136719
N54003,lifestyle,lifestyle,-7.58811092376709,0.8201892971992493
N4042,health,health,-16.38108253479004,-12.344243049621582
N23284,news,news,28.341541290283203,-23.387025833129883
N24251,movies,other,-10.672022819519043,8.280818939208984
N36627,lifestyle,lifestyle,-19.474456787109375,-6.58955192565918
N5699,foodanddrink,foodanddrink,-27.234716415405273,1.7119616270065308
N13377,finance,finance,-7.576979160308838,-12.154389381408691
N58339,sports,sports,-8.092053413391113,35.153202056884766
N14431,autos,autos,-32.72867965698242,21.432701110839844
N8237,foodanddrink,foodanddrink,-33.391456604003906,7.49428653717041
N35437,health,health,-26.885114669799805,4.759396553039551
N33974,video,video,28.338661193847656,-33.69357681274414
N30267,finance,finance,-26.526514053344727,-21.628036499023438
N49643,autos,autos,-3.234044075012207,-58.05741882324219
N55570,sports,sports,29.1617431640625,40.147705078125
N59447,news,news,-1.551988124847412,-18.349702835083008
N58616,finance,finance,-10.476839065551758,13.097702980041504
N30546,news,news,-0.5636927485466003,-43.10567092895508
N521,movies,other,6.633570194244385,6.087623119354248
N58809,finance,finance,-16.73220443725586,14.619123458862305
N40759,finance,finance,-17.24236488342285,16.60381507873535
N51317,news,news,-9.817870140075684,-22.282028198242188
N60395,finance,finance,-11.559032440185547,-24.861385345458984
N30271,sports,sports,-1.439802885055542,49.983333587646484
N14850,travel,travel,-17.062623977661133,-35.82395935058594
N7488,news,news,-0.37067729234695435,-30.495487213134766
N36909,autos,autos,-34.81527328491211,20.398189544677734
N18036,weather,weather,-40.336952209472656,-32.815940856933594
N39206,news,news,1.962345004081726,-28.88222885131836
N64910,sports,sports,3.1158673763275146,57.36178970336914
N61207,news,news,32.594085693359375,-31.32208251953125
N2244,foodanddrink,foodanddrink,-36.20996856689453,4.558140277862549
N5548,video,video,3.9640018939971924,0.22036123275756836
N27697,sports,sports,1.8730344772338867,56.87812423706055
N15681,sports,sports,-5.327042579650879,65.0445327758789
N59608,video,video,-24.9478759765625,-11.976933479309082
N23315,foodanddrink,foodanddrink,-20.464248657226562,-9.03541088104248
N11773,health,health,58.83388137817383,5.924795627593994
N26333,lifestyle,lifestyle,-5.573282718658447,-1.195215106010437
N26796,news,news,-1.845697283744812,-49.52695083618164
N53167,lifestyle,lifestyle,1.7387616634368896,-12.134413719177246
N4037,sports,sports,18.677337646484375,34.04690933227539
N44310,news,news,-11.375290870666504,-11.74818229675293
N46414,entertainment,other,-1.7337677478790283,5.098299980163574
N34837,foodanddrink,foodanddrink,-35.822261810302734,-11.841614723205566
N31915,autos,autos,-35.68874740600586,21.790864944458008
N54589,news,news,-40.25465774536133,-28.461692810058594
N56382,news,news,1.4882105588912964,-10.79218578338623
N43846,finance,finance,10.762883186340332,-6.531316757202148
N48058,news,news,25.79907989501953,-10.089118003845215
N22889,news,news,-15.309582710266113,-24.48202133178711
N17247,news,news,-18.96622657775879,2.046339988708496
N47558,health,health,7.088245391845703,-5.539133071899414
N56816,sports,sports,-6.3340606689453125,63.56065368652344
N55968,sports,sports,-24.2958984375,27.231739044189453
N44660,weather,weather,-13.385790824890137,-24.35926055908203
N50860,sports,sports,-9.157316207885742,54.734580993652344
N44852,sports,sports,3.8966476917266846,58.29317855834961
N54707,travel,travel,-29.60572052001953,-16.829370498657227
N29911,lifestyle,lifestyle,1.5281914472579956,12.254342079162598
N6548,news,news,25.403995513916016,-12.00448989868164
N43077,news,news,29.237545013427734,-17.96576690673828
N53191,autos,autos,-1.3429564237594604,-59.047908782958984
N33609,sports,sports,33.388858795166016,40.36880874633789
N53761,foodanddrink,foodanddrink,-35.139278411865234,7.059964179992676
N33515,foodanddrink,foodanddrink,-33.178810119628906,-10.40921688079834
N32036,foodanddrink,foodanddrink,-35.321815490722656,-5.068278789520264
N9134,entertainment,other,11.106674194335938,7.38132905960083
N43643,sports,sports,2.879483699798584,60.8193473815918
N525,news,news,23.95252227783203,-19.520408630371094
N24793,news,news,-33.03403854370117,-37.2486457824707
N55542,sports,sports,-0.10269167274236679,63.72404479980469
N8893,tv,other,3.628962755203247,8.091733932495117
N38260,sports,sports,9.298968315124512,14.519774436950684
N14673,sports,sports,37.27424621582031,38.79032897949219
N17135,news,news,9.548803329467773,-0.4035344123840332
N3581,travel,travel,-15.61153507232666,4.20878267288208
N48885,tv,other,5.239381313323975,12.295035362243652
N54415,sports,sports,28.8761043548584,37.72190856933594
N62319,news,news,-2.907135248184204,-35.835655212402344
N53792,sports,sports,-23.851816177368164,28.111696243286133
N5809,news,news,-4.901402473449707,-19.868099212646484
N60311,news,news,-3.590817928314209,-29.969539642333984
N39435,sports,sports,-2.044938802719116,67.22708129882812
N45614,news,news,1.030353307723999,-34.25653076171875
N57416,news,news,7.708144664764404,-7.672879695892334
N35817,sports,sports,29.207868576049805,45.9594612121582
N13836,sports,sports,-10.216349601745605,54.39978790283203
N12966,video,video,24.560768127441406,-14.764403343200684
N64310,health,health,-28.257915496826172,4.842445373535156
N5932,health,health,-18.939424514770508,-22.81779670715332
N11657,sports,sports,57.07766342163086,-0.6804260015487671
N26229,finance,finance,-14.199535369873047,-23.537973403930664
N42192,news,news,29.19972801208496,-31.524734497070312
N61872,news,news,-19.42272186279297,-25.47687530517578
N41386,sports,sports,-8.55725383758545,20.328161239624023
N58821,news,news,-15.153045654296875,-48.451820373535156
N3018,news,news,23.608530044555664,-23.34626007080078
N63265,health,health,-19.42701530456543,-9.042144775390625
N33922,news,news,30.48037338256836,-22.5398006439209
N28267,sports,sports,-0.4208386242389679,59.769466400146484
N53711,sports,sports,-29.831560134887695,33.56602096557617
N20935,sports,sports,31.456342697143555,39.36348342895508
N54549,foodanddrink,foodanddrink,-36.85688400268555,-13.526458740234375
N25636,video,video,-12.56344223022461,-40.402523040771484
N59419,news,news,-2.7942845821380615,-6.362691879272461
N51770,sports,sports,30.956554412841797,41.9296760559082
N32339,foodanddrink,foodanddrink,-36.9736328125,7.156179428100586
N4019,news,news,-16.612062454223633,-44.46462631225586
N6506,lifestyle,lifestyle,-11.5332612991333,-9.209836959838867
N18976,finance,finance,-15.799261093139648,15.765501022338867
N54047,news,news,10.75121021270752,-43.64293670654297
N52346,news,news,26.961441040039062,-13.702306747436523
N34571,finance,finance,3.5082509517669678,-41.94719696044922
N54416,sports,sports,-6.007592678070068,44.59627151489258
N17365,news,news,29.456348419189453,-28.945552825927734
N12791,news,news,-26.35172462463379,14.468904495239258
N42292,health,health,0.6635259985923767,7.356102466583252
N48041,video,video,21.997648239135742,-7.36409330368042
N10762,sports,sports,61.238460540771484,2.0754666328430176
N49975,music,other,6.698730945587158,7.408374309539795
N48398,sports,sports,4.459038734436035,35.03228759765625
N13592,finance,finance,18.73021125793457,-7.301859378814697
N9822,health,health,-16.2437686920166,-12.356739044189453
N34134,news,news,1.3534719944000244,-33.7717170715332
N25189,entertainment,other,-33.71604537963867,10.408288955688477
N58434,news,news,-27.78464126586914,-40.52788543701172
N27484,news,news,-3.378972291946411,-2.9450507164001465
N43357,autos,autos,-34.67246627807617,21.476770401000977
N20448,sports,sports,18.805912017822266,19.339088439941406
N56617,travel,travel,-21.044788360595703,-38.10540771484375
N37305,news,news,-14.120403289794922,-44.23380661010742
N59763,news,news,22.54932403564453,-25.222318649291992
N14386,news,news,10.865032196044922,-17.189279556274414
N28605,finance,finance,-20.150846481323242,-1.8062423467636108
N821,news,news,8.325638771057129,-33.24748229980469
N13968,movies,other,0.7978803515434265,-0.9760753512382507
N26978,lifestyle,lifestyle,-26.313995361328125,-7.3705644607543945
N38670,news,news,-25.886577606201172,-12.218006134033203
N43864,news,news,22.01810646057129,-25.868345260620117
N7823,news,news,25.523422241210938,-9.989903450012207
N48212,news,news,7.472121238708496,-45.73418045043945
N62183,video,video,-23.137126922607422,6.4211273193359375
N33131,news,news,34.725074768066406,-15.294727325439453
N47465,entertainment,other,8.283831596374512,10.383172988891602
N26930,sports,sports,32.02216720581055,37.91835021972656
N8623,news,news,29.874048233032227,-24.128854751586914
N62311,foodanddrink,foodanddrink,-7.40834903717041,12.713650703430176
N28272,news,news,1.3711879253387451,-44.48987579345703
N14980,finance,finance,-4.707965850830078,-11.875720024108887
N34445,autos,autos,-36.076263427734375,19.669309616088867
N43105,video,video,-20.608314514160156,-52.27144241333008
N41270,sports,sports,-5.7111496925354,28.253297805786133
N50094,sports,sports,19.813804626464844,19.34218978881836
N4445,news,news,30.293899536132812,-16.985971450805664
N42106,news,news,11.681262969970703,-34.55989456176758
N45902,sports,sports,1.9586657285690308,59.20296859741211
N47478,sports,sports,-0.02730049006640911,57.251136779785156
N45732,news,news,-1.7821487188339233,-57.862850189208984
N53726,finance,finance,-11.154415130615234,3.1618332862854004
N33613,weather,weather,-19.52532958984375,-40.352867126464844
N35949,news,news,8.793891906738281,-32.72904586791992
N28651,news,news,28.94774627685547,-25.233543395996094
N62283,news,news,32.0101203918457,-21.455583572387695
N11049,news,news,59.86532974243164,4.64471435546875
N7528,sports,sports,8.90799617767334,18.16271209716797
N38414,news,news,12.089295387268066,-35.34041213989258
N46059,health,health,9.845511436462402,-24.788366317749023
N33168,weather,weather,-21.74356460571289,-51.97140121459961
N60607,tv,other,7.989498138427734,-5.437987804412842
N1167,tv,other,62.208160400390625,6.7141194343566895
N12867,finance,finance,-15.390196800231934,-22.0893611907959
N45785,sports,sports,-1.7186416387557983,40.486270904541016
N42983,sports,sports,-10.021968841552734,47.14739990234375
N46033,foodanddrink,foodanddrink,-33.53516387939453,3.522972345352173
N22076,sports,sports,7.387156009674072,-38.872169494628906
N46246,sports,sports,0.17446792125701904,-0.9048253893852234
N36833,finance,finance,-15.696978569030762,14.977545738220215
N35192,sports,sports,-4.4624857902526855,23.083147048950195
N13238,news,news,-9.26679801940918,-50.82556915283203
N5440,news,news,1.5892539024353027,-33.253814697265625
N62069,sports,sports,11.934391975402832,28.593446731567383
N5837,news,news,4.754952430725098,-42.612274169921875
N21202,news,news,25.403860092163086,-20.908273696899414
N24660,news,news,-35.046085357666016,18.856727600097656
N3808,sports,sports,-2.2280285358428955,49.00917053222656
N12889,autos,autos,-30.61355209350586,11.885498046875
N47228,news,news,31.72975730895996,-30.24959373474121
N24356,news,news,8.028007507324219,-15.421622276306152
N34131,sports,sports,2.179593801498413,64.5638198852539
N18848,weather,weather,-18.83827781677246,-54.71826171875
N19154,video,video,23.62736701965332,-11.835643768310547
N65043,news,news,6.696417808532715,-47.86399841308594
N3384,foodanddrink,foodanddrink,-12.65812873840332,-21.159954071044922
N42782,sports,sports,22.119890213012695,17.59613037109375
N9945,news,news,-20.315698623657227,-3.125730514526367
N22983,sports,sports,-5.461304187774658,44.53933334350586
N64820,sports,sports,13.987860679626465,25.224681854248047
N44649,news,news,-21.612632751464844,-47.93073654174805
N59698,sports,sports,11.452675819396973,35.725730895996094
N5243,sports,sports,2.319739580154419,52.24026870727539
N40845,news,news,-6.40687370300293,-31.162822723388672
N51361,news,news,-0.5779631733894348,-26.57956886291504
N49266,sports,sports,-28.74627113342285,34.31947708129883
N31533,news,news,6.14307165145874,-20.29295539855957
N5011,sports,sports,17.93144989013672,15.955194473266602
N7211,sports,sports,-11.60120964050293,61.97642517089844
N24317,sports,sports,23.421403884887695,22.003742218017578
N25870,tv,other,1.366187572479248,8.58722972869873
N5863,news,news,-10.203457832336426,-13.980915069580078
N1153,sports,sports,56.187198638916016,1.9958237409591675
N25324,foodanddrink,foodanddrink,-32.83419418334961,6.831170082092285
N37598,autos,autos,-37.65626525878906,19.138235092163086
N29690,travel,travel,-29.039037704467773,8.101715087890625
N43520,news,news,26.493974685668945,-19.11309814453125
N6068,news,news,-10.347155570983887,-26.8685302734375
N35566,sports,sports,11.73707103729248,33.572933197021484
N61103,news,news,32.0034294128418,-21.723873138427734
N32483,tv,other,5.274138450622559,-4.483692169189453
N29373,news,news,28.235746383666992,-18.342947006225586
N10673,finance,finance,57.2137565612793,5.700490474700928
N47056,news,news,-6.2826337814331055,-2.0300981998443604
N1864,travel,travel,-6.794233322143555,-9.921947479248047
N37974,travel,travel,-26.401992797851562,-20.52313232421875
N45112,sports,sports,-2.045050621032715,67.22697448730469
N31256,sports,sports,-6.987196922302246,59.03069305419922
N25618,news,news,0.9765838384628296,4.53265380859375
N60712,sports,sports,19.508708953857422,35.763362884521484
N45867,sports,sports,-5.956315517425537,59.064369201660156
N23119,movies,other,6.359464168548584,4.946961879730225
N39241,sports,sports,-2.621614456176758,56.12200164794922
N15339,sports,sports,3.7537686824798584,55.75878143310547
N46616,foodanddrink,foodanddrink,-35.41641616821289,-2.8644776344299316
N47473,travel,travel,-32.54148483276367,-16.20465850830078
N44150,music,other,-11.588504791259766,5.025717258453369
N57372,sports,sports,27.925025939941406,37.96074295043945
N63874,sports,sports,8.246127128601074,29.86310386657715
N33978,sports,sports,-29.472335815429688,35.82823944091797
N26655,weather,weather,-37.23499298095703,-35.33089065551758
N62240,foodanddrink,foodanddrink,-38.85613250732422,7.583904266357422
N57671,travel,travel,1.1130648851394653,-16.365100860595703
N17062,news,news,9.560240745544434,-27.38972282409668
N61624,news,news,3.296546220779419,-44.351871490478516
N50181,foodanddrink,foodanddrink,-29.302526473999023,-4.498814105987549
N40929,news,news,-9.594367980957031,-37.886573791503906
N29670,sports,sports,-11.346485137939453,55.84444808959961
N18768,sports,sports,0.27028822898864746,56.704620361328125
N13060,autos,autos,-33.244354248046875,21.171161651611328
N21596,finance,finance,-17.021881103515625,15.078678131103516
N27277,travel,travel,-4.361711502075195,-1.9189438819885254
N5683,news,news,18.937458038330078,-27.489994049072266
N21751,sports,sports,4.32429838180542,58.71012496948242
N41564,sports,sports,-5.701849460601807,29.867877960205078
N19140,sports,sports,-11.059723854064941,50.74229049682617
N32617,video,video,-9.154363632202148,-8.855141639709473
N2465,sports,sports,-3.0225160121917725,-0.992420494556427
N51072,news,news,-0.08107839524745941,-44.107177734375
N24667,news,news,-1.2520816326141357,-6.915782928466797
N12810,news,news,0.8007628321647644,-31.816843032836914
N3003,finance,finance,-16.63980484008789,3.453476667404175
N31129,news,news,-41.193241119384766,-30.72885513305664
N10394,sports,sports,61.531211853027344,1.278989315032959
N5567,travel,travel,-17.038707733154297,-50.078914642333984
N44055,sports,sports,7.644870758056641,22.962921142578125
N14212,news,news,-6.7957305908203125,-48.82591247558594
N57273,sports,sports,22.05791473388672,8.747051239013672
N56986,news,news,6.999604225158691,-39.71272659301758
N62486,news,news,29.652416229248047,-28.727750778198242
N8211,sports,sports,1.1053497791290283,49.206912994384766
N58915,sports,sports,8.287089347839355,60.88740158081055
N55519,news,news,1.1856383085250854,-46.3339729309082
N45126,health,health,-4.754333019256592,-7.634740352630615
N10090,weather,weather,57.972755432128906,4.404799938201904
N18427,news,news,19.153730392456055,-16.61834716796875
N55920,finance,finance,22.702068328857422,-29.3199520111084
N23424,sports,sports,8.971527099609375,60.85205841064453
N13965,sports,sports,7.9034647941589355,19.069286346435547
N50827,sports,sports,20.186100006103516,20.62813949584961
N64265,news,news,-35.8642692565918,17.391931533813477
N9133,travel,travel,-15.71966552734375,-2.306746244430542
N26130,entertainment,other,-9.505881309509277,6.188727855682373
N47719,news,news,20.6824893951416,-20.45267677307129
N36541,news,news,19.182180404663086,-15.931289672851562
N63358,health,health,-5.240555763244629,-20.92073631286621
N22649,news,news,6.622222900390625,-33.433067321777344
N16629,finance,finance,-16.48900604248047,-21.477983474731445
N34114,news,news,36.45355224609375,28.81847381591797
N1171,sports,sports,50.91964340209961,4.298976421356201
N30448,autos,autos,-22.02122688293457,-8.254142761230469
N61308,news,news,9.808284759521484,-31.655000686645508
N58901,news,news,-28.01317596435547,9.167353630065918
N31318,news,news,30.354896545410156,-28.65591812133789
N16820,news,news,22.956138610839844,-27.37532615661621
N2944,sports,sports,17.340173721313477,19.13760757446289
N27948,sports,sports,8.709741592407227,62.360321044921875
N53449,sports,sports,-5.278429985046387,-41.70874786376953
N55937,sports,sports,4.187865734100342,35.85171890258789
N47709,news,news,-9.14574909210205,-32.505027770996094
N19033,sports,sports,4.189892768859863,50.14929962158203
N20436,sports,sports,20.67707633972168,18.222705841064453
N23007,sports,sports,17.510852813720703,20.964855194091797
N22734,news,news,22.539264678955078,-10.721746444702148
N20044,lifestyle,lifestyle,2.28898024559021,12.04603099822998
N51139,sports,sports,1.1885616779327393,60.73077392578125
N184,sports,sports,33.97160720825195,41.59589385986328
N58492,news,news,10.889144897460938,-18.38774871826172
N50410,sports,sports,33.46127700805664,34.90846633911133
N53340,sports,sports,21.23029136657715,24.554906845092773
N26615,news,news,28.023746490478516,-19.47551918029785
N6144,news,news,-6.009507656097412,-27.162466049194336
N28719,news,news,-35.63142013549805,-23.066497802734375
N60066,sports,sports,11.605069160461426,26.509897232055664
N48615,news,news,8.53056526184082,-8.200519561767578
N37571,lifestyle,lifestyle,-20.62213134765625,13.518868446350098
N61449,foodanddrink,foodanddrink,-32.37263488769531,-6.597747325897217
N13463,news,news,22.72087860107422,-28.779809951782227
N46173,news,news,-6.092434883117676,-22.9423828125
N5359,finance,finance,-24.63627052307129,-23.1534481048584
N29273,sports,sports,30.361324310302734,44.405670166015625
N28629,news,news,14.483685493469238,-37.425254821777344
N41509,sports,sports,31.569915771484375,40.58140182495117
N47338,sports,sports,-28.91297149658203,34.731048583984375
N16825,weather,weather,-9.760723114013672,-46.11526870727539
N2467,music,other,2.129978895187378,14.058300971984863
N45663,foodanddrink,foodanddrink,-35.612510681152344,3.568049192428589
N56698,news,news,17.799192428588867,-14.703327178955078
N39177,weather,weather,-40.76683807373047,-34.54225158691406
N29701,music,other,1.4264202117919922,5.264771461486816
N3939,sports,sports,-3.264977216720581,27.945392608642578
N12960,weather,weather,-24.28208351135254,-3.96431303024292
N32832,news,news,7.437775135040283,-15.261516571044922
N47838,finance,finance,-18.108654022216797,-24.28342628479004
N1699,news,news,29.336252212524414,-19.375356674194336
N24478,finance,finance,-18.565181732177734,15.83377456665039
N58281,travel,travel,-2.80055832862854,-11.279725074768066
N51911,video,video,12.376128196716309,-1.4642733335494995
N57582,sports,sports,32.756778717041016,38.82271957397461
N62144,news,news,28.335275650024414,-15.973207473754883
N48246,sports,sports,16.21500015258789,18.58368682861328
N14238,sports,sports,30.99059295654297,44.99734115600586
N46245,sports,sports,8.289735794067383,30.149921417236328
N33861,news,news,36.39738082885742,-14.585087776184082
N53074,finance,finance,-26.285903930664062,-3.404700994491577
N3864,news,news,17.146717071533203,-23.308006286621094
N21650,news,news,-5.996482849121094,-42.66250991821289
N36369,sports,sports,15.273146629333496,27.70512580871582
N40057,sports,sports,-0.2703886926174164,65.79264831542969
N65089,lifestyle,lifestyle,-11.103206634521484,-1.8238048553466797
N55418,news,news,-4.627798080444336,-34.00510025024414
N39371,sports,sports,25.826826095581055,37.06465148925781
N10469,sports,sports,61.814422607421875,4.176290512084961
N29103,sports,sports,34.24591827392578,38.63351058959961
N6770,health,health,-22.955249786376953,12.162450790405273
N16926,news,news,16.065467834472656,-24.31606674194336
N52365,sports,sports,19.588531494140625,19.793243408203125
N34907,autos,autos,-14.718718528747559,-30.989748001098633
N13451,weather,weather,-42.8118782043457,-30.635828018188477
N36522,news,news,24.853412628173828,-11.51381778717041
N38127,news,news,-2.1454694271087646,-57.0472526550293
N8357,weather,weather,-21.225675582885742,-54.182403564453125
N5934,sports,sports,28.416051864624023,38.07375717163086
N33879,news,news,11.009182929992676,-43.67941665649414
N9275,news,news,16.078157424926758,-24.426483154296875
N62067,sports,sports,4.5592451095581055,54.64266586303711
N45223,news,news,-3.1940371990203857,-30.666318893432617
N65079,sports,sports,22.620553970336914,17.745912551879883
N11966,sports,sports,49.24220275878906,6.449600696563721
N18384,travel,travel,-12.250022888183594,-19.661964416503906
N59488,news,news,26.340147018432617,-10.533061981201172
N25549,news,news,-7.032387733459473,-6.399494171142578
N17898,sports,sports,-22.43451499938965,27.25336456298828
N58150,news,news,32.27914047241211,-21.5349063873291
N32910,news,news,2.5322275161743164,-37.29558181762695
N43939,sports,sports,2.352757453918457,47.71735382080078
N3046,lifestyle,lifestyle,0.3196512460708618,12.271199226379395
N21080,tv,other,4.867667198181152,-2.7133090496063232
N27644,lifestyle,lifestyle,-2.163060426712036,-10.196722030639648
N57896,foodanddrink,foodanddrink,-34.038387298583984,5.232409477233887
N50331,sports,sports,-0.10076122730970383,62.15449142456055
N19453,autos,autos,-34.182594299316406,18.661487579345703
N51741,tv,other,13.055136680603027,-11.112390518188477
N37502,weather,weather,-22.35018539428711,-46.74993896484375
N1370,news,news,5.226015567779541,-38.60109329223633
N25187,news,news,5.610519886016846,-46.196250915527344
N17615,news,news,-7.282036304473877,8.752500534057617
N47548,sports,sports,-1.5996508598327637,67.14717102050781
N38961,sports,sports,11.28160285949707,-34.64076614379883
N43779,news,news,30.56397819519043,-28.42334747314453
N26862,lifestyle,lifestyle,-27.767614364624023,-40.41414260864258
N39263,sports,sports,0.9391971230506897,65.56874084472656
N157,sports,sports,3.1817493438720703,44.69099807739258
N41552,lifestyle,lifestyle,-26.59675407409668,-10.169050216674805
N5280,lifestyle,lifestyle,-8.787642478942871,-16.04045867919922
N16940,news,news,-13.02181625366211,-42.80553436279297
N10345,sports,sports,51.82383346557617,5.511361598968506
N53269,sports,sports,1.627421259880066,66.60108947753906
N16397,autos,autos,-4.5484466552734375,-57.3120002746582
N44976,sports,sports,3.1681032180786133,67.21711730957031
N19382,news,news,7.828251361846924,-35.46052169799805
N21433,news,news,14.694503784179688,-14.37989330291748
N8878,finance,finance,-14.646478652954102,15.704421043395996
N8517,travel,travel,-19.682926177978516,4.991263389587402
N10014,sports,sports,59.29116439819336,6.562977313995361
N42226,foodanddrink,foodanddrink,-5.46132755279541,-7.634579658508301
N25155,news,news,4.018703937530518,-33.502750396728516
N57577,sports,sports,-8.800792694091797,48.94628143310547
N61419,sports,sports,28.813316345214844,40.38064956665039
N20487,sports,sports,11.996084213256836,33.804996490478516
N20454,sports,sports,-0.6557072401046753,66.28105926513672
N30363,finance,finance,-14.85358715057373,16.30561637878418
N33210,news,news,6.469761371612549,-13.398892402648926
N48713,sports,sports,-28.868188858032227,-8.054187774658203
N56253,sports,sports,1.6885504722595215,51.06459426879883
N23763,autos,autos,-31.566232681274414,17.97406768798828
N38327,news,news,28.072874069213867,-18.537919998168945
N6093,sports,sports,-0.8573642373085022,50.87101745605469
N25039,health,health,-18.19597053527832,-22.497079849243164
N15223,foodanddrink,foodanddrink,-35.92558670043945,-13.726943969726562
N593,news,news,3.0224523544311523,-5.369612693786621
N59739,tv,other,6.989560127258301,8.575858116149902
N55091,sports,sports,6.459475040435791,31.360300064086914
N13215,sports,sports,21.728923797607422,19.82366943359375
N17762,news,news,-13.855252265930176,-26.159748077392578
N36013,foodanddrink,foodanddrink,-22.944509506225586,-15.846914291381836
N20297,sports,sports,2.4624204635620117,65.29119873046875
N30191,sports,sports,-8.615097045898438,28.255958557128906
N19728,news,news,-12.481204986572266,-46.78759002685547
N5063,sports,sports,8.136859893798828,10.87567138671875
N23204,news,news,6.747518062591553,-50.31645584106445
N1549,sports,sports,1.2816928625106812,61.76093292236328
N42576,news,news,-18.755455017089844,-18.136249542236328
N42601,news,news,27.42880630493164,-19.805410385131836
N27604,news,news,0.29007527232170105,-46.48947525024414
N19923,news,news,-2.7311673164367676,-31.291889190673828
N19736,news,news,22.048236846923828,8.75408935546875
N19301,news,news,20.377582550048828,-26.811744689941406
N61134,sports,sports,-0.8307817578315735,68.22014617919922
N44194,travel,travel,-30.109220504760742,-11.771575927734375
N22763,news,news,-25.689002990722656,-30.808910369873047
N14663,sports,sports,15.31075382232666,23.250717163085938
N47761,tv,other,3.6589791774749756,8.941326141357422
N51779,news,news,24.07763671875,-25.531356811523438
N41120,movies,other,-3.1963751316070557,-7.573181629180908
N9674,sports,sports,14.334800720214844,29.234447479248047
N28828,sports,sports,-2.6247947216033936,64.7409439086914
N7587,news,news,18.725746154785156,-34.721763610839844
N58829,sports,sports,-5.693498134613037,58.4178581237793
N52245,weather,weather,-39.331241607666016,-35.74150466918945
N59807,news,news,-10.426249504089355,-5.164243221282959
N250,autos,autos,-10.444459915161133,-43.815757751464844
N12268,sports,sports,61.00981903076172,2.953427791595459
N38230,sports,sports,-5.718994140625,64.91043090820312
N36470,sports,sports,0.7901443839073181,58.45050048828125
N40488,sports,sports,32.841094970703125,39.589134216308594
N37119,news,news,-10.675871849060059,-20.362205505371094
N29992,sports,sports,10.824132919311523,0.5988520979881287
N43088,travel,travel,-21.67325210571289,-18.75421714782715
N17283,weather,weather,-46.43133544921875,-33.319053649902344
N44632,weather,weather,-22.53107452392578,-46.66218566894531
N8434,news,news,-9.215615272521973,-50.81239318847656
N35950,sports,sports,19.101619720458984,20.010709762573242
N23996,finance,finance,-6.628793239593506,-27.252655029296875
N37041,news,news,-8.692091941833496,-50.8387451171875
N16807,foodanddrink,foodanddrink,-36.978759765625,-10.254545211791992
N39608,sports,sports,-20.121614456176758,-36.46482849121094
N5201,health,health,-14.015222549438477,-10.5734224319458
N7768,finance,finance,-14.172478675842285,-23.813425064086914
N52144,sports,sports,-0.008527575992047787,33.3901252746582
N56126,sports,sports,5.9457011222839355,33.56315994262695
N60286,sports,sports,-9.273765563964844,56.628265380859375
N17330,sports,sports,4.460424900054932,45.54243087768555
N38470,autos,autos,-23.047163009643555,-35.961360931396484
N10852,finance,finance,57.7025260925293,6.898014545440674
N9341,sports,sports,22.837251663208008,19.891366958618164
N61323,weather,weather,-41.32850646972656,-28.922882080078125
N34755,sports,sports,29.331552505493164,44.720672607421875
N33499,autos,autos,-16.330476760864258,-35.31711196899414
N31531,news,news,-6.619654655456543,-30.022052764892578
N14473,sports,sports,32.11503601074219,39.232173919677734
N2665,travel,travel,-32.76894760131836,0.830827534198761
N60548,weather,weather,-20.18456268310547,-50.07706069946289
N16651,sports,sports,-2.7959091663360596,53.790794372558594
N50535,autos,autos,-13.971846580505371,18.353099822998047
N8936,news,news,-20.398548126220703,-50.200531005859375
N41204,news,news,-17.675384521484375,9.806802749633789
N40963,foodanddrink,foodanddrink,-28.275583267211914,-25.394216537475586
N13792,foodanddrink,foodanddrink,-36.5106201171875,-9.29991626739502
N63482,foodanddrink,foodanddrink,-29.30129623413086,-1.1913200616836548
N43124,sports,sports,1.9618719816207886,57.208335876464844
N41298,music,other,10.402579307556152,8.245268821716309
N14226,news,news,-40.289512634277344,-30.857276916503906
N13489,health,health,-15.524750709533691,-11.427547454833984
N11805,news,news,57.9102897644043,5.907093048095703
N15022,autos,autos,-38.165714263916016,17.52024269104004
N27957,video,video,11.0240478515625,6.301387786865234
N44207,sports,sports,18.321868896484375,15.3428316116333
N41471,finance,finance,-19.787147521972656,7.445113182067871
N53391,sports,sports,33.787715911865234,40.89262771606445
N13222,news,news,-22.275346755981445,-53.116458892822266
N37033,entertainment,other,10.614008903503418,7.228110313415527
N9636,video,video,-9.58069896697998,-45.16043472290039
N48379,news,news,4.616049289703369,-42.31760025024414
N6311,sports,sports,17.176950454711914,20.726484298706055
N55117,tv,other,9.793883323669434,11.181007385253906
N897,sports,sports,-1.1433947086334229,50.805442810058594
N27217,video,video,12.723281860351562,-1.9121085405349731
N46658,sports,sports,33.86263656616211,41.40689468383789
N20894,news,news,5.971688270568848,-1.351175308227539
N46913,news,news,-0.7450359463691711,-44.595970153808594
N56553,sports,sports,-8.017780303955078,61.43593978881836
N62276,news,news,23.540935516357422,-8.31938648223877
N34556,travel,travel,-10.537227630615234,-50.16022491455078
N1157,foodanddrink,foodanddrink,61.36323547363281,8.756569862365723
N42309,sports,sports,16.372854232788086,23.67466163635254
N39574,news,news,9.064217567443848,-32.08637619018555
N52881,news,news,-26.514253616333008,8.386991500854492
N8277,news,news,-12.318937301635742,-18.36649513244629
N37267,tv,other,12.162946701049805,5.18450403213501
N42489,sports,sports,-1.4296647310256958,0.4602965712547302
N28212,sports,sports,-6.118552207946777,61.94407272338867
N23899,news,news,7.575311660766602,-34.64885330200195
N52963,finance,finance,-28.430879592895508,-13.983481407165527
N31427,sports,sports,33.20460891723633,27.972116470336914
N64624,sports,sports,-2.562617301940918,40.78854751586914
N13478,lifestyle,lifestyle,-33.65474319458008,6.085610389709473
N59647,video,video,17.818330764770508,-26.105512619018555
N23471,travel,travel,-35.22357940673828,9.4768648147583
N28916,health,health,-29.380956649780273,3.840487241744995
N15507,lifestyle,lifestyle,-21.63569450378418,13.825701713562012
N63873,sports,sports,-28.57248878479004,32.79997253417969
N44986,news,news,-2.686404228210449,-52.974693298339844
N47178,sports,sports,22.1302547454834,21.765161514282227
N14500,news,news,-36.60712814331055,-25.779197692871094
N431,finance,finance,-18.068740844726562,16.129423141479492
N28739,sports,sports,-24.029436111450195,26.028766632080078
N5929,autos,autos,-36.581581115722656,17.8472843170166
N20371,music,other,6.136777877807617,6.60282564163208
N15744,news,news,24.746387481689453,-19.33728790283203
N19753,sports,sports,29.187158584594727,31.20242691040039
N8255,sports,sports,20.433082580566406,7.619036674499512
N45259,weather,weather,-37.06733322143555,-30.11068344116211
N43998,sports,sports,-10.88737964630127,65.1621322631836
N27107,weather,weather,-41.62998580932617,-28.905109405517578
N34773,sports,sports,-10.154593467712402,57.952510833740234
N14267,weather,weather,-18.46494483947754,-41.901485443115234
N22242,sports,sports,28.81203842163086,44.06391525268555
N63625,news,news,30.234596252441406,-30.5454044342041
N59441,sports,sports,9.764320373535156,-6.807129383087158
N57850,sports,sports,-22.203794479370117,27.191940307617188
N30909,news,news,-5.113173007965088,-50.9423713684082
N7037,autos,autos,-17.77652359008789,-37.31271743774414
N20189,video,video,-1.7393674850463867,3.5859572887420654
N47479,tv,other,2.0137314796447754,12.74223804473877
N23231,news,news,22.604232788085938,-17.732484817504883
N44582,sports,sports,-27.077150344848633,34.66569137573242
N51618,news,news,2.2849366664886475,-5.172082424163818
N43185,sports,sports,5.546514987945557,15.362441062927246
N13003,news,news,-8.763339042663574,-15.968080520629883
N63504,news,news,3.8367888927459717,-51.73136520385742
N8313,sports,sports,18.716697692871094,35.21965789794922
N57599,sports,sports,4.032919406890869,-21.202606201171875
N7057,sports,sports,15.882015228271484,17.966590881347656
N60816,news,news,-0.23326081037521362,-40.05609893798828
N22136,sports,sports,7.044491767883301,62.632080078125
N18943,news,news,31.014673233032227,-27.938817977905273
N9676,news,news,-39.77600860595703,-29.465970993041992
N63094,foodanddrink,foodanddrink,-35.40706253051758,5.996598720550537
N20263,news,news,20.707839965820312,0.2787260115146637
N53914,news,news,15.590197563171387,-29.786884307861328
N37411,weather,weather,-41.10261535644531,-33.411537170410156
N28199,sports,sports,-1.0685664415359497,68.33854675292969
N28450,travel,travel,-1.512205719947815,-9.914356231689453
N51496,health,health,5.008310794830322,2.772257089614868
N37366,video,video,8.529507637023926,19.234041213989258
N42792,sports,sports,-2.3948135375976562,30.748123168945312
N53062,foodanddrink,foodanddrink,-12.124570846557617,20.869016647338867
N42420,news,news,28.41421890258789,-21.270042419433594
N64819,travel,travel,-14.396215438842773,-5.36626672744751
N6185,news,news,-3.6800217628479004,11.920145988464355
N5425,sports,sports,29.33864974975586,31.61332893371582
N4774,news,news,1.8866918087005615,-51.3157958984375
N50612,video,video,-25.433595657348633,2.125471591949463
N53944,news,news,-16.77910614013672,-2.14961576461792
N13375,sports,sports,-6.08295202255249,46.428794860839844
N59301,sports,sports,-22.359386444091797,27.404722213745117
N38175,sports,sports,-7.723785400390625,21.876422882080078
N33081,news,news,-22.160375595092773,-35.361724853515625
N28623,news,news,1.7479963302612305,-33.12480163574219
N26532,news,news,34.5448112487793,27.69847297668457
N20773,sports,sports,26.882469177246094,32.870880126953125
N43956,sports,sports,9.00992488861084,18.008651733398438
N41651,tv,other,-10.545682907104492,8.245345115661621
N54954,sports,sports,-4.5385518074035645,-43.028621673583984
N63330,news,news,1.882593035697937,-26.75128746032715
N40175,news,news,6.927949905395508,-36.85155487060547
N50085,news,news,27.427705764770508,-11.636786460876465
N6015,news,news,12.266545295715332,-22.816789627075195
N62555,movies,other,9.299952507019043,7.012785911560059
N11728,travel,travel,50.25775909423828,6.132855415344238
N36312,sports,sports,11.308499336242676,13.239331245422363
N10475,health,health,55.00079345703125,8.173392295837402
N19144,news,news,-23.414710998535156,-2.851825714111328
N53596,tv,other,5.659170627593994,6.046044826507568
N12200,sports,sports,50.097198486328125,6.448831081390381
N8868,foodanddrink,foodanddrink,-19.55135726928711,-9.100168228149414
N19112,news,news,26.949678421020508,-16.744104385375977
N20163,foodanddrink,foodanddrink,-34.8920783996582,-11.342206001281738
N64807,sports,sports,29.40955924987793,35.40391159057617
N55758,news,news,21.73051643371582,-18.677404403686523
N8620,health,health,-14.830048561096191,-10.848746299743652
N37825,news,news,10.948859214782715,-18.57720947265625
N12212,health,health,52.87299346923828,6.036259174346924
N41619,sports,sports,18.95014762878418,23.918405532836914
N39551,news,news,22.9376277923584,-24.541818618774414
N64856,news,news,10.245019912719727,-44.549652099609375
N20955,sports,sports,3.523233413696289,56.068511962890625
N46712,news,news,-21.47686195373535,-24.641447067260742
N27652,news,news,-36.45000076293945,17.204694747924805
N50315,sports,sports,-5.703794002532959,46.26445770263672
N18821,sports,sports,5.1798930168151855,57.132286071777344
N28376,travel,travel,-7.5765604972839355,-12.101356506347656
N59171,news,news,28.379732131958008,-22.803218841552734
N50332,news,news,6.074746131896973,-38.318302154541016
N16098,news,news,12.02375316619873,-23.044818878173828
N21855,lifestyle,lifestyle,10.016026496887207,5.834072113037109
N30225,sports,sports,0.5268239974975586,64.02001190185547
N14707,news,news,7.704408168792725,35.896602630615234
N15092,sports,sports,-28.09480094909668,33.878719329833984
N45432,news,news,5.579347133636475,-45.03852462768555
N498,travel,travel,-20.870529174804688,-13.503863334655762
N24914,sports,sports,1.2250114679336548,62.95136642456055
N62050,sports,sports,36.470497131347656,36.355224609375
N21429,news,news,18.988935470581055,-7.2557573318481445
N46966,foodanddrink,foodanddrink,-30.72979736328125,-2.576063871383667
N13380,tv,other,-23.670093536376953,-1.825385570526123
N49199,news,news,-21.709012985229492,-38.47568893432617
N13136,tv,other,0.5103492736816406,-5.436105251312256
N23776,autos,autos,-31.545669555664062,21.48482894897461
N16472,travel,travel,-21.579696655273438,11.557676315307617
N15064,sports,sports,15.501113891601562,23.349069595336914
N4603,news,news,-27.813364028930664,-41.13151550292969
N61933,sports,sports,22.0103702545166,22.1708984375
N47226,sports,sports,8.123790740966797,62.22883605957031
N36315,foodanddrink,foodanddrink,-29.623701095581055,-4.36115837097168
N51830,health,health,-3.303786039352417,11.526877403259277
N43640,news,news,-22.058290481567383,-51.22239303588867
N33286,foodanddrink,foodanddrink,9.54531192779541,4.049797058105469
N56717,news,news,-20.317975997924805,0.4042913317680359
N11897,news,news,48.987606048583984,3.104245901107788
N3041,music,other,-6.815201759338379,-8.659839630126953
N55744,sports,sports,-5.4280476570129395,57.69318389892578
N43278,news,news,26.12920379638672,-28.537195205688477
N26267,news,news,2.6934661865234375,-46.29440689086914
N52556,news,news,7.540077209472656,-45.72371292114258
N33688,news,news,31.83599853515625,-18.92266845703125
N9779,sports,sports,11.542683601379395,24.92764663696289
N56150,news,news,-17.031761169433594,2.954648733139038
N15656,news,news,17.36737823486328,-17.63841438293457
N60972,sports,sports,12.709888458251953,-34.78535461425781
N23999,finance,finance,17.138349533081055,-23.315603256225586
N32423,sports,sports,0.761738121509552,67.71798706054688
N25786,sports,sports,-1.8768888711929321,-0.0470106340944767
N8693,health,health,-24.900604248046875,7.490760803222656
N36521,finance,finance,-11.495429992675781,-26.53542709350586
N44479,sports,sports,-2.727917432785034,2.582902669906616
N32936,sports,sports,-1.6144949197769165,51.271244049072266
N55566,video,video,-30.516036987304688,9.150468826293945
N38085,sports,sports,-3.3291842937469482,50.04402542114258
N10009,sports,sports,50.92035675048828,6.171091556549072
N37029,weather,weather,-46.65483474731445,-32.44321823120117
N943,sports,sports,5.292044162750244,62.966922760009766
N64743,news,news,-16.114852905273438,-3.7059378623962402
N21050,news,news,-7.999866485595703,-11.192259788513184
N2707,news,news,-1.0946093797683716,-17.02429962158203
N31689,sports,sports,-8.934328079223633,44.27571105957031
N28783,sports,sports,-9.259799003601074,20.620580673217773
N59311,health,health,6.3342061042785645,-6.807895183563232
N22887,finance,finance,-15.263845443725586,-0.22509458661079407
N6186,sports,sports,30.401479721069336,36.033531188964844
N50047,entertainment,other,9.267841339111328,-4.323704719543457
N53412,news,news,1.9551098346710205,-14.385167121887207
N52916,news,news,2.5313479900360107,-35.01633071899414
N36677,sports,sports,16.75088119506836,28.029993057250977
N49323,lifestyle,lifestyle,-29.804773330688477,2.3489487171173096
N7885,sports,sports,6.673117160797119,-28.674951553344727
N3994,sports,sports,8.3373441696167,59.175392150878906
N1800,weather,weather,-40.49219512939453,-36.17934799194336
N51042,sports,sports,-1.7431167364120483,0.14498324692249298
N8459,sports,sports,-24.02871322631836,25.98615074157715
N35267,news,news,25.126747131347656,-15.370843887329102
N15637,health,health,-10.927940368652344,-31.412538528442383
N37551,lifestyle,lifestyle,-36.319095611572266,6.104059219360352
N48621,finance,finance,-17.406904220581055,-18.949556350708008
N40763,sports,sports,14.577244758605957,20.915660858154297
N59304,news,news,27.7686767578125,-15.680159568786621
N37226,news,news,16.063629150390625,-35.17280197143555
N10520,news,news,59.052955627441406,0.10889159888029099
N6654,music,other,9.387043952941895,5.141490459442139
N52818,sports,sports,6.493991374969482,18.031185150146484
N11307,video,video,59.104801177978516,1.578432559967041
N1304,sports,sports,-5.7404866218566895,-41.36857604980469
N48543,music,other,-4.323910713195801,5.315369606018066
N53369,news,news,18.82074737548828,-26.987424850463867
N11139,news,news,50.8083381652832,1.870734453201294
N15558,news,news,-19.833541870117188,-0.380839079618454
N20828,sports,sports,11.01756477355957,36.77748107910156
N4685,autos,autos,-4.6810197830200195,-57.29151916503906
N34803,sports,sports,0.29124581813812256,66.84380340576172
N18453,news,news,33.12063217163086,-21.47229766845703
N63454,sports,sports,13.981583595275879,32.68600082397461
N26165,sports,sports,4.467027187347412,50.11858367919922
N45133,sports,sports,18.410974502563477,27.508451461791992
N62635,news,news,-25.613441467285156,-15.879327774047852
N8253,sports,sports,4.237483978271484,34.92777633666992
N16315,news,news,29.910913467407227,-18.270244598388672
N37807,weather,weather,-20.715234756469727,-45.49130630493164
N54646,sports,sports,9.719959259033203,59.419891357421875
N16213,lifestyle,lifestyle,-22.028308868408203,-18.79790496826172
N48979,news,news,16.435468673706055,-19.161495208740234
N47143,news,news,-13.44077205657959,-14.322630882263184
N51596,foodanddrink,foodanddrink,-33.11070251464844,2.3689651489257812
N11243,weather,weather,50.698429107666016,7.235565185546875
N22660,sports,sports,0.4343092143535614,21.206483840942383
N7590,news,news,-18.745777130126953,1.5271999835968018
N6869,tv,other,11.660000801086426,5.885217666625977
N39715,sports,sports,-11.217659950256348,62.68471908569336
N31593,video,video,-23.11184310913086,5.778571128845215
N43110,weather,weather,-38.55236053466797,-31.580663681030273
N47791,autos,autos,-33.08353042602539,20.20092010498047
N23770,finance,finance,-15.00771427154541,-22.07480812072754
N58962,sports,sports,2.5902886390686035,60.2442512512207
N18084,weather,weather,-40.19850158691406,-33.133445739746094
N59765,news,news,16.482934951782227,-19.42411231994629
N39973,sports,sports,8.342207908630371,61.65027618408203
N20158,news,news,-16.720844268798828,10.86704158782959
N14762,sports,sports,-2.6386187076568604,30.95547103881836
N54526,foodanddrink,foodanddrink,-32.934574127197266,-8.632155418395996
N36353,weather,weather,-40.048973083496094,-34.08484649658203
N3626,entertainment,other,-7.922230243682861,12.561209678649902
N14867,news,news,-0.6441317200660706,-38.19953536987305
N60892,sports,sports,-10.884780883789062,56.042030334472656
N25512,sports,sports,18.625852584838867,28.068984985351562
N46280,news,news,36.53060531616211,-14.714042663574219
N53290,sports,sports,8.406295776367188,-39.868621826171875
N49608,sports,sports,4.412377834320068,61.96763229370117
N2091,sports,sports,35.85787582397461,38.785194396972656
N63201,sports,sports,11.19909954071045,20.36342430114746
N49390,sports,sports,7.226556301116943,-47.52402114868164
N18402,sports,sports,9.29951286315918,54.954158782958984
N51753,health,health,-11.625587463378906,-7.845353126525879
N23860,news,news,-2.8665883541107178,-41.402198791503906
N21044,music,other,-6.19859504699707,6.220849990844727
N41225,tv,other,8.744542121887207,-4.075376987457275
N64300,travel,travel,-26.142929077148438,-3.008225917816162
N9938,sports,sports,-6.796792030334473,23.942386627197266
N36476,news,news,-22.02445411682129,-5.004147052764893
N37009,lifestyle,lifestyle,-23.8499755859375,-0.7849080562591553
N53083,sports,sports,31.168813705444336,45.91250228881836
N61266,sports,sports,-4.358728408813477,-42.31781768798828
N29132,news,news,24.348468780517578,-19.01222801208496
N52827,sports,sports,27.047237396240234,46.811588287353516
N35266,news,news,4.023697853088379,-46.83776092529297
N60791,news,news,5.759065628051758,-11.536796569824219
N24912,sports,sports,-0.28654929995536804,47.975135803222656
N14034,sports,sports,-28.97331428527832,33.913330078125
N35805,video,video,3.339742422103882,0.4299968481063843
N1906,news,news,18.608524322509766,-15.319080352783203
N21389,news,news,13.37568473815918,-11.289375305175781
N36010,lifestyle,lifestyle,-29.98323631286621,2.3531312942504883
N50857,news,news,8.859451293945312,-9.110148429870605
N24658,sports,sports,12.3357572555542,36.76858901977539
N42802,sports,sports,13.14596176147461,34.08329772949219
N34294,sports,sports,10.684347152709961,35.711387634277344
N24731,sports,sports,23.200950622558594,17.144258499145508
N49551,finance,finance,-16.92591667175293,-0.02744010090827942
N56201,sports,sports,30.02705955505371,45.81584167480469
N62705,news,news,3.870417356491089,-37.38465881347656
N59183,news,news,27.807281494140625,-31.513959884643555
N19652,news,news,1.7203220129013062,-41.14694595336914
N34321,news,news,-25.704971313476562,4.291843891143799
N22266,news,news,28.801637649536133,-25.316207885742188
N27206,weather,weather,-28.08940887451172,-3.514763593673706
N56648,sports,sports,2.456641674041748,59.174339294433594
N6899,music,other,34.3650016784668,-12.150345802307129
N62224,news,news,-1.5412546396255493,-55.202117919921875
N2807,weather,weather,-21.848020553588867,-53.40367889404297
N7648,sports,sports,16.403076171875,17.147212982177734
N42362,foodanddrink,foodanddrink,-32.88969802856445,-2.864487409591675
N48199,music,other,10.12862777709961,8.225284576416016
N57568,video,video,-23.49350357055664,0.00034214265178889036
N14000,finance,finance,-15.36772632598877,-3.0813376903533936
N19432,entertainment,other,2.9293770790100098,4.469339847564697
N61895,movies,other,4.48282527923584,7.612905502319336
N26946,sports,sports,-30.395227432250977,34.901248931884766
N33402,sports,sports,3.4370503425598145,46.90185546875
N35558,news,news,-14.6881685256958,-47.48398971557617
N29178,finance,finance,-33.18174362182617,-15.459847450256348
N24361,news,news,12.026963233947754,-29.77549934387207
N19330,sports,sports,8.147170066833496,12.590600967407227
N64515,health,health,12.625626564025879,8.506317138671875
N29625,sports,sports,-0.2655230462551117,20.205894470214844
N49023,video,video,-26.299663543701172,-7.275390148162842
N36217,news,news,31.030941009521484,-27.8627872467041
N13140,foodanddrink,foodanddrink,-35.49296188354492,0.95269775390625
N3526,sports,sports,20.385404586791992,23.08538055419922
N10099,news,news,51.21036148071289,-0.5573949217796326
N10217,sports,sports,57.293617248535156,-0.06733836978673935
N4773,news,news,-15.132430076599121,6.738042831420898
N30462,news,news,4.288637161254883,-53.077781677246094
N44902,sports,sports,-12.3236665725708,59.955204010009766
N9840,sports,sports,33.57175827026367,33.019561767578125
N35444,sports,sports,4.970348358154297,58.058780670166016
N49476,news,news,-9.569552421569824,-45.29582977294922
N63780,weather,weather,-38.38087844848633,-31.63756561279297
N4235,sports,sports,9.680669784545898,35.546356201171875
N1402,entertainment,other,-27.629323959350586,-41.539085388183594
N38026,sports,sports,6.544034481048584,20.39694595336914
N25920,news,news,-18.7263240814209,-47.60699462890625
N12680,music,other,1.1867480278015137,9.719256401062012
N42230,sports,sports,-2.172544240951538,65.28199005126953
N3511,health,health,-16.242197036743164,-10.851524353027344
N30468,news,news,29.15190887451172,-29.176626205444336
N58641,lifestyle,lifestyle,-26.142215728759766,15.538548469543457
N13867,sports,sports,-23.927473068237305,28.144710540771484
N47539,sports,sports,9.60373306274414,24.204437255859375
N48516,weather,weather,17.168487548828125,-9.151988983154297
N61946,sports,sports,9.68290901184082,20.318147659301758
N27232,video,video,9.724742889404297,5.906235218048096
N54939,sports,sports,8.451488494873047,58.962398529052734
N22621,news,news,0.10486992448568344,-43.36405563354492
N34776,news,news,-20.933496475219727,-52.146324157714844
N30188,lifestyle,lifestyle,2.1253774166107178,11.656352043151855
N18582,travel,travel,-20.467044830322266,-36.98743438720703
N37495,foodanddrink,foodanddrink,-31.147464752197266,5.920764446258545
N23369,news,news,-7.308687686920166,8.969868659973145
N43959,video,video,-27.9046573638916,8.118830680847168
N64742,finance,finance,-15.610836029052734,-22.99395179748535
N17051,foodanddrink,foodanddrink,-32.96522903442383,2.8586974143981934
N34582,news,news,1.5725781917572021,-52.06053924560547
N63634,news,news,-1.3264588117599487,-6.907711505889893
N35909,sports,sports,8.983841896057129,36.43656539916992
N37488,tv,other,8.770105361938477,7.788106441497803
N58775,finance,finance,-15.408141136169434,15.177631378173828
N15203,sports,sports,6.071780204772949,34.018310546875
N29671,sports,sports,-30.421741485595703,33.77785110473633
N1968,sports,sports,-9.011390686035156,49.60401153564453
N38182,tv,other,11.626859664916992,7.435689449310303
N12710,sports,sports,21.559192657470703,19.266239166259766
N28240,lifestyle,lifestyle,-31.8710880279541,1.1241588592529297
N55717,news,news,-20.953702926635742,1.641768455505371
N44709,sports,sports,18.449520111083984,15.852834701538086
N43235,foodanddrink,foodanddrink,-33.45684814453125,-0.297798752784729
N35750,news,news,-10.045073509216309,-19.76083755493164
N8724,sports,sports,-9.523674964904785,19.142322540283203
N59248,news,news,5.775386810302734,-24.952884674072266
N31975,foodanddrink,foodanddrink,-36.889503479003906,4.719310760498047
N46698,video,video,-25.3311824798584,-32.1075439453125
N30581,video,video,6.8085198402404785,-35.13857650756836
N4093,foodanddrink,foodanddrink,-9.754008293151855,-21.035945892333984
N44686,finance,finance,27.514728546142578,-27.052494049072266
N14526,sports,sports,21.8823299407959,37.092185974121094
N63472,news,news,27.09709930419922,-25.669490814208984
N22047,news,news,14.844361305236816,-16.259790420532227
N62704,lifestyle,lifestyle,-25.03255271911621,-8.309653282165527
N21094,news,news,10.535984992980957,-41.650001525878906
N38259,news,news,-1.4728143215179443,-25.121252059936523
N20690,news,news,-3.237419605255127,-53.206031799316406
N31776,weather,weather,-46.131839752197266,-32.73500442504883
N19555,music,other,-2.2744967937469482,6.246070384979248
N31187,sports,sports,-8.56298542022705,57.32168197631836
N56289,lifestyle,lifestyle,-8.966830253601074,-18.176252365112305
N30180,health,health,-14.826908111572266,-15.079479217529297
N45537,sports,sports,30.198999404907227,39.1251220703125
N54580,sports,sports,6.688885688781738,59.66735076904297
N18419,sports,sports,-0.5954110622406006,45.075138092041016
N59044,news,news,27.234638214111328,-23.86560821533203
N40720,tv,other,7.773453235626221,11.014326095581055
N47184,news,news,-4.827552795410156,-19.764738082885742
N60588,music,other,2.977062463760376,7.043010711669922
N7999,news,news,-16.042428970336914,-6.26993465423584
N62004,finance,finance,25.03894805908203,-24.11873435974121
N36849,news,news,25.661386489868164,-12.353272438049316
N45994,news,news,5.238126754760742,-37.422637939453125
N60999,news,news,27.465360641479492,-16.975467681884766
N20078,autos,autos,-32.56951141357422,19.615436553955078
N28055,sports,sports,35.7333869934082,38.86460494995117
N49445,video,video,22.970239639282227,-10.531779289245605
N58286,foodanddrink,foodanddrink,-21.733713150024414,-22.374187469482422
N60915,video,video,-18.787660598754883,-51.45230484008789
N49789,foodanddrink,foodanddrink,-30.549489974975586,-3.269430637359619
N8630,news,news,-30.67626953125,-17.79766273498535
N6220,sports,sports,2.615772008895874,49.43339920043945
N38492,news,news,24.262235641479492,-16.5853214263916
N9259,health,health,-9.934133529663086,13.576862335205078
N25019,news,news,31.502178192138672,-18.918397903442383
N34595,autos,autos,-32.569217681884766,18.088367462158203
N56331,news,news,1.3327261209487915,-16.923887252807617
N18119,travel,travel,-35.8620491027832,-15.092103958129883
N5446,sports,sports,6.894282817840576,34.855438232421875
N26778,news,news,15.027472496032715,-21.483463287353516
N42949,sports,sports,-11.320405006408691,63.98477554321289
N45922,sports,sports,7.505627632141113,34.096736907958984
N17272,entertainment,other,-11.761167526245117,5.434735298156738
N49998,movies,other,4.855799674987793,7.332782745361328
N1811,sports,sports,-9.49125862121582,45.57865524291992
N50261,sports,sports,31.24005126953125,33.06038284301758
N53086,news,news,22.28228187561035,-26.032136917114258
N60908,news,news,-2.4737255573272705,-56.33700942993164
N8429,weather,weather,-26.153165817260742,-30.88004493713379
N55838,sports,sports,-10.495333671569824,54.31886291503906
N12184,sports,sports,55.85122299194336,0.10585981607437134
N17849,sports,sports,32.37997817993164,42.402801513671875
N4263,news,news,28.6641902923584,-21.58051109313965
N4472,travel,travel,-13.69003677368164,-5.3705830574035645
N64950,weather,weather,-45.26063919067383,-32.72417068481445
N3812,sports,sports,3.044179677963257,29.583560943603516
N26574,weather,weather,24.63743019104004,-22.40659523010254
N377,news,news,13.150915145874023,8.833782196044922
N51832,finance,finance,-25.208208084106445,-19.37814712524414
N24154,sports,sports,-8.586426734924316,28.25840950012207
N30010,sports,sports,-8.093003273010254,35.12738800048828
N12176,weather,weather,63.4489631652832,4.436176776885986
N47893,news,news,-25.256771087646484,4.002386569976807
N38590,autos,autos,-37.51795196533203,18.321500778198242
N32254,sports,sports,20.167417526245117,21.15242576599121
N46985,finance,finance,1.9353361129760742,-38.83422088623047
N48661,health,health,-9.466712951660156,-0.6979060173034668
N32631,news,news,28.16278648376465,-25.71990203857422
N62467,video,video,-11.46848201751709,-11.629837036132812
N56262,sports,sports,37.02881622314453,34.6284065246582
N32678,sports,sports,1.788057565689087,51.4586181640625
N48253,finance,finance,28.07917594909668,-24.450510025024414
N18466,news,news,-6.013062953948975,-45.53351974487305
N27636,autos,autos,-4.1131272315979,-56.7190055847168
N59744,news,news,4.026536464691162,-39.45653533935547
N6870,sports,sports,-1.948333740234375,-0.16353188455104828
N33386,news,news,28.97532844543457,-18.554012298583984
N10494,news,news,56.90176773071289,0.7685233950614929
N33164,sports,sports,4.510984897613525,59.116783142089844
N29257,foodanddrink,foodanddrink,-31.39899253845215,-9.33470344543457
N54518,weather,weather,-19.312726974487305,-51.84575271606445
N31756,news,news,15.243254661560059,27.5897274017334
N47227,video,video,-24.19442367553711,-53.50226974487305
N46912,sports,sports,0.6984915137290955,31.24153709411621
N60927,weather,weather,-19.31357192993164,-40.88175582885742
N6065,video,video,22.808483123779297,-6.455340385437012
N46514,sports,sports,18.470014572143555,24.20284080505371
N34362,news,news,-33.69424819946289,10.5983304977417
N48637,sports,sports,6.340408802032471,4.30908203125
N47029,news,news,-10.932417869567871,-20.394912719726562
N5416,news,news,-0.3850197196006775,-48.14558029174805
N3688,sports,sports,-7.802309989929199,46.28615951538086
N22950,sports,sports,18.883413314819336,17.23529815673828
N15985,sports,sports,1.9169657230377197,-41.63811111450195
N13106,sports,sports,29.23234748840332,33.04130935668945
N25386,video,video,2.02992582321167,13.956753730773926
N60998,travel,travel,-14.207313537597656,-42.576805114746094
N43125,finance,finance,-14.166728973388672,0.271009236574173
N2008,news,news,31.879735946655273,-26.366924285888672
N52813,news,news,1.726944923400879,-24.433746337890625
N48316,news,news,6.550051212310791,-50.25825119018555
N53442,sports,sports,3.253329038619995,65.02040100097656
N25493,foodanddrink,foodanddrink,-32.19221115112305,16.216115951538086
N27146,news,news,-1.4815340042114258,-22.174259185791016
N19935,finance,finance,-12.750578880310059,19.227994918823242
N45451,news,news,0.636432945728302,-33.67148971557617
N51057,lifestyle,lifestyle,-11.669018745422363,-8.25583553314209
N10591,sports,sports,56.06059646606445,-1.3269850015640259
N1025,foodanddrink,foodanddrink,56.95530319213867,1.5002230405807495
N15147,travel,travel,-7.062090873718262,-7.495384693145752
N25522,music,other,5.071718692779541,11.625104904174805
N63003,video,video,-22.606243133544922,7.899171829223633
N62138,news,news,26.902990341186523,-16.954273223876953
N44928,tv,other,-10.255322456359863,6.788984775543213
N16129,sports,sports,27.698965072631836,37.97319030761719
N15114,finance,finance,-16.61720085144043,16.025657653808594
N7350,sports,sports,2.08310604095459,58.82521057128906
N64011,news,news,-0.4762249290943146,-42.40596389770508
N15809,weather,weather,-22.335649490356445,-53.08387756347656
N3670,travel,travel,-6.449967861175537,-56.71828079223633
N33657,travel,travel,-19.701690673828125,15.909721374511719
N62264,news,news,9.87132740020752,-43.08512878417969
N9805,lifestyle,lifestyle,-22.098114013671875,15.089282035827637
N57113,news,news,28.708145141601562,-18.349506378173828
N795,news,news,9.76655387878418,-24.23356056213379
N23397,sports,sports,6.592444896697998,-46.99553298950195
N38354,travel,travel,-14.962762832641602,-47.38816452026367
N58498,entertainment,other,8.5587739944458,-37.779232025146484
N57505,sports,sports,34.95920944213867,31.596141815185547
N1894,sports,sports,1.7775641679763794,48.77513885498047
N64377,finance,finance,7.679014682769775,-1.489473581314087
N62449,news,news,-4.24205207824707,-43.64162063598633
N59695,entertainment,other,6.959792613983154,-2.9273855686187744
N57749,news,news,24.382543563842773,16.217870712280273
N41296,autos,autos,-0.18821977078914642,-56.613441467285156
N21265,foodanddrink,foodanddrink,-36.323917388916016,-2.241090774536133
N20633,news,news,-3.4567856788635254,11.680458068847656
N25085,sports,sports,-29.641115188598633,32.40656280517578
N49146,news,news,-22.11258888244629,-47.609710693359375
N9223,sports,sports,30.527341842651367,39.357540130615234
N10312,lifestyle,lifestyle,50.493370056152344,6.443675994873047
N64476,sports,sports,7.387386798858643,52.97199630737305
N2963,news,news,-0.7884880304336548,-3.3224716186523438
N51648,news,news,7.115852355957031,-32.5461311340332
N33143,news,news,4.491082191467285,-29.795255661010742
N30209,news,news,18.064558029174805,-35.00185012817383
N53767,video,video,-10.912100791931152,-7.325835227966309
N7386,news,news,4.5275092124938965,-5.661191940307617
N14579,news,news,15.642400741577148,-21.795324325561523
N44255,sports,sports,19.935251235961914,20.83077621459961
N59894,news,news,5.7003254890441895,-25.10285758972168
N52771,sports,sports,18.639066696166992,19.55978775024414
N57192,tv,other,8.7555570602417,9.122330665588379
N26881,foodanddrink,foodanddrink,-28.043895721435547,3.0835702419281006
N44610,health,health,-35.11221694946289,7.556705474853516
N20766,entertainment,other,4.197641849517822,8.177031517028809
N55879,sports,sports,24.783740997314453,33.62221145629883
N9568,news,news,6.641057968139648,-28.559268951416016
N60591,autos,autos,-33.594295501708984,20.472326278686523
N19454,news,news,-26.455915451049805,-13.992321014404297
N6001,health,health,-18.20926856994629,-8.413956642150879
N20917,news,news,0.08435112982988358,-40.366615295410156
N22668,news,news,-3.06721568107605,-51.96709442138672
N20914,video,video,22.96766471862793,-13.85971450805664
N52044,news,news,-15.75071907043457,-27.731216430664062
N50237,news,news,-9.67114543914795,-21.248998641967773
N29958,news,news,24.550214767456055,-26.864389419555664
N47077,autos,autos,-32.60988235473633,17.14999008178711
N37148,news,news,1.4054189920425415,-45.32094192504883
N37000,news,news,22.34450340270996,-24.47031593322754
N38039,lifestyle,lifestyle,-29.097198486328125,0.9388806819915771
N18886,sports,sports,28.912694931030273,41.5395393371582
N45135,news,news,-12.375308990478516,-21.41221809387207
N54504,finance,finance,-15.174497604370117,-0.07381895929574966
N52040,tv,other,8.844771385192871,-7.234101295471191
N61473,sports,sports,-10.54564094543457,50.477264404296875
N51893,travel,travel,-4.343136310577393,-12.047042846679688
N53820,news,news,20.516357421875,-19.96149444580078
N60614,sports,sports,-12.090791702270508,59.51521682739258
N45712,news,news,11.948209762573242,-5.020487308502197
N11276,finance,finance,60.07051086425781,9.72169303894043
N45558,sports,sports,19.83328628540039,19.68698501586914
N9431,news,news,7.054248809814453,1.7316662073135376
N9328,sports,sports,-0.955600380897522,27.118919372558594
N15497,movies,other,-5.959061622619629,5.105452060699463
N21777,tv,other,10.793399810791016,7.873755931854248
N61005,sports,sports,-11.269177436828613,64.57659912109375
N60545,news,news,-1.2610598802566528,-23.573949813842773
N36395,news,news,-0.15812017023563385,-47.82606506347656
N19271,sports,sports,-9.378686904907227,19.644350051879883
N7780,news,news,34.71455383300781,-12.797833442687988
N57326,foodanddrink,foodanddrink,-27.803680419921875,-18.48784828186035
N52918,sports,sports,17.91022300720215,20.682172775268555
N60815,news,news,-7.137685775756836,-6.19234037399292
N3611,sports,sports,33.60090255737305,43.241024017333984
N60662,travel,travel,23.497575759887695,17.275297164916992
N59400,sports,sports,8.748764991760254,37.10613250732422
N41693,sports,sports,1.8038040399551392,-1.9357134103775024
N62036,sports,sports,-5.76719331741333,63.41719055175781
N27046,video,video,-5.413668632507324,-49.023189544677734
N35441,news,news,-14.16355037689209,-15.346895217895508
N38559,travel,travel,-21.620651245117188,-2.0505008697509766
N8692,weather,weather,-37.43625259399414,-34.09327697753906
N36185,finance,finance,-15.278473854064941,3.8257646560668945
N38233,sports,sports,8.378063201904297,34.414825439453125
N9114,news,news,26.450496673583984,-23.080881118774414
N370,lifestyle,lifestyle,-12.19390869140625,-6.2184157371521
N24378,health,health,-17.421157836914062,1.425582766532898
N48512,video,video,-17.03048324584961,-45.0465087890625
N13949,movies,other,9.052679061889648,8.253499031066895
N38950,foodanddrink,foodanddrink,-35.946659088134766,3.4889159202575684
N28165,news,news,-11.680696487426758,-39.1561279296875
N62342,video,video,-14.7785005569458,-6.8624186515808105
N26421,sports,sports,22.089771270751953,21.2772274017334
N5469,sports,sports,-4.247754096984863,22.753286361694336
N46709,lifestyle,lifestyle,-22.966829299926758,-5.740128993988037
N29032,news,news,-4.801323413848877,-37.260231018066406
N3913,news,news,-1.6909282207489014,-23.5356502532959
N62053,sports,sports,3.773179769515991,34.08110809326172
N22835,sports,sports,-7.611641883850098,57.18098449707031
N17989,news,news,17.774002075195312,-19.940500259399414
N50515,music,other,-4.805395603179932,3.8808279037475586
N12311,sports,sports,56.32551574707031,3.62939453125
N42715,news,news,-11.638919830322266,-47.81792449951172
N57360,lifestyle,lifestyle,-22.049171447753906,-19.265779495239258
N7339,sports,sports,5.69251823425293,63.28955078125
N27407,sports,sports,-0.6762279272079468,62.116233825683594
N58224,news,news,11.09421443939209,-39.15116500854492
N39481,news,news,-0.29858723282814026,-50.8424072265625
N53556,sports,sports,-2.6646037101745605,48.569602966308594
N1545,sports,sports,7.014488697052002,12.054768562316895
N819,lifestyle,lifestyle,-10.388436317443848,-17.896564483642578
N8900,news,news,2.3435821533203125,-46.71076583862305
N20434,news,news,-0.9676231145858765,-58.230438232421875
N24730,news,news,-30.82767677307129,-18.16111946105957
N13307,sports,sports,11.72903823852539,9.855247497558594
N30361,news,news,5.097813129425049,-51.50091552734375
N20031,news,news,4.244697570800781,-48.41445541381836
N23968,foodanddrink,foodanddrink,-34.8464469909668,-9.321721076965332
N28462,news,news,-21.958419799804688,-36.48232650756836
N49867,news,news,7.014632701873779,-50.37588882446289
N5129,sports,sports,-2.8577375411987305,49.71028137207031
N29530,news,news,-17.136638641357422,-44.91291809082031
N5729,health,health,-15.654738426208496,-13.671832084655762
N885,lifestyle,lifestyle,0.19291359186172485,10.988177299499512
N7527,news,news,6.205141544342041,-48.094871520996094
N7778,sports,sports,0.16673843562602997,47.10928726196289
N49502,news,news,-16.383087158203125,-50.87453079223633
N7077,sports,sports,6.350472450256348,25.19164276123047
N43490,sports,sports,15.513463973999023,30.329673767089844
N35772,news,news,22.77349853515625,-26.95235824584961
N45615,autos,autos,-5.812899112701416,-57.16091537475586
N18112,news,news,-35.50352096557617,20.64813995361328
N52382,entertainment,other,9.655536651611328,7.04272985458374
N51086,news,news,5.0562052726745605,-45.17094802856445
N44240,weather,weather,-12.373200416564941,-47.11128234863281
N10243,finance,finance,58.66146469116211,7.466443061828613
N61649,sports,sports,19.29928207397461,23.52590560913086
N51967,news,news,27.39739227294922,-26.1290225982666
N32941,autos,autos,-33.03896713256836,19.535490036010742
N48831,health,health,-4.5821452140808105,24.002063751220703
N60616,sports,sports,1.4685890674591064,55.07728958129883
N58933,news,news,4.628174781799316,-49.92181396484375
N49267,news,news,1.0704880952835083,-54.33188247680664
N51213,lifestyle,lifestyle,5.279795169830322,-8.705808639526367
N58228,lifestyle,lifestyle,-20.687490463256836,13.4750337600708
N13689,movies,other,-3.8177716732025146,14.561259269714355
N11838,news,news,57.31672668457031,-2.4288408756256104
N3674,foodanddrink,foodanddrink,-27.298751831054688,1.9033360481262207
N9012,news,news,-9.147726058959961,-9.297832489013672
N41990,sports,sports,-6.497764587402344,45.07266616821289
N15580,news,news,28.912307739257812,-23.76438331604004
N10735,sports,sports,57.14442443847656,10.196379661560059
N17612,news,news,28.903635025024414,-30.039182662963867
N20780,travel,travel,2.9925127029418945,-23.505130767822266
N37558,weather,weather,-20.738309860229492,-46.03559112548828
N5310,health,health,-31.578725814819336,2.6180989742279053
N29975,news,news,1.893281102180481,-10.715773582458496
N63672,sports,sports,19.02618408203125,20.594379425048828
N37663,news,news,9.03640365600586,-43.347679138183594
N1499,sports,sports,-8.955730438232422,48.02034378051758
N62353,news,news,11.371417045593262,-44.518001556396484
N62843,news,news,11.855152130126953,-42.969120025634766
N62320,sports,sports,-5.554793357849121,27.28716468811035
N26376,finance,finance,-15.023653984069824,2.4059650897979736
N21364,news,news,17.107582092285156,-19.08582305908203
N30387,news,news,0.36365020275115967,-25.935880661010742
N35022,lifestyle,lifestyle,-20.183944702148438,-9.786373138427734
N11605,finance,finance,50.894630432128906,1.866409420967102
N51650,finance,finance,-10.453704833984375,16.49605941772461
N19067,news,news,-0.6468639373779297,-43.189781188964844
N49413,weather,weather,-41.57272720336914,-34.3267936706543
N44360,video,video,-23.54082489013672,-4.165300369262695
N59511,travel,travel,-24.545738220214844,-2.8348469734191895
N35127,sports,sports,1.8446072340011597,62.25479507446289
N46523,sports,sports,29.950244903564453,46.4006462097168
N57307,news,news,5.996191024780273,-12.48768424987793
N21018,news,news,29.052433013916016,-26.99166488647461
N64030,news,news,0.33689945936203003,-25.91226577758789
N13670,finance,finance,-6.375936508178711,-23.408273696899414
N17079,sports,sports,4.658010482788086,55.30571365356445
N50617,sports,sports,-2.217661142349243,45.264102935791016
N54576,sports,sports,4.1814866065979,52.022953033447266
N14983,sports,sports,32.324440002441406,42.29361343383789
N1442,news,news,-18.122272491455078,-50.48346710205078
N35636,foodanddrink,foodanddrink,-32.28400802612305,7.655421257019043
N34925,health,health,-28.264503479003906,10.834415435791016
N50023,health,health,-28.06326675415039,7.167618751525879
N31617,foodanddrink,foodanddrink,-27.451019287109375,12.992032051086426
N18931,foodanddrink,foodanddrink,-36.21282958984375,4.673624038696289
N12898,foodanddrink,foodanddrink,-36.97108840942383,5.192371368408203
N57754,health,health,-25.530548095703125,7.076492786407471
N61704,lifestyle,lifestyle,-19.538005828857422,14.642579078674316
N52154,lifestyle,lifestyle,-31.65609359741211,1.5918598175048828
N45655,health,health,-26.831039428710938,3.2393009662628174
N2041,lifestyle,lifestyle,-26.757646560668945,13.732748031616211
N17953,health,health,4.967707633972168,-8.008111000061035
N42126,entertainment,other,-26.013423919677734,14.953286170959473
N64482,health,health,-6.693160057067871,-1.6085729598999023
N35118,sports,sports,-14.239123344421387,-2.4523704051971436
N40530,news,news,24.930986404418945,-17.97959327697754
N36332,news,news,2.2661430835723877,-42.41038131713867
N8008,lifestyle,lifestyle,-30.793575286865234,3.5871641635894775
N28836,travel,travel,-13.95819091796875,5.851864814758301
N51230,health,health,-26.577783584594727,4.286322593688965
N18497,foodanddrink,foodanddrink,-21.561365127563477,6.661568641662598
N10955,health,health,59.574913024902344,1.6149072647094727
N15761,entertainment,other,-27.322307586669922,13.154986381530762
N10350,finance,finance,54.90997314453125,8.409306526184082
N53453,lifestyle,lifestyle,-1.4096239805221558,12.819893836975098
N50372,entertainment,other,8.092326164245605,3.494589328765869
N27490,news,news,-21.684612274169922,2.543499708175659
N4719,foodanddrink,foodanddrink,-35.35884094238281,5.207454204559326
N25496,news,news,5.605888366699219,-37.89497375488281
N64541,health,health,-24.94729995727539,14.146723747253418
N52497,health,health,-6.145965576171875,-1.9796133041381836
N24499,health,health,-22.230083465576172,12.5010347366333
N21763,news,news,10.90377140045166,-35.43829345703125
N40822,sports,sports,12.370086669921875,32.596954345703125
N20041,news,news,21.790367126464844,-9.193220138549805
N20686,news,news,2.9067704677581787,-51.82694625854492
N43330,health,health,-15.16700553894043,-14.393945693969727
N14633,weather,weather,-39.27775192260742,-33.853431701660156
N10383,sports,sports,51.18861389160156,-0.5449671149253845
N11052,travel,travel,56.213890075683594,-0.24344928562641144
N15061,news,news,11.313409805297852,-35.79927444458008
N50058,news,news,33.52180480957031,-10.468724250793457
N8580,sports,sports,7.527458190917969,21.306278228759766
N62579,news,news,-4.270711898803711,-49.09748077392578
N58530,sports,sports,34.72124099731445,34.581092834472656
N23409,sports,sports,33.20351791381836,28.05500030517578
N10334,weather,weather,57.67018508911133,-1.843349814414978
N20249,news,news,0.0003637426416389644,-54.79372787475586
N40766,news,news,12.735118865966797,-41.07640838623047
N9048,news,news,2.137036085128784,-9.28078556060791
N7419,lifestyle,lifestyle,4.5535173416137695,-8.900139808654785
N24839,sports,sports,-7.866697311401367,21.482921600341797
N61585,sports,sports,-42.99247741699219,-28.392210006713867
N10484,weather,weather,55.18735885620117,2.564612627029419
N62754,sports,sports,13.376294136047363,33.02243423461914
N5112,news,news,-0.9008669853210449,-54.473243713378906
N1782,news,news,0.33176547288894653,-48.047603607177734
N4819,news,news,24.550397872924805,-18.589624404907227
N32376,news,news,-26.319944381713867,-10.065200805664062
N32804,sports,sports,9.275464057922363,35.41099166870117
N13905,news,news,14.930334091186523,-35.60437774658203
N38594,weather,weather,-26.7508544921875,6.39316463470459
N19914,autos,autos,-17.334592819213867,11.001157760620117
N23828,travel,travel,-25.389066696166992,-13.292717933654785
N55488,finance,finance,-15.091289520263672,13.937440872192383
N3373,foodanddrink,foodanddrink,-4.7200846672058105,-7.72352409362793
N55515,movies,other,3.8353559970855713,0.9103492498397827
N24783,sports,sports,16.299936294555664,10.076836585998535
N9203,news,news,-15.843448638916016,-27.230546951293945
N29643,sports,sports,16.479528427124023,31.13461685180664
N3216,weather,weather,-18.34943199157715,-28.619670867919922
N50603,sports,sports,5.5624895095825195,8.217660903930664
N37005,news,news,-12.497405052185059,-49.16438293457031
N20812,weather,weather,-34.15946578979492,-34.050628662109375
N43262,foodanddrink,foodanddrink,-19.163345336914062,-18.005435943603516
N19566,news,news,-33.58888244628906,-36.79639434814453
N56090,travel,travel,36.23041915893555,34.95503616333008
N21874,video,video,23.758861541748047,-14.545223236083984
N42692,sports,sports,21.070289611816406,18.405000686645508
N59797,news,news,5.924429416656494,-7.944012641906738
N61846,news,news,6.876924991607666,-32.244869232177734
N35594,tv,other,7.9239420890808105,8.555764198303223
N52186,travel,travel,0.9172413349151611,-34.96758270263672
N37806,news,news,3.814033031463623,-33.977272033691406
N35671,tv,other,25.99156951904297,-11.633505821228027
N11658,sports,sports,61.11029052734375,3.0366339683532715
N3307,news,news,-13.513036727905273,-31.44089126586914
N34900,weather,weather,-39.99519729614258,-34.68370056152344
N22765,sports,sports,31.884973526000977,40.138675689697266
N2522,news,news,-3.299165725708008,-38.14970016479492
N29312,news,news,-14.24096965789795,-49.84286117553711
N52836,travel,travel,-16.51527214050293,-35.32461166381836
N9342,sports,sports,-6.38927698135376,-57.540748596191406
N3551,news,news,26.450756072998047,-14.630985260009766
N50113,news,news,-1.4915450811386108,-52.243080139160156
N11940,lifestyle,lifestyle,50.846466064453125,1.9185653924942017
N57998,sports,sports,15.682157516479492,25.677610397338867
N48623,news,news,-37.8454475402832,-20.577117919921875
N25403,video,video,-9.493562698364258,-6.951051712036133
N54239,finance,finance,-19.371761322021484,-6.821724891662598
N44285,finance,finance,-15.161465644836426,-23.65549087524414
N46487,lifestyle,lifestyle,-14.920207023620605,16.907217025756836
N47614,finance,finance,1.2902027368545532,-23.21756935119629
N24272,movies,other,4.508387088775635,-3.081261396408081
N33488,sports,sports,2.744924783706665,61.156044006347656
N38304,weather,weather,-46.585670471191406,-30.91774559020996
N10769,news,news,55.76500701904297,3.0522396564483643
N37888,news,news,-4.074133396148682,-51.37621307373047
N13320,sports,sports,22.181102752685547,25.166086196899414
N58143,sports,sports,-0.2566694915294647,62.11449432373047
N43976,travel,travel,-17.303264617919922,-46.55321502685547
N42082,sports,sports,-11.16881275177002,45.099788665771484
N39878,sports,sports,11.766155242919922,34.1899528503418
N20192,news,news,-5.291115760803223,-43.0107307434082
N34501,sports,sports,-0.5450261831283569,55.463409423828125
N33878,sports,sports,-4.013098239898682,-41.404563903808594
N41536,sports,sports,12.886898040771484,30.581314086914062
N53875,news,news,-23.718185424804688,-52.95029830932617
N47612,news,news,20.255680084228516,-34.49771499633789
N64605,travel,travel,-22.7950382232666,-8.470878601074219
N26918,finance,finance,-18.146034240722656,8.350997924804688
N28426,sports,sports,34.04562759399414,35.90228271484375
N24886,travel,travel,-31.93752670288086,-11.263212203979492
N62775,news,news,6.662140369415283,-40.635990142822266
N46643,news,news,-37.65290451049805,-34.67430877685547
N49001,music,other,-3.9051332473754883,4.660191059112549
N19520,news,news,13.57867431640625,-27.394737243652344
N7065,video,video,-2.6747348308563232,-6.704400539398193
N63912,foodanddrink,foodanddrink,-1.235309362411499,-21.631023406982422
N59862,sports,sports,11.8334379196167,9.802321434020996
N26209,news,news,-16.12919807434082,-5.5945258140563965
N55485,news,news,15.015887260437012,-21.439661026000977
N4519,news,news,-0.40231719613075256,-44.360931396484375
N36413,news,news,27.01604652404785,-21.447301864624023
N17160,sports,sports,36.43244934082031,-12.316359519958496
N48797,sports,sports,29.56964683532715,35.7362174987793
N52149,autos,autos,-22.55895233154297,8.121533393859863
N9623,news,news,29.022132873535156,-31.265291213989258
N19467,lifestyle,lifestyle,2.463819980621338,-10.403956413269043
N32225,sports,sports,-3.3306827545166016,27.58956527709961
N7938,entertainment,other,10.845707893371582,7.098788738250732
N33883,finance,finance,26.75490951538086,-22.492338180541992
N35556,video,video,7.171440124511719,52.61103439331055
N19258,health,health,3.2907354831695557,-10.33981990814209
N8861,foodanddrink,foodanddrink,-32.25418472290039,-3.248478412628174
N52274,sports,sports,0.6142023205757141,53.768821716308594
N24910,news,news,-1.8024173974990845,-18.696945190429688
N14227,news,news,-14.040245056152344,-42.26027297973633
N3316,travel,travel,-28.657133102416992,-7.986662864685059
N38999,sports,sports,6.688981056213379,48.99519729614258
N56910,sports,sports,-11.964978218078613,21.801515579223633
N31798,finance,finance,26.746774673461914,-26.959287643432617
N49917,news,news,11.636835098266602,-28.31595802307129
N21953,sports,sports,36.404945373535156,33.2995719909668
N63737,video,video,17.28893280029297,-16.03219223022461
N23792,foodanddrink,foodanddrink,-34.53172302246094,-15.653658866882324
N41541,news,news,30.728628158569336,-23.109533309936523
N54085,sports,sports,-4.636009693145752,24.27147674560547
N55729,news,news,-1.3245835304260254,-13.557622909545898
N51195,foodanddrink,foodanddrink,-34.587242126464844,-8.241275787353516
N63543,news,news,-0.25448405742645264,-52.53256607055664
N32964,news,news,5.539693832397461,-46.36759567260742
N49875,sports,sports,2.6838223934173584,46.366512298583984
N64898,news,news,-15.458470344543457,-25.274045944213867
N43383,news,news,4.255259990692139,-29.70380210876465
N62852,news,news,-10.850184440612793,-9.745315551757812
N47132,news,news,13.788919448852539,-36.01996994018555
N25165,news,news,28.14168357849121,-28.606555938720703
N33594,foodanddrink,foodanddrink,-37.760963439941406,-11.912425994873047
N11799,sports,sports,50.82276916503906,4.232715129852295
N15436,autos,autos,-18.317312240600586,-38.3045539855957
N19091,tv,other,-1.7415024042129517,5.130280494689941
N31359,news,news,-0.020052168518304825,-55.29615020751953
N36052,sports,sports,-8.598453521728516,44.9476432800293
N3355,sports,sports,-2.453634023666382,58.320926666259766
N64641,travel,travel,1.644752025604248,-19.08123016357422
N6926,foodanddrink,foodanddrink,-34.72541427612305,12.35019302368164
N33939,sports,sports,-4.120568752288818,49.7222900390625
N15346,sports,sports,7.778286933898926,60.492835998535156
N54813,sports,sports,33.40440368652344,39.65471267700195
N35058,news,news,22.960437774658203,-21.23436164855957
N55055,news,news,-4.504816055297852,-49.7125244140625
N21427,news,news,28.198320388793945,-33.95704650878906
N58683,finance,finance,-19.117961883544922,-18.00575828552246
N37941,foodanddrink,foodanddrink,-10.149249076843262,-19.98900032043457
N41852,weather,weather,-22.66765594482422,-52.873287200927734
N9865,sports,sports,-2.745455503463745,67.06470489501953
N56381,foodanddrink,foodanddrink,-26.93169593811035,-21.223806381225586
N20240,finance,finance,-15.804227828979492,-20.13812255859375
N31997,news,news,-5.043822765350342,-47.01372528076172
N40482,sports,sports,14.759654998779297,-38.400550842285156
N59427,news,news,-17.08930206298828,-21.93022918701172
N22595,lifestyle,lifestyle,3.3788936138153076,-7.842432975769043
N54920,news,news,8.145598411560059,-10.643640518188477
N60493,autos,autos,-17.972444534301758,-41.50515365600586
N38725,news,news,5.984926223754883,-10.233266830444336
N56020,news,news,-26.627090454101562,-19.051620483398438
N5652,lifestyle,lifestyle,-7.423006057739258,0.03519482538104057
N39379,sports,sports,-8.929752349853516,46.21160888671875
N41497,news,news,-0.2207096815109253,-30.265625
N42423,sports,sports,27.245847702026367,32.94169235229492
N35548,sports,sports,-24.229496002197266,27.981380462646484
N21152,travel,travel,-21.198497772216797,-18.08490562438965
N39625,sports,sports,-6.588872909545898,-4.184792995452881
N9168,news,news,-47.42747116088867,-30.40081024169922
N8913,news,news,30.694639205932617,-21.817106246948242
N61836,news,news,-17.56958770751953,9.133315086364746
N12362,lifestyle,lifestyle,50.48823928833008,6.368015766143799
N6651,sports,sports,-7.815581321716309,59.45098114013672
N12340,travel,travel,60.34819030761719,0.6266512870788574
N2141,sports,sports,35.16554260253906,36.15748977661133
N43214,lifestyle,lifestyle,-6.4342780113220215,4.3791422843933105
N15277,autos,autos,-1.7261182069778442,-56.043846130371094
N20130,news,news,-12.421693801879883,-25.044925689697266
N57104,news,news,-29.954166412353516,-24.711307525634766
N27515,news,news,0.816113293170929,-31.684043884277344
N30542,news,news,12.390345573425293,-27.650859832763672
N34799,video,video,3.282883405685425,6.80180549621582
N30243,sports,sports,-1.291873812675476,32.53638458251953
N29922,foodanddrink,foodanddrink,-35.791526794433594,-10.534260749816895
N48841,news,news,-21.768449783325195,-5.101288318634033
N11780,news,news,55.31907653808594,4.749832630157471
N40185,news,news,0.7523065805435181,4.12655782699585
N30560,health,health,-29.605504989624023,4.831265926361084
N48911,sports,sports,-1.3364408016204834,54.61753845214844
N59215,travel,travel,5.593662738800049,-20.532569885253906
N25561,news,news,-17.987302780151367,-2.905517578125
N62570,news,news,31.688060760498047,-20.665781021118164
N42538,travel,travel,-26.8268985748291,-25.454498291015625
N52110,news,news,-17.42056655883789,10.0374116897583
N20953,news,news,-0.13052338361740112,-46.04627227783203
N3282,news,news,-1.1459017992019653,-51.782257080078125
N53283,finance,finance,-14.71200942993164,13.80931282043457
N26555,foodanddrink,foodanddrink,-36.19303894042969,-13.84606647491455
N11379,sports,sports,61.71391296386719,6.387179851531982
N36137,sports,sports,0.848173201084137,0.4002978503704071
N125,news,news,-1.0391550064086914,-58.14284896850586
N9156,news,news,-5.000736713409424,-47.225502014160156
N56177,news,news,-1.187281608581543,-24.49791717529297
N4476,news,news,30.969013214111328,-31.626707077026367
N34186,travel,travel,-6.873140811920166,-7.745292663574219
N44465,sports,sports,21.279075622558594,21.756410598754883
N56964,sports,sports,-1.1719237565994263,32.530677795410156
N22792,weather,weather,-42.426719665527344,-31.946130752563477
N64550,sports,sports,30.520463943481445,32.63623809814453
N13930,music,other,6.39946174621582,9.662359237670898
N32504,sports,sports,-0.18073640763759613,31.93660545349121
N3726,autos,autos,-31.30430793762207,19.204837799072266
N18106,tv,other,10.515331268310547,8.004866600036621
N58837,sports,sports,0.3703185021877289,67.21516418457031
N58183,health,health,-23.061403274536133,11.778289794921875
N23767,lifestyle,lifestyle,8.96495246887207,7.821745872497559
N24376,finance,finance,-15.711735725402832,4.1027350425720215
N39215,finance,finance,-18.89289093017578,-1.7573832273483276
N5479,sports,sports,36.66950225830078,35.766258239746094
N46589,weather,weather,-40.72393035888672,-33.23286819458008
N42307,sports,sports,28.22008514404297,33.6609001159668
N21063,news,news,29.140422821044922,-15.534211158752441
N18425,video,video,23.260286331176758,-10.849743843078613
N19784,weather,weather,36.258880615234375,33.256683349609375
N9961,foodanddrink,foodanddrink,-34.88267135620117,-10.641945838928223
N21820,sports,sports,33.1342887878418,36.81873321533203
N19484,news,news,-15.6609525680542,-27.47704315185547
N53515,finance,finance,-15.781532287597656,3.370185136795044
N63810,sports,sports,5.540696144104004,64.15554809570312
N54317,lifestyle,lifestyle,-18.603334426879883,14.608478546142578
N7433,news,news,-22.99854278564453,-17.633785247802734
N30640,foodanddrink,foodanddrink,-0.8321904540061951,-21.183517456054688
N54282,weather,weather,1.2037028074264526,-22.240947723388672
N34583,news,news,5.555820465087891,-17.188508987426758
N49940,news,news,-9.729483604431152,-37.05788803100586
N15471,news,news,2.587174415588379,-28.69437026977539
N50900,sports,sports,3.626667022705078,60.61787796020508
N17513,news,news,1.2084276676177979,-1.4711737632751465
N24054,sports,sports,-9.489532470703125,57.55710220336914
N21240,sports,sports,-11.188448905944824,61.120628356933594
N32233,sports,sports,-12.678202629089355,57.95659637451172
N37020,sports,sports,-13.51041316986084,1.7739276885986328
N1414,music,other,-2.31205415725708,6.049179553985596
N59749,finance,finance,-0.9758955836296082,-3.149050712585449
N21560,weather,weather,-46.988189697265625,-30.47138023376465
N45148,sports,sports,19.340011596679688,28.679840087890625
N14713,autos,autos,-35.30015182495117,21.31670379638672
N44477,news,news,-27.512226104736328,-25.871665954589844
N46486,lifestyle,lifestyle,-4.593763828277588,-3.6402688026428223
N19856,travel,travel,-17.531217575073242,-54.75244140625
N17450,foodanddrink,foodanddrink,-34.36412811279297,-12.62484359741211
N25979,news,news,-18.17192268371582,11.129079818725586
N35771,news,news,-3.775421380996704,-30.032459259033203
N13989,health,health,-14.083054542541504,-16.735855102539062
N34179,news,news,-19.475711822509766,-20.50794792175293
N34845,sports,sports,24.013471603393555,37.65449523925781
N22457,news,news,-0.788943886756897,-6.459417343139648
N47803,finance,finance,-30.732267379760742,-14.374214172363281
N52231,sports,sports,-2.008185863494873,53.94710159301758
N38770,entertainment,other,-7.354831695556641,12.987022399902344
N34872,health,health,3.6137454509735107,-10.157687187194824
N29369,news,news,33.47523880004883,-10.554960250854492
N44616,news,news,28.40190315246582,-20.475908279418945
N31062,video,video,-13.29503059387207,-9.872718811035156
N57772,news,news,-12.828380584716797,-25.294755935668945
N30807,sports,sports,-9.404217720031738,54.774662017822266
N38512,finance,finance,-16.16778564453125,17.138139724731445
N15413,sports,sports,16.309968948364258,31.08382225036621
N31955,travel,travel,-14.845290184020996,-46.004207611083984
N42135,finance,finance,-19.313791275024414,0.5377532839775085
N20727,sports,sports,26.59856414794922,35.695716857910156
N39710,lifestyle,lifestyle,-19.80035972595215,-28.31044578552246
N63862,news,news,12.832413673400879,-36.64295196533203
N62260,travel,travel,-14.528800010681152,-30.868200302124023
N24000,movies,other,2.105858564376831,9.152413368225098
N20577,weather,weather,-46.37350082397461,-30.948408126831055
N4242,sports,sports,-10.465086936950684,20.354877471923828
N24515,weather,weather,-36.44241714477539,-24.906253814697266
N10902,lifestyle,lifestyle,53.168033599853516,5.8818464279174805
N7367,weather,weather,-20.306005477905273,-44.975093841552734
N14158,news,news,18.813243865966797,-21.883647918701172
N19592,lifestyle,lifestyle,-7.674228191375732,0.29698795080184937
N40698,finance,finance,-24.54707908630371,-24.898008346557617
N24504,video,video,21.704437255859375,-18.922996520996094
N20018,sports,sports,4.9191107749938965,34.02811050415039
N8658,sports,sports,-0.44806772470474243,46.018760681152344
N24377,foodanddrink,foodanddrink,-5.388754844665527,-35.02918243408203
N54342,sports,sports,-29.592538833618164,34.76177215576172
N49215,news,news,28.081581115722656,-34.02138137817383
N22775,sports,sports,34.43772506713867,37.57523727416992
N57240,finance,finance,-4.202836990356445,-40.729759216308594
N15362,foodanddrink,foodanddrink,-37.130977630615234,-10.193623542785645
N51082,video,video,-11.77419376373291,-3.9689502716064453
N37735,health,health,2.889019250869751,-11.1549654006958
N20452,sports,sports,10.544370651245117,35.133548736572266
N12071,news,news,49.02682876586914,3.129223585128784
N25558,travel,travel,5.835289478302002,-20.45946502685547
N34308,sports,sports,-5.440117359161377,30.940664291381836
N21086,news,news,19.40846061706543,-25.89718246459961
N11145,health,health,57.54054641723633,0.8684707283973694
N1123,sports,sports,54.90106964111328,8.421348571777344
N49430,music,other,-4.709628582000732,6.213364124298096
N35759,news,news,-6.472250938415527,-23.51413345336914
N6097,sports,sports,-2.6003658771514893,56.58586502075195
N36092,news,news,-17.545696258544922,-48.72201919555664
N17920,travel,travel,-22.966739654541016,-10.655701637268066
N6538,sports,sports,7.870807647705078,36.26569366455078
N60365,sports,sports,-4.603423595428467,7.590522289276123
N35020,weather,weather,-40.09370803833008,-33.05617904663086
N26523,sports,sports,4.060678958892822,29.285001754760742
N23319,news,news,-20.13508415222168,4.4427008628845215
N24739,news,news,30.617992401123047,-22.74936866760254
N2188,sports,sports,23.630704879760742,42.75328826904297
N22146,movies,other,8.008127212524414,0.5598424077033997
N44534,foodanddrink,foodanddrink,-34.16455841064453,-14.304000854492188
N54838,news,news,-1.3152737617492676,-32.59627151489258
N54062,foodanddrink,foodanddrink,-29.85503578186035,-20.441726684570312
N56994,news,news,-23.955469131469727,-23.835113525390625
N61718,sports,sports,1.716022253036499,50.87141799926758
N19943,sports,sports,0.3152160346508026,62.53489685058594
N42493,travel,travel,-3.302201986312866,-15.591736793518066
N57159,sports,sports,-12.008784294128418,-49.29432678222656
N45548,health,health,-11.937437057495117,-21.863924026489258
N2983,news,news,18.675811767578125,-21.733051300048828
N34854,lifestyle,lifestyle,-7.976950168609619,-0.42451536655426025
N18782,news,news,-9.396888732910156,-32.65363311767578
N5454,news,news,6.370379447937012,-38.625919342041016
N10427,news,news,56.77809524536133,7.790938377380371
N369,sports,sports,-8.132611274719238,61.825252532958984
N29737,sports,sports,-4.637670040130615,7.509721755981445
N29768,sports,sports,15.351768493652344,18.38441276550293
N1583,sports,sports,6.765368461608887,48.955204010009766
N38427,news,news,-0.43960389494895935,-36.474098205566406
N25461,news,news,12.863301277160645,-27.46698760986328
N56861,finance,finance,-2.228996992111206,-24.94742202758789
N56255,finance,finance,-21.913448333740234,-22.767641067504883
N33924,sports,sports,-5.221462249755859,56.6050910949707
N35957,news,news,33.674129486083984,-9.48955249786377
N11541,news,news,50.0157356262207,5.759438991546631
N556,news,news,-22.93700408935547,-35.93981170654297
N14383,sports,sports,7.333527565002441,19.757612228393555
N60248,news,news,-6.739667892456055,-31.252443313598633
N40633,finance,finance,-15.161813735961914,-27.84989356994629
N62458,weather,weather,-17.257171630859375,-47.0383186340332
N40789,news,news,-6.251808166503906,-39.10513687133789
N3113,sports,sports,17.563058853149414,35.22803497314453
N61427,foodanddrink,foodanddrink,-36.3609504699707,8.0501127243042
N4328,news,news,28.37571144104004,-16.90913963317871
N35786,sports,sports,7.870922088623047,-0.5298099517822266
N6593,news,news,-5.798835277557373,-25.879776000976562
N33965,weather,weather,-45.56532287597656,-31.255603790283203
N4943,sports,sports,34.98883819580078,30.694847106933594
N51999,sports,sports,-28.056058883666992,35.2601318359375
N5556,news,news,4.396946907043457,-37.32737350463867
N64720,sports,sports,1.5538614988327026,34.969974517822266
N768,sports,sports,-10.0601224899292,45.49292755126953
N8796,video,video,21.90248680114746,-12.954590797424316
N64361,foodanddrink,foodanddrink,-32.41515350341797,-5.69324254989624
N39093,sports,sports,-0.17571163177490234,0.04379934445023537
N47424,news,news,-29.857826232910156,-20.299245834350586
N63470,sports,sports,-7.878875732421875,60.34588623046875
N17499,news,news,-4.590539455413818,-16.842660903930664
N21437,news,news,-14.268982887268066,-41.43300247192383
N16854,news,news,-7.457599639892578,-6.193293571472168
N37505,news,news,-20.39449691772461,3.5132253170013428
N41390,weather,weather,-45.21863555908203,-32.728187561035156
N62238,sports,sports,-10.721504211425781,61.414588928222656
N40053,video,video,35.397216796875,-13.674629211425781
N7640,news,news,-17.337217330932617,-2.763460636138916
N11433,finance,finance,59.86735534667969,1.5274455547332764
N6577,autos,autos,-18.838016510009766,14.790565490722656
N59079,foodanddrink,foodanddrink,-33.61348342895508,1.7393014430999756
N6854,news,news,-7.242008209228516,-19.931129455566406
N36876,sports,sports,-5.228609561920166,53.78544998168945
N50537,sports,sports,21.913742065429688,31.27446174621582
N34488,travel,travel,-18.01704216003418,-41.25257873535156
N63776,news,news,30.02404022216797,-19.554344177246094
N50480,news,news,3.9259979724884033,-41.98501968383789
N54911,sports,sports,10.784008026123047,37.23006820678711
N25591,sports,sports,-5.925445079803467,-40.791934967041016
N17381,sports,sports,36.46012878417969,-12.407583236694336
N10316,sports,sports,57.153751373291016,-0.027432415634393692
N52905,travel,travel,-23.70901107788086,-3.0738675594329834
N53587,autos,autos,-32.99565887451172,21.223800659179688
N16549,health,health,-13.790806770324707,-16.524106979370117
N48100,sports,sports,-8.377607345581055,48.20051956176758
N58527,sports,sports,12.452205657958984,31.132827758789062
N7715,foodanddrink,foodanddrink,-38.56287384033203,7.358063697814941
N8701,sports,sports,6.189582824707031,56.144309997558594
N28924,sports,sports,-11.345687866210938,46.096004486083984
N35336,news,news,26.270681381225586,-13.04172134399414
N18573,news,news,4.683332920074463,-6.360302925109863
N13556,finance,finance,22.707103729248047,-29.71771812438965
N6313,foodanddrink,foodanddrink,-25.468835830688477,-18.395977020263672
N46691,finance,finance,-14.782242774963379,17.457700729370117
N21619,news,news,11.213335990905762,-40.43984603881836
N49701,sports,sports,34.84193420410156,35.71868896484375
N8801,weather,weather,-38.27769470214844,-35.4849739074707
N36771,sports,sports,33.41646957397461,34.24363708496094
N27632,lifestyle,lifestyle,-12.303414344787598,-33.240482330322266
N28717,movies,other,4.816147804260254,-15.807053565979004
N64799,sports,sports,35.05918884277344,31.28749656677246
N56004,lifestyle,lifestyle,-30.46388053894043,2.0482022762298584
N10015,sports,sports,56.99237823486328,2.965097188949585
N14670,weather,weather,-34.07506561279297,-34.00977325439453
N29974,weather,weather,-39.30213928222656,-34.295738220214844
N61282,travel,travel,-27.84644889831543,-13.984200477600098
N31477,news,news,9.652589797973633,-35.16638946533203
N3088,news,news,16.254610061645508,-18.20759391784668
N7166,news,news,15.606243133544922,-3.7230684757232666
N41007,sports,sports,27.710031509399414,33.180721282958984
N23728,sports,sports,36.07421112060547,34.81991195678711
N20258,video,video,11.403848648071289,-18.22364616394043
N29156,news,news,-23.252853393554688,0.041748784482479095
N53297,sports,sports,-12.146242141723633,22.433101654052734
N31217,news,news,-31.950716018676758,-11.200745582580566
N5447,weather,weather,-33.79714584350586,-36.653167724609375
N31947,news,news,14.175368309020996,-36.15755844116211
N53527,music,other,-7.252528667449951,4.662806510925293
N4808,news,news,-8.583721160888672,-15.818684577941895
N1397,sports,sports,28.69316864013672,47.367576599121094
N25060,sports,sports,-8.30827808380127,61.47286605834961
N36527,foodanddrink,foodanddrink,-36.644256591796875,0.16643694043159485
N53793,news,news,10.97307300567627,-35.271724700927734
N14344,weather,weather,-13.37427806854248,-34.77870559692383
N10248,sports,sports,51.08745193481445,5.634363651275635
N14747,news,news,0.33471643924713135,-50.017704010009766
N17837,sports,sports,33.711421966552734,34.486080169677734
N29796,news,news,3.2602317333221436,-43.55618667602539
N62781,news,news,-22.57904052734375,-48.42906951904297
N45065,news,news,-30.170385360717773,-25.117755889892578
N17992,sports,sports,35.265708923339844,33.46051788330078
N6898,weather,weather,-16.032392501831055,-50.67222595214844
N29770,lifestyle,lifestyle,-5.897180557250977,-3.5591678619384766
N2704,news,news,24.91071891784668,-18.047340393066406
N12928,video,video,29.269689559936523,-30.267690658569336
N35722,autos,autos,-21.855205535888672,-36.26945495605469
N20167,sports,sports,9.68246078491211,31.929906845092773
N42608,sports,sports,-2.035081624984741,30.79057502746582
N9365,sports,sports,0.021474964916706085,59.433746337890625
N37233,news,news,-4.119633674621582,12.218473434448242
N62488,music,other,-2.4654653072357178,6.914054870605469
N40839,sports,sports,8.132463455200195,34.17136764526367
N7744,video,video,-2.0843288898468018,16.297393798828125
N63250,news,news,12.942090034484863,-2.369072675704956
N19212,finance,finance,-27.811521530151367,-14.03246784210205
N10554,news,news,60.09325408935547,2.789618730545044
N29310,weather,weather,-40.265419006347656,-34.512184143066406
N49237,travel,travel,-15.555131912231445,-29.9853515625
N61074,news,news,32.81940841674805,-10.581305503845215
N52289,news,news,1.7862004041671753,-43.616146087646484
N15878,news,news,-20.137191772460938,-25.290668487548828
N50548,travel,travel,-3.2155890464782715,-8.399316787719727
N29534,sports,sports,19.448976516723633,19.905704498291016
N10606,music,other,56.88932418823242,-1.295769214630127
N50314,lifestyle,lifestyle,-32.50707244873047,7.123859405517578
N7539,sports,sports,20.610042572021484,20.8746395111084
N130,news,news,28.877899169921875,-19.77646255493164
N13969,news,news,31.581321716308594,-17.699670791625977
N30728,news,news,-0.6250647902488708,-23.292497634887695
N21841,travel,travel,-24.610090255737305,-14.238273620605469
N12780,news,news,2.0471222400665283,-28.507434844970703
N39599,sports,sports,3.6096999645233154,49.403526306152344
N60236,weather,weather,-36.741397857666016,-25.033206939697266
N12364,weather,weather,57.44101333618164,-1.758525013923645
N22476,finance,finance,-18.883705139160156,7.113576889038086
N47242,sports,sports,0.2632640302181244,50.55893325805664
N57405,news,news,-4.9175124168396,-37.35529708862305
N56747,news,news,10.49545669555664,-41.67366027832031
N26373,travel,travel,-25.959148406982422,-13.269782066345215
N35612,sports,sports,31.033201217651367,47.711971282958984
N14612,news,news,-11.102103233337402,-15.241371154785156
N5255,news,news,4.185721397399902,-16.44928741455078
N45873,sports,sports,3.9637115001678467,69.72708892822266
N60741,autos,autos,-34.66180419921875,-36.03163528442383
N49222,sports,sports,1.6648879051208496,30.71219825744629
N17072,news,news,29.728744506835938,-14.539180755615234
N44430,sports,sports,36.27227020263672,35.933929443359375
N46939,news,news,-6.580090522766113,-39.53409194946289
N40438,finance,finance,-13.529330253601074,15.626917839050293
N55507,foodanddrink,foodanddrink,-35.59690856933594,3.9780261516571045
N40130,finance,finance,22.596351623535156,-30.051734924316406
N12313,sports,sports,58.21832275390625,2.893899440765381
N47531,news,news,36.52437210083008,-14.779967308044434
N7817,sports,sports,-1.2583889961242676,-1.5355931520462036
N33388,news,news,24.322446823120117,43.083126068115234
N37342,sports,sports,-0.9823047518730164,58.06113815307617
N20531,sports,sports,18.32927894592285,33.9525032043457
N24381,news,news,-21.8701171875,-26.592317581176758
N54321,sports,sports,19.808143615722656,24.193029403686523
N15835,news,news,4.277367115020752,-44.661041259765625
N5044,news,news,22.21910858154297,-17.78567123413086
N33730,weather,weather,-36.16616439819336,-35.69010543823242
N37712,news,news,-15.790406227111816,9.949578285217285
N2832,sports,sports,-2.999406099319458,32.002197265625
N2257,travel,travel,-24.508861541748047,-23.381668090820312
N63553,health,health,-12.167445182800293,-17.57566261291504
N45860,sports,sports,-11.241921424865723,-23.059106826782227
N18269,lifestyle,lifestyle,-2.901618719100952,-11.769526481628418
N28603,travel,travel,-31.83955955505371,-4.398187637329102
N35002,lifestyle,lifestyle,-30.39668846130371,-23.038175582885742
N27869,foodanddrink,foodanddrink,-29.383514404296875,-4.559769630432129
N32300,sports,sports,-2.680481195449829,2.3930585384368896
N6838,sports,sports,1.379490613937378,51.28185272216797
N49173,video,video,28.136404037475586,-16.83903694152832
N12548,weather,weather,-46.68715286254883,-30.51576805114746
N17212,video,video,-20.757211685180664,8.552108764648438
N3765,travel,travel,-15.855318069458008,-6.803832054138184
N35287,sports,sports,37.242591857910156,-15.27968978881836
N32957,news,news,3.716524600982666,-16.58209228515625
N45969,video,video,-11.884759902954102,-4.15130615234375
N13234,sports,sports,11.269270896911621,20.377758026123047
N45378,sports,sports,6.992830276489258,31.881311416625977
N15274,video,video,24.53154182434082,-14.798197746276855
N2480,news,news,-30.883636474609375,-23.08745002746582
N815,news,news,10.645864486694336,-18.543075561523438
N4047,tv,other,6.247870922088623,-9.92192554473877
N50473,sports,sports,31.25902557373047,35.28887176513672
N41979,news,news,8.067960739135742,-7.077890872955322
N50065,sports,sports,26.404090881347656,44.44866180419922
N11565,weather,weather,60.91371154785156,6.598899841308594
N42703,news,news,26.4611759185791,-16.529573440551758
N17183,news,news,33.800113677978516,-14.187176704406738
N64417,sports,sports,-30.5031795501709,34.16087341308594
N64439,health,health,10.013152122497559,-13.748045921325684
N9018,news,news,-3.274688720703125,-13.921530723571777
N38309,tv,other,8.620819091796875,-3.428189516067505
N50657,news,news,8.088705062866211,-6.355173587799072
N2743,sports,sports,-0.6345457434654236,0.6344592571258545
N9810,sports,sports,35.72182083129883,35.97534942626953
N57597,news,news,2.398094415664673,-47.750553131103516
N31156,news,news,11.14640998840332,-36.223331451416016
N63872,sports,sports,23.85942268371582,35.679805755615234
N60913,news,news,-2.680389881134033,-43.36399459838867
N8996,news,news,21.117605209350586,-14.808390617370605
N13708,sports,sports,29.426864624023438,36.19248962402344
N38357,entertainment,other,0.5777265429496765,-19.873573303222656
N10210,news,news,57.14408874511719,10.184981346130371
N58505,sports,sports,6.428737640380859,59.969581604003906
N12079,news,news,56.83958053588867,-1.301398515701294
N8531,sports,sports,18.646835327148438,48.92702865600586
N8081,sports,sports,-5.348642349243164,65.26945495605469
N6134,foodanddrink,foodanddrink,-33.79392623901367,-1.820124626159668
N35460,sports,sports,-0.09272830933332443,22.710405349731445
N7790,lifestyle,lifestyle,-25.019210815429688,-9.670463562011719
N31719,sports,sports,23.641944885253906,35.580413818359375
N16543,sports,sports,29.177043914794922,41.836544036865234
N50138,sports,sports,5.683032512664795,59.006500244140625
N14930,news,news,-17.28138542175293,-49.607086181640625
N40425,news,news,17.032461166381836,-17.431787490844727
N48663,video,video,-12.720303535461426,-8.595215797424316
N59257,news,news,13.074934959411621,-45.81915283203125
N46797,travel,travel,-13.565072059631348,-26.94681739807129
N41232,sports,sports,1.5049413442611694,34.507083892822266
N53215,news,news,-11.306547164916992,-47.69350051879883
N5650,autos,autos,-32.3102912902832,17.972023010253906
N41535,news,news,16.536754608154297,-16.45827293395996
N29767,sports,sports,22.387205123901367,19.166250228881836
N60456,news,news,4.838963508605957,4.89902925491333
N22978,foodanddrink,foodanddrink,-33.993011474609375,7.138817310333252
N34091,travel,travel,-37.07963180541992,-0.23922064900398254
N7917,news,news,30.730316162109375,-16.255203247070312
N34095,sports,sports,29.91162872314453,39.99294662475586
N45222,sports,sports,34.01839065551758,35.1205940246582
N6537,sports,sports,6.246352195739746,61.23918914794922
N19502,news,news,5.433372974395752,-39.891265869140625
N57591,lifestyle,lifestyle,-0.1699908971786499,13.851283073425293
N8347,autos,autos,-34.487274169921875,20.38924789428711
N50140,sports,sports,-9.06342601776123,46.848297119140625
N57614,news,news,10.038912773132324,-12.276284217834473
N21880,sports,sports,3.8806583881378174,57.6794548034668
N38563,news,news,-3.11004638671875,-14.410901069641113
N60707,sports,sports,31.43473243713379,46.23301315307617
N32364,news,news,10.648689270019531,-8.041070938110352
N61610,sports,sports,25.833528518676758,34.04352951049805
N28967,news,news,-2.9963231086730957,-37.56675720214844
N58927,sports,sports,-5.2886061668396,-2.255861759185791
N18695,sports,sports,-7.543335914611816,62.280540466308594
N24347,sports,sports,22.38916778564453,19.040300369262695
N52376,news,news,-0.8084769248962402,-1.8441667556762695
N26629,news,news,9.184427261352539,-44.67246627807617
N30131,video,video,36.08127212524414,30.097179412841797
N21607,sports,sports,-6.785236358642578,44.66011428833008
N60976,news,news,-23.597068786621094,-4.777242183685303
N31379,news,news,-3.145437479019165,-53.305206298828125
N6794,sports,sports,28.91081428527832,34.39206314086914
N9093,news,news,12.627619743347168,29.649734497070312
N31862,news,news,-18.174285888671875,-41.9976806640625
N59191,weather,weather,-38.18208694458008,-34.303104400634766
N41043,sports,sports,4.27614688873291,-15.869115829467773
N23065,health,health,-14.047182083129883,-16.533161163330078
N25476,news,news,-1.1968635320663452,-30.769529342651367
N39105,sports,sports,5.049559116363525,63.76362609863281
N6806,weather,weather,-40.577392578125,-32.038307189941406
N39922,news,news,-17.41079330444336,-18.222211837768555
N48237,sports,sports,9.297494888305664,33.30546951293945
N12668,news,news,-23.23313331604004,-17.715518951416016
N21358,movies,other,7.826168060302734,-5.874743461608887
N46102,sports,sports,0.8485139012336731,48.3088493347168
N42456,news,news,1.0029616355895996,-51.48677444458008
N29324,news,news,-7.20332145690918,-17.996131896972656
N5174,foodanddrink,foodanddrink,28.895227432250977,32.225406646728516
N36252,finance,finance,5.97865629196167,-24.755840301513672
N376,news,news,3.533376455307007,-44.4789924621582
N38049,news,news,25.238849639892578,-26.629182815551758
N39924,travel,travel,-16.855085372924805,-49.15324401855469
N46646,news,news,3.198209524154663,-46.14982223510742
N65185,sports,sports,25.645185470581055,30.01030731201172
N53604,sports,sports,25.20960235595703,37.16196823120117
N39382,news,news,11.99615478515625,-40.79050827026367
N25379,news,news,-33.01148223876953,-7.6253461837768555
N1687,news,news,2.718508720397949,-47.4709358215332
N46751,news,news,9.395659446716309,-38.871559143066406
N26167,sports,sports,1.8299401998519897,30.240345001220703
N60445,news,news,28.100692749023438,-22.538427352905273
N10258,sports,sports,55.13092041015625,0.11595333367586136
N11820,sports,sports,59.10809326171875,5.359209060668945
N59908,news,news,21.593360900878906,-22.15934181213379
N46037,news,news,29.2951717376709,29.527969360351562
N40011,sports,sports,28.237852096557617,35.25515365600586
N47231,news,news,32.832847595214844,-25.71828842163086
N15690,lifestyle,lifestyle,18.880218505859375,18.410104751586914
N52858,tv,other,8.238785743713379,5.381289958953857
N54499,sports,sports,18.901845932006836,28.426654815673828
N8519,lifestyle,lifestyle,1.8231894969940186,11.283611297607422
N3156,sports,sports,0.2101670801639557,57.51041030883789
N12179,sports,sports,59.776676177978516,4.28437614440918
N50579,sports,sports,11.981379508972168,31.245689392089844
N46429,sports,sports,11.041528701782227,30.767894744873047
N53964,sports,sports,18.49972915649414,28.85681915283203
N14147,autos,autos,-35.06223678588867,19.87649917602539
N23759,sports,sports,36.179988861083984,32.1664924621582
N59296,weather,weather,-22.98469352722168,-46.48038864135742
N35138,tv,other,1.8477905988693237,-18.92915916442871
N64362,news,news,-0.5571390390396118,-56.42916488647461
N1172,sports,sports,54.866241455078125,3.5133984088897705
N4569,sports,sports,-10.36467456817627,57.48344421386719
N60127,lifestyle,lifestyle,-20.895383834838867,-13.54836368560791
N14197,sports,sports,9.287050247192383,14.583166122436523
N5852,sports,sports,-9.811861991882324,57.42034912109375
N58115,finance,finance,-25.772523880004883,-21.662452697753906
N64085,sports,sports,29.20889663696289,33.56032180786133
N64709,news,news,9.018523216247559,-23.57369041442871
N29172,news,news,11.817593574523926,-33.01812744140625
N2136,lifestyle,lifestyle,-0.7910182476043701,-8.070501327514648
N4881,movies,other,1.4685587882995605,2.7748641967773438
N38979,foodanddrink,foodanddrink,-34.280860900878906,-14.177201271057129
N11964,travel,travel,61.292301177978516,5.190743923187256
N6805,news,news,0.5731852054595947,-20.025039672851562
N56531,sports,sports,-2.093488931655884,57.377708435058594
N41150,weather,weather,-19.360218048095703,-50.72755813598633
N59343,sports,sports,7.885031223297119,31.263694763183594
N30031,sports,sports,-8.094593048095703,35.27567672729492
N23665,sports,sports,36.87590026855469,38.52792739868164
N10637,travel,travel,49.3748779296875,6.354508876800537
N54904,tv,other,0.5690944194793701,-3.146601676940918
N26677,foodanddrink,foodanddrink,-34.26618957519531,-7.341846942901611
N63478,news,news,21.489898681640625,-25.911293029785156
N64567,sports,sports,-31.53564453125,15.566574096679688
N19265,sports,sports,-11.32024097442627,63.74237823486328
N63366,autos,autos,-28.164615631103516,12.174714088439941
N1257,sports,sports,-3.1034367084503174,58.822174072265625
N40691,weather,weather,-16.288219451904297,-10.842373847961426
N9678,sports,sports,-1.391173005104065,53.940216064453125
N61056,travel,travel,-27.16954803466797,-21.25882911682129
N40584,sports,sports,-2.909729242324829,0.6664102077484131
N19903,news,news,29.650531768798828,-22.480037689208984
N16047,news,news,-7.293980121612549,6.821898937225342
N4063,news,news,23.381160736083984,-19.75428009033203
N15011,news,news,-13.89441967010498,-49.7092170715332
N45237,sports,sports,-10.221780776977539,58.13648986816406
N26686,news,news,8.07494068145752,-35.482757568359375
N981,news,news,-0.7991423010826111,-32.919105529785156
N3911,finance,finance,-1.1013108491897583,-12.412126541137695
N57344,video,video,-21.04218101501465,-4.780600547790527
N31203,video,video,28.011077880859375,-15.351950645446777
N62780,sports,sports,35.830013275146484,31.48482322692871
N38019,news,news,21.068532943725586,-13.243192672729492
N35103,news,news,-1.9611268043518066,-21.9857177734375
N64072,sports,sports,30.236408233642578,46.957847595214844
N3423,travel,travel,20.61480140686035,0.9019681811332703
N54414,news,news,-19.196643829345703,-51.25162124633789
N9392,weather,weather,-20.86275863647461,-50.86943817138672
N63751,sports,sports,-1.9580119848251343,60.51308059692383
N6498,movies,other,-24.954458236694336,-9.141008377075195
N50877,sports,sports,24.65351104736328,38.77254867553711
N1104,news,news,61.768760681152344,2.176767587661743
N4296,lifestyle,lifestyle,-3.3483855724334717,-13.443524360656738
N16100,news,news,-0.6136835217475891,-23.08498191833496
N53073,sports,sports,30.884435653686523,38.45991134643555
N2510,travel,travel,-16.601482391357422,-48.90250015258789
N19598,weather,weather,-36.91524124145508,8.430492401123047
N51989,news,news,-27.638290405273438,-25.604610443115234
N41228,video,video,2.73592209815979,12.732316970825195
N39471,news,news,6.61020565032959,-13.114112854003906
N15662,video,video,14.928824424743652,-19.937429428100586
N44036,weather,weather,-24.203266143798828,-52.78520965576172
N50972,news,news,16.75383949279785,-4.903323173522949
N22642,sports,sports,21.084726333618164,31.211322784423828
N9458,sports,sports,2.9532907009124756,30.27202033996582
N24405,movies,other,-2.390216588973999,-3.11903715133667
N60109,video,video,22.666133880615234,-11.96798038482666
N61700,sports,sports,35.11216735839844,30.84573745727539
N57282,news,news,20.8890438079834,-12.838094711303711
N5509,sports,sports,31.658023834228516,44.67570495605469
N24767,sports,sports,18.64997673034668,15.696189880371094
N63865,sports,sports,-11.051511764526367,64.83356475830078
N40039,news,news,-27.836118698120117,-41.3673095703125
N48418,news,news,5.667109966278076,-39.37962341308594
N44997,sports,sports,27.3502197265625,30.267255783081055
N56284,sports,sports,-28.271060943603516,32.77082443237305
N49062,news,news,31.472558975219727,-27.868701934814453
N26138,finance,finance,-38.11835479736328,17.586177825927734
N28279,tv,other,10.611350059509277,9.198968887329102
N39770,sports,sports,10.561309814453125,24.088708877563477
N53902,travel,travel,3.4128124713897705,-0.17670582234859467
N15952,sports,sports,18.386669158935547,18.98046112060547
N16828,travel,travel,-19.804847717285156,-22.168624877929688
N60336,travel,travel,-4.61578369140625,-4.624302864074707
N30120,travel,travel,-6.455170154571533,-56.52052688598633
N24803,finance,finance,-37.460235595703125,20.49677276611328
N30859,news,news,36.50123977661133,-20.758567810058594
N37239,sports,sports,-0.10257098078727722,59.063175201416016
N21637,news,news,5.495795726776123,-7.736109256744385
N16093,travel,travel,-3.679518699645996,-12.397257804870605
N31325,lifestyle,lifestyle,9.460612297058105,-31.330896377563477
N8791,sports,sports,20.435606002807617,23.571983337402344
N30794,sports,sports,26.320205688476562,30.53953742980957
N23722,sports,sports,4.684086322784424,61.896156311035156
N39970,news,news,-6.824471950531006,-37.61542892456055
N36619,news,news,-0.5164595246315002,-30.5790958404541
N15160,sports,sports,7.915183067321777,59.90300750732422
N37905,health,health,-21.018999099731445,8.477853775024414
N35104,news,news,4.1370625495910645,-17.78630256652832
N21180,sports,sports,33.97464370727539,40.2210807800293
N9260,sports,sports,-26.76531982421875,-22.963544845581055
N22507,sports,sports,27.020462036132812,33.00288772583008
N14116,video,video,-13.262960433959961,-42.385433197021484
N46895,lifestyle,lifestyle,-45.78152084350586,-34.74323654174805
N26360,sports,sports,-1.6809349060058594,57.659385681152344
N33060,sports,sports,36.83820343017578,38.557701110839844
N16490,sports,sports,10.771685600280762,35.59870147705078
N58329,music,other,-7.6317925453186035,21.65192985534668
N3700,sports,sports,14.522733688354492,30.535354614257812
N56362,sports,sports,1.0898973941802979,62.730796813964844
N46156,video,video,-12.684172630310059,-40.52568054199219
N36277,sports,sports,32.72926712036133,37.51117706298828
N45688,sports,sports,25.96123504638672,38.920413970947266
N31343,sports,sports,-0.059934020042419434,51.661338806152344
N42066,foodanddrink,foodanddrink,-11.858904838562012,21.214139938354492
N57970,video,video,32.68187713623047,-12.103205680847168
N43151,video,video,-0.775547981262207,-9.022658348083496
N20469,weather,weather,-44.684776306152344,-34.746944427490234
N6469,news,news,8.43946361541748,-26.942476272583008
N28418,sports,sports,9.027186393737793,36.9104118347168
N17571,autos,autos,-35.0046272277832,19.622241973876953
N63992,video,video,26.68700408935547,-12.37600040435791
N63613,sports,sports,-1.7541040182113647,32.29081344604492
N13902,sports,sports,-8.569623947143555,28.247730255126953
N33812,sports,sports,-2.975377321243286,65.1128158569336
N27932,music,other,10.900182723999023,9.466598510742188
N35535,sports,sports,8.276998519897461,35.0635871887207
N37421,sports,sports,-2.3314149379730225,40.516658782958984
N47201,weather,weather,-12.884798049926758,-19.80907440185547
N69,news,news,-12.529465675354004,-10.336801528930664
N42679,news,news,1.7024694681167603,-43.45576095581055
N44615,health,health,-5.430535316467285,-1.7877073287963867
N16635,sports,sports,18.967153549194336,30.2965087890625
N4011,lifestyle,lifestyle,4.463639259338379,-16.783863067626953
N33746,sports,sports,-4.058314800262451,49.5868034362793
N53477,sports,sports,9.941628456115723,34.155765533447266
N35284,finance,finance,-30.0159912109375,-24.71657371520996
N61941,news,news,11.561982154846191,-42.21570587158203
N54215,news,news,-33.65494918823242,-36.737388610839844
N38481,sports,sports,34.60704040527344,31.938875198364258
N13810,sports,sports,27.618892669677734,31.19037628173828
N35698,sports,sports,-7.632925033569336,48.28044128417969
N646,sports,sports,-10.574028015136719,56.677818298339844
N11006,sports,sports,59.9748649597168,9.280815124511719
N50816,finance,finance,36.501773834228516,-20.746654510498047
N32405,news,news,-3.964704751968384,-55.679229736328125
N63194,sports,sports,13.476094245910645,33.216609954833984
N10320,autos,autos,54.230587005615234,1.1259607076644897
N47318,weather,weather,-46.95589065551758,-32.35719299316406
N55098,sports,sports,1.4355946779251099,53.828102111816406
N41842,sports,sports,18.60223388671875,34.9716911315918
N21656,music,other,9.814041137695312,11.27658462524414
N45845,news,news,-2.558122396469116,-57.092369079589844
N21634,foodanddrink,foodanddrink,-1.9185153245925903,-48.65778350830078
N55414,sports,sports,22.049373626708984,37.02619171142578
N11686,finance,finance,56.4408073425293,4.267045497894287
N36581,news,news,-17.618572235107422,-33.31046676635742
N64480,tv,other,1.1660999059677124,1.8920480012893677
N29488,news,news,5.243091583251953,-50.799957275390625
N16027,sports,sports,31.344202041625977,32.781494140625
N44596,sports,sports,-18.354816436767578,-55.926124572753906
N21405,sports,sports,-6.198241233825684,-57.650535583496094
N11958,sports,sports,57.572940826416016,8.706988334655762
N7405,travel,travel,-15.152148246765137,-7.172910690307617
N26902,sports,sports,-5.399461269378662,31.053810119628906
N61548,sports,sports,21.450374603271484,22.55768585205078
N8537,news,news,-18.57379150390625,-38.1297492980957
N30248,video,video,26.96010971069336,-35.21892166137695
N21949,news,news,-20.759685516357422,4.044510841369629
N48166,weather,weather,-48.012821197509766,-33.127349853515625
N55569,sports,sports,-5.416271209716797,31.140886306762695
N11899,sports,sports,58.421836853027344,3.969722270965576
N64443,finance,finance,-24.052982330322266,-19.567352294921875
N24650,sports,sports,-2.6619222164154053,45.21881103515625
N40662,sports,sports,-2.268831729888916,50.256629943847656
N17200,sports,sports,2.2372937202453613,45.529930114746094
N20978,sports,sports,-7.00925874710083,63.617431640625
N7446,news,news,29.61574935913086,-18.797155380249023
N53302,weather,weather,-9.53650951385498,-12.499642372131348
N58121,news,news,25.486675262451172,-16.265037536621094
N13299,travel,travel,-6.847216606140137,-36.956390380859375
N27506,sports,sports,31.68240737915039,35.60536575317383
N5036,sports,sports,6.706401348114014,18.40958595275879
N13981,foodanddrink,foodanddrink,-21.488988876342773,6.863666534423828
N2099,travel,travel,-31.02977752685547,14.932368278503418
N17238,news,news,-20.53260612487793,-15.99165153503418
N11199,news,news,60.44215774536133,5.727661609649658
N50441,sports,sports,-13.92060661315918,-2.005505323410034
N38669,sports,sports,-2.186713933944702,29.245508193969727
N185,news,news,-40.4372444152832,-34.6773567199707
N48708,weather,weather,-33.93119812011719,-33.686031341552734
N6374,sports,sports,26.599159240722656,45.76917266845703
N64590,travel,travel,-26.7844295501709,-25.72437858581543
N58245,news,news,30.760684967041016,-17.800413131713867
N15579,sports,sports,29.297382354736328,47.13102722167969
N56208,news,news,30.760623931884766,-17.800439834594727
N43523,sports,sports,17.576587677001953,33.355403900146484
N39547,sports,sports,9.711479187011719,36.2848014831543
N37227,sports,sports,-2.430748701095581,39.86655807495117
N19458,sports,sports,-0.5608817338943481,49.94596862792969
N42847,news,news,-18.031368255615234,-0.7603527903556824
N15516,autos,autos,-17.649253845214844,-37.12607955932617
N5821,weather,weather,-48.019840240478516,-32.870906829833984
N27173,weather,weather,-16.506423950195312,-48.39835739135742
N58066,sports,sports,10.585183143615723,31.743412017822266
N15355,travel,travel,-13.208942413330078,-34.70198059082031
N60867,news,news,-7.246659755706787,-19.816463470458984
N37200,sports,sports,18.317893981933594,15.990883827209473
N10213,weather,weather,59.805320739746094,3.895322322845459
N33223,news,news,-30.025489807128906,-25.24107551574707
N12000,sports,sports,59.359031677246094,3.8590586185455322
N39785,sports,sports,6.778091907501221,18.48814582824707
N4396,health,health,-7.42953634262085,-26.074888229370117
N11466,autos,autos,59.18840408325195,5.1118855476379395
N55411,news,news,19.045461654663086,-15.903285026550293
N8335,news,news,5.952824115753174,-42.18362045288086
N35652,travel,travel,-6.731813907623291,-4.947027683258057
N10323,news,news,56.68202209472656,1.5353111028671265
N57741,sports,sports,32.798667907714844,38.275123596191406
N64530,tv,other,0.6035624742507935,-5.332777500152588
N62218,sports,sports,29.5466251373291,38.76017379760742
N58710,news,news,12.219009399414062,-46.47333526611328
N13319,sports,sports,0.021268391981720924,51.62857437133789
N61437,sports,sports,1.5509638786315918,32.89059066772461
N48269,sports,sports,24.885440826416016,40.61659622192383
N34220,sports,sports,1.8502929210662842,55.48237609863281
N26648,music,other,-4.649246692657471,-4.473487854003906
N60807,weather,weather,-41.17666244506836,-33.852500915527344
N30135,news,news,20.69794273376465,-10.659823417663574
N57641,finance,finance,20.336854934692383,1.1829266548156738
N9739,sports,sports,-7.089625835418701,47.716007232666016
N5497,news,news,-4.389279365539551,-4.914036750793457
N13019,video,video,12.892497062683105,-14.790288925170898
N18955,health,health,-17.790725708007812,-12.757153511047363
N46481,sports,sports,28.523956298828125,34.99723815917969
N39205,news,news,20.651084899902344,-7.874228477478027
N50397,sports,sports,-8.040633201599121,34.132530212402344
N6228,travel,travel,-26.85327911376953,-1.5603030920028687
N50573,sports,sports,0.4062504470348358,57.94499206542969
N61597,sports,sports,2.1819326877593994,45.59397888183594
N32048,news,news,2.7626161575317383,-47.472652435302734
N22199,sports,sports,28.546911239624023,43.88551712036133
N28387,video,video,-22.843814849853516,-5.855018138885498
N60379,news,news,-17.936420440673828,-1.4936715364456177
N62813,tv,other,4.549302101135254,11.505973815917969
N32599,foodanddrink,foodanddrink,-35.91130447387695,-11.848654747009277
N11495,sports,sports,57.365787506103516,2.300229549407959
N19333,foodanddrink,foodanddrink,-36.40684509277344,-11.002824783325195
N49044,sports,sports,-23.19898796081543,27.90853500366211
N17295,news,news,-16.243160247802734,-29.86294174194336
N24022,news,news,5.3607497215271,-47.85118865966797
N49797,autos,autos,-21.35053825378418,18.337141036987305
N2905,news,news,-1.1498358249664307,-55.849281311035156
N37914,sports,sports,2.528083086013794,64.15950775146484
N58904,sports,sports,1.7069411277770996,66.394287109375
N60907,sports,sports,33.265708923339844,38.64043426513672
N41801,sports,sports,14.394530296325684,29.983198165893555
N28642,weather,weather,-1.9461840391159058,-19.1265811920166
N38254,movies,other,-3.283235788345337,-2.511261224746704
N44603,finance,finance,-17.042835235595703,2.534075975418091
N55214,foodanddrink,foodanddrink,-34.815555572509766,-8.957557678222656
N37522,lifestyle,lifestyle,-22.091144561767578,14.766427040100098
N4802,news,news,-6.563626289367676,-17.416292190551758
N24257,news,news,35.94469451904297,-12.700786590576172
N7150,sports,sports,-7.488763332366943,57.11996841430664
N16613,sports,sports,21.271183013916016,16.188488006591797
N47030,sports,sports,6.3681206703186035,25.203937530517578
N47015,finance,finance,-17.351722717285156,14.701253890991211
N2337,travel,travel,-31.123140335083008,3.6967697143554688
N39285,news,news,16.18980598449707,-18.520843505859375
N51320,sports,sports,-11.077190399169922,46.47798156738281
N63423,news,news,-20.74252700805664,2.053365707397461
N51929,news,news,5.524086952209473,-45.37378692626953
N50976,news,news,28.522327423095703,-5.813351154327393
N29540,news,news,17.840681076049805,-26.16064453125
N13326,news,news,-21.96332550048828,-37.13854217529297
N24051,news,news,31.959030151367188,-31.03749656677246
N35330,lifestyle,lifestyle,-26.969324111938477,3.789487838745117
N33480,finance,finance,-17.355976104736328,10.046211242675781
N12795,sports,sports,31.54970932006836,44.708045959472656
N47070,foodanddrink,foodanddrink,-5.392431735992432,-12.924464225769043
N34545,news,news,25.368806838989258,-20.753625869750977
N3725,movies,other,6.228582382202148,5.214050769805908
N6818,health,health,1.2468817234039307,-12.289801597595215
N50733,autos,autos,-6.882539749145508,-44.8367919921875
N6286,music,other,12.931225776672363,-2.2647058963775635
N1112,sports,sports,50.36659240722656,5.733217716217041
N51936,autos,autos,-35.821128845214844,21.17666244506836
N62433,autos,autos,-30.61190414428711,11.880546569824219
N47239,sports,sports,-1.0123100280761719,56.96453857421875
N29356,video,video,25.166790008544922,-11.120450019836426
N34514,news,news,31.881423950195312,-27.710458755493164
N12717,sports,sports,26.014429092407227,38.9239387512207
N18143,sports,sports,-8.88994026184082,48.752437591552734
N22584,sports,sports,-8.169038772583008,54.48182678222656
N25972,video,video,-23.570606231689453,6.784651756286621
N63722,news,news,1.7558218240737915,-48.30433654785156
N14248,sports,sports,-7.495911598205566,46.34445571899414
N7153,news,news,16.41640853881836,-4.546267032623291
N55182,foodanddrink,foodanddrink,-27.54292869567871,-17.555898666381836
N43096,sports,sports,-7.873065948486328,20.777626037597656
N1045,autos,autos,54.29209899902344,1.1623506546020508
N47745,sports,sports,27.402326583862305,45.02747344970703
N26893,autos,autos,-35.59400939941406,22.3062744140625
N16164,health,health,14.655980110168457,20.911666870117188
N13324,news,news,-22.264972686767578,2.745604991912842
N11992,foodanddrink,foodanddrink,55.927879333496094,6.314849376678467
N3571,finance,finance,-17.970417022705078,-20.255847930908203
N15508,lifestyle,lifestyle,-29.3356990814209,8.0733003616333
N48092,health,health,-8.744246482849121,0.3337014615535736
N44546,news,news,-27.97426414489746,-20.842676162719727
N11861,sports,sports,58.79118728637695,3.2888643741607666
N64967,foodanddrink,foodanddrink,-34.643959045410156,-13.81047248840332
N14933,sports,sports,-6.569220066070557,17.973398208618164
N23667,news,news,9.947704315185547,-44.837039947509766
N11132,sports,sports,56.750484466552734,4.893577575683594
N54195,news,news,-0.43940606713294983,-9.642464637756348
N64580,autos,autos,-34.58296203613281,19.936744689941406
N9627,sports,sports,11.32796859741211,30.55933380126953
N63532,sports,sports,1.5390679836273193,30.85428237915039
N39375,sports,sports,26.366474151611328,42.43840026855469
N62742,sports,sports,1.2076877355575562,54.53156280517578
N55991,sports,sports,-11.236038208007812,50.86258316040039
N14362,sports,sports,1.7967835664749146,66.3131103515625
N27485,news,news,2.033313751220703,-44.90266418457031
N43840,sports,sports,2.721506357192993,62.900535583496094
N37301,sports,sports,27.239553451538086,30.847013473510742
N6282,sports,sports,-23.62858772277832,27.888948440551758
N6377,sports,sports,2.7454311847686768,54.844688415527344
N10133,foodanddrink,foodanddrink,56.40137481689453,6.503158092498779
N34717,weather,weather,-48.218109130859375,-31.76019859313965
N48030,entertainment,other,5.6807050704956055,-40.96604537963867
N58007,travel,travel,-20.811412811279297,-20.181499481201172
N16312,news,news,22.327423095703125,-17.655580520629883
N43589,sports,sports,4.303715705871582,61.119728088378906
N36723,sports,sports,12.956594467163086,37.621925354003906
N35524,news,news,35.358741760253906,-13.638728141784668
N41028,finance,finance,-16.629976272583008,-31.09311294555664
N30800,weather,weather,-45.86243438720703,-31.546022415161133
N58923,weather,weather,-16.662731170654297,-43.367122650146484
N44389,video,video,-28.279258728027344,-5.355417251586914
N63071,finance,finance,36.50227355957031,-20.75260353088379
N49796,weather,weather,-41.150272369384766,-30.29443359375
N30173,sports,sports,-11.76936149597168,-33.55707550048828
N29962,news,news,28.989213943481445,-33.14962387084961
N49263,movies,other,1.0033538341522217,4.608564376831055
N10561,finance,finance,59.889747619628906,9.854487419128418
N9241,sports,sports,7.389686107635498,21.61882781982422
N46435,sports,sports,9.991552352905273,-18.2668514251709
N40818,foodanddrink,foodanddrink,-32.220306396484375,-2.8596911430358887
N9684,news,news,-17.411863327026367,-50.19780349731445
N38867,sports,sports,-4.608528137207031,56.253387451171875
N59458,sports,sports,1.9712584018707275,51.818511962890625
N6562,news,news,-13.927167892456055,-26.022661209106445
N59879,news,news,6.73865270614624,-38.2667350769043
N809,video,video,-0.38717514276504517,-0.8351117372512817
N60768,video,video,-4.873290538787842,-56.53532791137695
N63562,news,news,-21.918087005615234,-52.42435836791992
N16925,news,news,-23.334144592285156,-12.325550079345703
N23215,news,news,-34.34220886230469,17.797096252441406
N64177,news,news,-21.78377342224121,-26.481149673461914
N8251,lifestyle,lifestyle,-34.218868255615234,-0.4306304156780243
N17030,finance,finance,-28.924602508544922,-10.909729957580566
N56928,finance,finance,-19.826879501342773,-29.065288543701172
N2422,weather,weather,-19.010576248168945,-54.665035247802734
N59778,sports,sports,10.885411262512207,31.526702880859375
N33893,sports,sports,-4.4349541664123535,49.33316421508789
N50161,video,video,28.55476951599121,-5.936366558074951
N32351,foodanddrink,foodanddrink,-0.32026273012161255,-9.69900131225586
N21411,sports,sports,-3.0011985301971436,61.65269088745117
N28435,video,video,24.607799530029297,-13.618429183959961
N7977,travel,travel,-28.933849334716797,-10.94886302947998
N45478,sports,sports,-9.866985321044922,62.229759216308594
N57744,news,news,-5.137925624847412,-46.21889114379883
N57152,news,news,-18.307392120361328,0.1855882853269577
N57458,sports,sports,8.959083557128906,59.15267562866211
N1232,news,news,51.129703521728516,2.0131325721740723
N50250,sports,sports,19.478397369384766,22.22843360900879
N7997,entertainment,other,1.7170474529266357,8.227681159973145
N8072,travel,travel,8.921493530273438,-18.882205963134766
N52204,sports,sports,7.97952938079834,52.97463607788086
N19820,news,news,5.544074058532715,-43.86876678466797
N4844,health,health,-1.8831430673599243,-14.714595794677734
N54337,news,news,-22.164857864379883,-51.1822395324707
N18607,sports,sports,-10.25777530670166,61.583168029785156
N16907,sports,sports,-9.34046459197998,19.832565307617188
N55157,sports,sports,-3.0011985301971436,61.65269088745117
N47750,news,news,15.839070320129395,-18.286909103393555
N3008,music,other,-3.919898509979248,5.3288493156433105
N56400,sports,sports,6.796618461608887,63.25022888183594
N21531,sports,sports,30.434898376464844,34.909000396728516
N4282,news,news,-23.322660446166992,-52.81468963623047
N39089,sports,sports,-9.181586265563965,44.28961944580078
N16487,sports,sports,0.131503626704216,68.22926330566406
N45617,news,news,-18.080778121948242,-40.31556701660156
N13593,sports,sports,-24.055339813232422,27.14626121520996
N64189,news,news,25.01947021484375,-12.533744812011719
N13609,autos,autos,-14.937588691711426,6.56299352645874
N36199,news,news,1.4424256086349487,-45.33180618286133
N51040,sports,sports,7.626719951629639,57.86899185180664
N37415,autos,autos,4.7909722328186035,-4.557309627532959
N50709,sports,sports,-0.07825207710266113,68.0040512084961
N35201,sports,sports,7.298272609710693,31.779197692871094
N62677,autos,autos,-2.6480629444122314,-35.60812759399414
N32588,sports,sports,9.22601318359375,60.5472526550293
N59799,sports,sports,7.433395862579346,53.09471893310547
N7848,sports,sports,-11.292206764221191,61.20456314086914
N12962,news,news,12.200756072998047,-35.34960174560547
N9027,lifestyle,lifestyle,-1.2823445796966553,-14.407527923583984
N58898,sports,sports,-6.333858489990234,25.28527069091797
N30852,travel,travel,-36.08797836303711,-13.378632545471191
N38938,sports,sports,-3.3344216346740723,48.82659149169922
N65024,sports,sports,-5.187665939331055,54.6453971862793
N3286,sports,sports,27.003246307373047,46.59074020385742
N32359,news,news,1.5188822746276855,-52.5821647644043
N32129,sports,sports,13.891523361206055,32.062904357910156
N39667,sports,sports,9.116965293884277,59.05596923828125
N24360,news,news,3.007524251937866,-53.55293273925781
N47470,news,news,-23.20521354675293,-36.41361999511719
N45521,sports,sports,28.680051803588867,39.92677307128906
N61047,sports,sports,9.333024978637695,-18.72774887084961
N58705,autos,autos,-9.16895580291748,-40.94630432128906
N29439,sports,sports,-0.48971420526504517,-36.75086212158203
N17399,news,news,-14.643767356872559,-25.23772621154785
N27985,news,news,-2.7017126083374023,-14.829887390136719
N34673,autos,autos,0.4459708333015442,-53.481834411621094
N53408,sports,sports,27.100963592529297,41.26544952392578
N28761,news,news,-19.7202091217041,-20.3984432220459
N42239,news,news,-21.85118865966797,-6.45413875579834
N57567,news,news,-35.11009979248047,-14.856249809265137
N33238,news,news,29.206172943115234,-9.383565902709961
N25688,autos,autos,-3.4500951766967773,-52.80027770996094
N63056,news,news,-4.842753887176514,-27.879362106323242
N44747,sports,sports,30.76648712158203,43.28001022338867
N18984,sports,sports,1.2875645160675049,32.456966400146484
N46273,foodanddrink,foodanddrink,-35.86012268066406,-12.906957626342773
N52732,entertainment,other,10.00444221496582,-33.775394439697266
N55113,news,news,-22.889530181884766,-52.036075592041016
N38373,weather,weather,-39.045711517333984,-31.05356216430664
N4996,weather,weather,-41.00065612792969,-31.9207820892334
N36014,tv,other,-3.5643789768218994,-2.0088398456573486
N46408,sports,sports,26.929838180541992,45.7175178527832
N62482,sports,sports,-9.295944213867188,50.01954650878906
N44876,video,video,11.986376762390137,17.027971267700195
N9793,sports,sports,7.524293422698975,62.004329681396484
N7603,sports,sports,-11.829967498779297,59.82902526855469
N7907,video,video,24.02079200744629,-16.225078582763672
N63547,sports,sports,-5.9452409744262695,57.556129455566406
N36990,news,news,-13.340429306030273,-48.19503402709961
N32848,sports,sports,20.827056884765625,20.8667049407959
N57583,video,video,8.96639633178711,-5.421628475189209
N48525,sports,sports,1.709596037864685,63.49081802368164
N21995,video,video,25.545454025268555,-12.5667724609375
N38010,sports,sports,18.737430572509766,19.882896423339844
N19908,sports,sports,12.428328514099121,29.807958602905273
N12383,news,news,50.0035400390625,6.6233062744140625
N61360,news,news,-1.0589830875396729,-54.9976692199707
N7511,sports,sports,-3.704723596572876,48.16135025024414
N19780,news,news,2.3077027797698975,-48.669288635253906
N23123,sports,sports,-0.24546991288661957,51.130977630615234
N61746,weather,weather,-18.59210777282715,-55.02195358276367
N21928,sports,sports,4.206990718841553,-3.63228702545166
N61289,sports,sports,22.461889266967773,17.790279388427734
N23815,travel,travel,-6.835381507873535,-10.04316234588623
N53149,video,video,30.49081039428711,-27.072975158691406
N361,autos,autos,-6.316534042358398,-15.27486801147461
N53471,news,news,-21.70159149169922,-26.68223762512207
N32041,travel,travel,-24.8779239654541,-24.281383514404297
N60285,news,news,26.640377044677734,-18.10755729675293
N29089,news,news,2.312605857849121,-50.296302795410156
N64091,lifestyle,lifestyle,-13.463887214660645,19.3663330078125
N23696,sports,sports,-9.642555236816406,49.15489959716797
N3494,travel,travel,-1.058929443359375,-1.5433720350265503
N10399,lifestyle,lifestyle,59.38807678222656,7.828974723815918
N34940,news,news,-21.964157104492188,-16.827177047729492
N51516,weather,weather,-42.57149887084961,-30.603193283081055
N17977,sports,sports,10.702733039855957,30.64866828918457
N31659,news,news,-2.2371349334716797,-48.85017395019531
N15024,sports,sports,21.700586318969727,24.839431762695312
N64375,sports,sports,7.742717742919922,30.78700828552246
N61403,sports,sports,18.906801223754883,27.147974014282227
N30669,sports,sports,-1.0406016111373901,65.20891571044922
N19972,news,news,17.38636589050293,-11.28993034362793
N30820,sports,sports,23.507596969604492,22.012516021728516
N32790,sports,sports,15.69293212890625,28.197473526000977
N31901,sports,sports,7.139472007751465,19.53432846069336
N35198,lifestyle,lifestyle,-28.9928035736084,-2.356741428375244
N9269,travel,travel,-10.41170597076416,16.535951614379883
N60369,sports,sports,-4.619359970092773,43.71245193481445
N61284,lifestyle,lifestyle,-13.989952087402344,-29.403148651123047
N30719,news,news,11.532307624816895,-28.291656494140625
N60828,sports,sports,10.353691101074219,37.53596878051758
N857,weather,weather,-2.9075021743774414,-54.88835906982422
N26132,news,news,32.03146743774414,-27.0347900390625
N22723,health,health,-18.26719093322754,-8.822094917297363
N36305,news,news,-4.676571846008301,-5.497532844543457
N64234,news,news,-5.039124965667725,-1.1445757150650024
N61673,video,video,3.2158477306365967,-35.485294342041016
N13819,travel,travel,-26.018558502197266,-5.063161849975586
N23437,foodanddrink,foodanddrink,-35.099525451660156,-4.256819248199463
N50174,news,news,1.7775375843048096,-50.26626968383789
N53205,sports,sports,3.369542121887207,29.38014030456543
N1964,lifestyle,lifestyle,-6.590619087219238,14.21206283569336
N17060,video,video,18.845123291015625,-10.967781066894531
N38202,video,video,-10.614299774169922,-48.4903678894043
N52439,news,news,4.414804458618164,-49.11594772338867
N41924,sports,sports,-8.586878776550293,48.91011428833008
N45352,finance,finance,-15.118622779846191,-3.7647905349731445
N62361,sports,sports,6.977395057678223,58.52922058105469
N30203,news,news,-2.7022600173950195,-23.110408782958984
N46073,foodanddrink,foodanddrink,-35.31383514404297,-12.828446388244629
N925,music,other,7.657973766326904,9.26744556427002
N31095,sports,sports,-28.77869987487793,32.5239372253418
N30673,news,news,4.325385570526123,-41.23257827758789
N56780,sports,sports,27.013181686401367,30.367185592651367
N27651,sports,sports,-11.023198127746582,47.67224884033203
N1072,finance,finance,58.121742248535156,4.638700008392334
N6091,weather,weather,-24.58169174194336,-13.825922966003418
N34151,sports,sports,24.897863388061523,34.23442840576172
N16498,foodanddrink,foodanddrink,-33.629730224609375,-6.735401153564453
N27160,news,news,31.395723342895508,-25.77062225341797
N42302,news,news,2.9343063831329346,-40.30473327636719
N50962,sports,sports,23.044437408447266,46.93244552612305
N52348,sports,sports,1.6408603191375732,31.588333129882812
N30293,sports,sports,1.7044421434402466,44.39322280883789
N56792,travel,travel,-22.7078800201416,-28.069822311401367
N16611,sports,sports,-5.793933868408203,62.97236633300781
N14260,news,news,5.332577228546143,-44.17967224121094
N49343,foodanddrink,foodanddrink,-36.7947883605957,-12.818413734436035
N30232,video,video,27.083370208740234,-23.276947021484375
N54412,news,news,-11.257955551147461,-25.079030990600586
N62368,sports,sports,-6.727884769439697,25.167865753173828
N9514,sports,sports,-9.87467098236084,45.69011306762695
N34725,news,news,10.775836944580078,-28.142417907714844
N42147,news,news,21.65222930908203,-18.902009963989258
N63653,travel,travel,-36.78523254394531,-29.957082748413086
N25474,news,news,31.061742782592773,-15.43620491027832
N44591,news,news,-17.558406829833984,-31.489784240722656
N18990,autos,autos,-21.219026565551758,18.28404426574707
N42719,news,news,-31.449880599975586,-22.90431785583496
N5113,news,news,-2.833505630493164,-41.39966583251953
N47388,sports,sports,10.880046844482422,24.363622665405273
N58415,health,health,-1.1658744812011719,1.4339303970336914
N24961,sports,sports,26.570743560791016,33.60697937011719
N14897,news,news,7.865931987762451,-43.780738830566406
N4319,lifestyle,lifestyle,-15.266600608825684,-16.341543197631836
N8133,autos,autos,-1.0062555074691772,-58.681114196777344
N22056,finance,finance,-24.64092254638672,-22.999469757080078
N23321,sports,sports,1.5676119327545166,59.40907669067383
N24594,foodanddrink,foodanddrink,-6.930042743682861,-51.696617126464844
N51609,sports,sports,19.549837112426758,28.732797622680664
N31810,news,news,-23.18363380432129,-10.651254653930664
N5430,finance,finance,1.869127631187439,-26.97719955444336
N61013,sports,sports,6.50486946105957,30.11433219909668
N44919,sports,sports,10.337309837341309,37.836517333984375
N9781,sports,sports,19.105541229248047,21.461273193359375
N20152,foodanddrink,foodanddrink,-35.64954376220703,-9.624310493469238
N21835,news,news,23.468233108520508,-22.753747940063477
N58607,sports,sports,6.449904441833496,65.81808471679688
N63982,sports,sports,0.4343092143535614,21.206483840942383
N30319,news,news,-13.247772216796875,-9.779125213623047
N2418,news,news,11.92647933959961,-44.95564651489258
N46869,sports,sports,16.951562881469727,23.25957679748535
N23510,travel,travel,-36.35527038574219,-32.7601318359375
N27718,lifestyle,lifestyle,-22.394573211669922,14.278627395629883
N55474,finance,finance,-11.682451248168945,-24.2273006439209
N37696,foodanddrink,foodanddrink,-21.952110290527344,-23.776269912719727
N13804,news,news,-29.936254501342773,-17.535099029541016
N13722,sports,sports,29.364046096801758,44.38279342651367
N3317,health,health,3.7407915592193604,-8.4451322555542
N25110,news,news,-5.985894680023193,-52.12569046020508
N9123,travel,travel,-21.510421752929688,-24.561220169067383
N41445,lifestyle,lifestyle,-8.017476081848145,-29.684717178344727
N47105,news,news,-0.027257367968559265,-13.343884468078613
N37321,weather,weather,-40.01865005493164,-30.291339874267578
N23127,lifestyle,lifestyle,5.856202602386475,-10.32664680480957
N32259,travel,travel,-37.83293151855469,-20.529462814331055
N8741,news,news,7.386936664581299,-41.09397506713867
N32876,news,news,10.232392311096191,-27.899587631225586
N53648,news,news,-17.83709144592285,-3.9343881607055664
N3534,sports,sports,-9.189085006713867,63.14604187011719
N45914,foodanddrink,foodanddrink,-0.9329944849014282,-21.287038803100586
N57477,sports,sports,34.10670471191406,39.25898361206055
N57161,sports,sports,-28.872478485107422,33.73676681518555
N13735,foodanddrink,foodanddrink,-3.001081705093384,63.52190017700195
N59224,sports,sports,2.8414742946624756,29.80559539794922
N13654,autos,autos,-6.399921894073486,-15.803486824035645
N45508,sports,sports,31.58797264099121,31.173532485961914
N64127,sports,sports,-5.768510341644287,29.081676483154297
N26280,news,news,-22.48991584777832,-21.079456329345703
N25482,sports,sports,12.871545791625977,36.50300979614258
N1819,sports,sports,-6.741114139556885,18.178363800048828
N51799,news,news,6.795257091522217,-49.68252182006836
N14877,sports,sports,5.336358070373535,55.64112854003906
N23212,sports,sports,-1.9403929710388184,51.75520324707031
N8271,foodanddrink,foodanddrink,-33.18107986450195,-7.258998394012451
N22228,sports,sports,32.0240478515625,33.868446350097656
N31992,foodanddrink,foodanddrink,-37.15675735473633,-14.225680351257324
N43344,sports,sports,18.271240234375,22.03044319152832
N46187,news,news,10.95630168914795,-44.28609848022461
N37368,travel,travel,-26.298049926757812,-3.1571483612060547
N42513,travel,travel,-18.384769439697266,-23.654850006103516
N9686,news,news,4.508108139038086,-45.288414001464844
N15381,finance,finance,-18.33745574951172,-20.21903419494629
N60846,sports,sports,-0.4366075396537781,50.738407135009766
N33162,autos,autos,-1.3760454654693604,-57.40129470825195
N53805,news,news,15.724468231201172,-15.747970581054688
N32124,weather,weather,-18.59613037109375,-37.943641662597656
N31240,sports,sports,-2.19909930229187,53.98427200317383
N23739,news,news,34.89968490600586,28.164430618286133
N3328,sports,sports,-30.787857055664062,34.50151443481445
N13830,sports,sports,23.423248291015625,42.70119094848633
N11730,news,news,62.36384963989258,3.3327670097351074
N50132,news,news,-17.45630645751953,-2.438225746154785
N35019,foodanddrink,foodanddrink,-28.898263931274414,-17.234683990478516
N51477,weather,weather,-21.212890625,-53.59040451049805
N49470,news,news,0.6721464395523071,-54.098690032958984
N50531,sports,sports,-10.555841445922852,48.221561431884766
N60195,finance,finance,-19.1895809173584,-16.24574089050293
N40401,finance,finance,-10.52331256866455,-30.064733505249023
N36219,lifestyle,lifestyle,-30.34981346130371,-22.95400619506836
N8496,finance,finance,-15.218632698059082,-3.278183698654175
N43659,news,news,-9.558073043823242,-45.64656066894531
N55078,news,news,-4.8657402992248535,-27.955490112304688
N15522,sports,sports,10.134181022644043,23.791540145874023
N13086,news,news,9.575870513916016,-46.50578689575195
N32094,sports,sports,31.82680320739746,40.8592643737793
N41747,sports,sports,13.576571464538574,32.707340240478516
N2953,news,news,17.37041664123535,-11.251646995544434
N18661,sports,sports,-0.27972477674484253,65.17044067382812
N13778,news,news,23.577880859375,-15.164186477661133
N60347,news,news,-5.728485584259033,-52.211116790771484
N31966,sports,sports,25.88518714904785,30.99078369140625
N53064,health,health,12.439037322998047,-22.430927276611328
N10497,autos,autos,61.63347244262695,4.185498237609863
N41923,video,video,-17.066804885864258,-45.097774505615234
N49412,news,news,1.8846640586853027,-27.95758056640625
N16685,video,video,-4.291305065155029,-50.42353820800781
N51594,finance,finance,-3.750930070877075,-29.59762954711914
N17203,video,video,10.041484832763672,-44.9022216796875
N41137,health,health,-14.8063325881958,-15.025546073913574
N62535,travel,travel,-20.451017379760742,-16.411775588989258
N29056,tv,other,-2.453124523162842,6.341544151306152
N24885,sports,sports,-4.586063861846924,47.248802185058594
N46965,news,news,-9.157163619995117,-40.88016891479492
N6783,sports,sports,-6.392673015594482,-57.312042236328125
N41478,news,news,10.576152801513672,-43.8858757019043
N11421,sports,sports,59.843994140625,8.372032165527344
N38349,finance,finance,15.930143356323242,28.88612937927246
N40304,sports,sports,-2.452967643737793,-0.7209060788154602
N15739,tv,other,1.9275805950164795,2.447988748550415
N39719,news,news,-25.345012664794922,-19.38749885559082
N63050,lifestyle,lifestyle,-22.03495979309082,6.36915922164917
N1779,weather,weather,-46.98524475097656,-30.967239379882812
N62670,news,news,-0.7079712748527527,-38.09238815307617
N49304,sports,sports,1.937026858329773,49.33176803588867
N46002,travel,travel,-10.331771850585938,-14.028763771057129
N36100,travel,travel,5.190568923950195,-20.692861557006836
N38374,weather,weather,-19.862394332885742,-51.26957321166992
N62286,autos,autos,-1.3244444131851196,-57.31071472167969
N38834,finance,finance,24.751506805419922,-9.819853782653809
N19375,sports,sports,-5.179224491119385,46.070335388183594
N22124,news,news,3.83854603767395,-48.398033142089844
N3980,sports,sports,12.824822425842285,31.976537704467773
N40035,sports,sports,2.9983270168304443,44.56987380981445
N23848,sports,sports,35.68557357788086,33.816200256347656
N18775,foodanddrink,foodanddrink,-27.409404754638672,-18.57503318786621
N22219,news,news,-21.774459838867188,2.26070499420166
N36388,autos,autos,-34.31784439086914,22.613113403320312
N15870,lifestyle,lifestyle,10.973247528076172,-36.972450256347656
N34791,news,news,-11.2052583694458,-34.77163314819336
N14467,news,news,-36.1136360168457,16.71968650817871
N16829,sports,sports,11.98682689666748,37.28907775878906
N23953,news,news,-13.865055084228516,-29.233325958251953
N39431,foodanddrink,foodanddrink,-37.18495559692383,-12.606061935424805
N39152,autos,autos,-25.159788131713867,-31.981136322021484
N64007,sports,sports,-4.656452178955078,58.893836975097656
N31467,health,health,-7.683775424957275,-1.8429863452911377
N30569,foodanddrink,foodanddrink,-33.028953552246094,-5.967947959899902
N5118,news,news,21.076932907104492,-24.246978759765625
N14363,news,news,8.786011695861816,-45.306766510009766
N3666,sports,sports,19.00740623474121,29.234243392944336
N63686,sports,sports,-11.521464347839355,46.96990203857422
N16634,sports,sports,-9.76688003540039,57.41571044921875
N24710,sports,sports,-10.16433048248291,50.22555923461914
N8303,news,news,8.395980834960938,-41.87394714355469
N47716,lifestyle,lifestyle,7.983973503112793,12.501959800720215
N1689,sports,sports,-0.6942588090896606,45.83401870727539
N56335,news,news,-1.0045620203018188,-51.778968811035156
N64951,sports,sports,-0.013761097565293312,47.47698211669922
N60935,foodanddrink,foodanddrink,-34.74641799926758,-12.844974517822266
N2842,news,news,-16.862302780151367,11.207390785217285
N42859,lifestyle,lifestyle,-31.11767578125,15.108772277832031
N7661,sports,sports,-5.0676469802856445,63.82175064086914
N7828,sports,sports,11.212175369262695,30.320188522338867
N39519,weather,weather,-21.393367767333984,-52.77085876464844
N41662,sports,sports,-8.063061714172363,59.688514709472656
N39088,sports,sports,5.179886817932129,45.185462951660156
N17911,sports,sports,28.680910110473633,46.15745162963867
N33292,sports,sports,-6.539031982421875,25.1828556060791
N41816,sports,sports,30.636690139770508,44.39393615722656
N1795,news,news,19.12974739074707,-10.476073265075684
N23840,health,health,-8.02365493774414,-29.63479995727539
N37872,finance,finance,18.5051326751709,-27.428630828857422
N28753,news,news,18.694679260253906,-16.955852508544922
N47746,sports,sports,-2.332167387008667,60.7348747253418
N26403,finance,finance,-30.90882110595703,-23.10987663269043
N36109,weather,weather,-43.13648986816406,-35.81179428100586
N50627,news,news,29.60658836364746,-22.561674118041992
N14504,health,health,-1.1253459453582764,-17.135549545288086
N19426,foodanddrink,foodanddrink,-33.79743194580078,-13.326393127441406
N43237,weather,weather,-25.57765769958496,-30.912446975708008
N52522,news,news,16.115745544433594,-35.11015701293945
N41516,sports,sports,1.0296552181243896,64.47209930419922
N52037,news,news,-30.11091423034668,-25.055727005004883
N18108,sports,sports,-10.38932991027832,61.005130767822266
N25521,autos,autos,-17.676660537719727,-32.9276237487793
N64004,news,news,-17.642812728881836,4.550894260406494
N34667,news,news,-16.31930923461914,10.117948532104492
N5847,sports,sports,3.2679665088653564,50.24089050292969
N50472,travel,travel,-31.830219268798828,-1.0926753282546997
N44543,sports,sports,3.652353525161743,34.356590270996094
N17064,sports,sports,3.714076519012451,55.9570198059082
N35298,sports,sports,-1.6982800960540771,22.177413940429688
N51960,finance,finance,8.012904167175293,-10.612217903137207
N47408,weather,weather,-45.2529182434082,-32.71998977661133
N16333,news,news,-29.692556381225586,-21.93391227722168
N31644,sports,sports,12.07905387878418,36.28040313720703
N46028,video,video,35.84573745727539,-13.614013671875
N44804,weather,weather,-23.070301055908203,-51.64985275268555
N14722,music,other,-2.1538710594177246,6.682272911071777
N17179,news,news,-3.9286305904388428,-8.624078750610352
N19730,sports,sports,-28.52651596069336,33.50065231323242
N546,finance,finance,-0.9420292377471924,-22.358797073364258
N41855,video,video,8.758549690246582,-47.93244552612305
N63535,lifestyle,lifestyle,2.2083449363708496,-7.27461051940918
N64481,autos,autos,-1.9207892417907715,-56.88649368286133
N22789,sports,sports,25.095775604248047,35.60609817504883
N54273,video,video,1.41311776638031,-1.028473138809204
N19747,weather,weather,-38.636905670166016,-26.381711959838867
N55002,travel,travel,4.008059978485107,-37.233333587646484
N63143,weather,weather,-21.144126892089844,-18.679616928100586
N41004,foodanddrink,foodanddrink,-36.067386627197266,6.2240447998046875
N50423,health,health,-24.055831909179688,10.852109909057617
N3934,foodanddrink,foodanddrink,-32.30451202392578,7.531316757202148
N57202,sports,sports,-4.930063724517822,25.476518630981445
N1815,sports,sports,36.70991134643555,38.33706283569336
N11270,video,video,61.84304428100586,0.06130325421690941
N17870,sports,sports,-23.534042358398438,26.720849990844727
N22363,travel,travel,-36.968536376953125,-15.446717262268066
N28176,travel,travel,-18.521873474121094,-14.175284385681152
N42094,sports,sports,-11.95372200012207,21.828296661376953
N12696,news,news,-16.591388702392578,-6.079492568969727
N4667,sports,sports,12.907819747924805,21.852493286132812
N33638,sports,sports,-11.02675724029541,60.52421951293945
N61567,sports,sports,6.488349914550781,64.76156616210938
N21111,sports,sports,19.19622802734375,28.99744415283203
N15429,news,news,-18.853755950927734,0.3914564251899719
N23928,sports,sports,8.359888076782227,35.051063537597656
N42233,news,news,8.904169082641602,-30.823270797729492
N45323,news,news,1.8788179159164429,-46.936519622802734
N64960,news,news,4.23765230178833,-29.948684692382812
N8483,video,video,26.392457962036133,-14.891219139099121
N42121,health,health,-15.581316947937012,-15.863297462463379
N29755,health,health,-7.85119104385376,-2.0205225944519043
N42141,sports,sports,32.310001373291016,38.19430923461914
N38504,video,video,18.003828048706055,-20.193208694458008
N43887,video,video,36.37717056274414,28.572898864746094
N53134,news,news,-4.894284248352051,-33.90291213989258
N5897,news,news,-25.149648666381836,-9.825714111328125
N32451,sports,sports,32.20469665527344,46.6517448425293
N4515,news,news,2.0098366737365723,-23.60725212097168
N20227,lifestyle,lifestyle,-22.705827713012695,-10.52977466583252
N1989,finance,finance,-19.860328674316406,-28.253890991210938
N61472,video,video,31.01894760131836,-19.370145797729492
N52530,sports,sports,9.260048866271973,55.28286361694336
N25256,news,news,4.601356506347656,-33.881141662597656
N33670,sports,sports,16.29469871520996,10.090583801269531
N47825,news,news,0.2779495418071747,-7.544292449951172
N61158,sports,sports,3.341827630996704,61.32347106933594
N19887,sports,sports,17.993759155273438,27.070035934448242
N9368,health,health,-24.09918975830078,10.844123840332031
N46915,travel,travel,-18.731332778930664,3.354778528213501
N2904,health,health,-11.80039119720459,-22.268375396728516
N52138,sports,sports,-1.4596055746078491,66.258056640625
N41503,health,health,-19.2507381439209,-22.471405029296875
N43655,video,video,-18.779245376586914,10.230208396911621
N48894,sports,sports,7.09654426574707,64.08198547363281
N33663,sports,sports,-0.4033508002758026,49.91020584106445
N61384,sports,sports,1.5460032224655151,46.7512092590332
N44717,sports,sports,-28.878246307373047,33.38368225097656
N29905,autos,autos,-2.697493076324463,2.5161056518554688
N31454,sports,sports,18.94011688232422,21.77663230895996
N4973,sports,sports,9.492613792419434,31.489721298217773
N14871,sports,sports,-4.743718147277832,16.42079734802246
N18310,news,news,25.987998962402344,-12.487247467041016
N47370,sports,sports,-0.8658104538917542,49.0916633605957
N49510,lifestyle,lifestyle,-6.889415740966797,14.461471557617188
N53584,news,news,-4.554819107055664,-34.11064529418945
N11218,sports,sports,56.25455856323242,6.56034517288208
N33169,video,video,34.96604537963867,-13.324423789978027
N23244,sports,sports,-6.62476110458374,57.42151641845703
N39679,news,news,36.342159271240234,28.551942825317383
N61412,lifestyle,lifestyle,-8.280835151672363,0.19038698077201843
N43173,health,health,4.685084819793701,-7.901891231536865
N8118,sports,sports,-3.4539990425109863,27.037067413330078
N19006,news,news,-25.62172508239746,-21.76328468322754
N39685,travel,travel,-35.47186279296875,-15.592757225036621
N36795,sports,sports,-4.815548896789551,54.20308303833008
N18253,sports,sports,0.5541695356369019,62.570281982421875
N37078,news,news,-18.6940975189209,2.3887648582458496
N22108,travel,travel,-29.30210304260254,-16.97991371154785
N17201,finance,finance,-17.270349502563477,13.757330894470215
N8560,autos,autos,-34.09613800048828,15.808938026428223
N1658,autos,autos,-34.95493698120117,12.590097427368164
N59960,news,news,15.743958473205566,-16.48198127746582
N17302,news,news,-19.927318572998047,-25.36347007751465
N19486,news,news,-17.867652893066406,-37.75211715698242
N42877,news,news,-11.045768737792969,-32.214744567871094
N28539,sports,sports,8.781486511230469,53.767757415771484
N18102,travel,travel,-25.106855392456055,-17.798500061035156
N7382,tv,other,4.8816633224487305,11.053497314453125
N6142,news,news,-2.8445918560028076,-56.60187911987305
N44926,sports,sports,-5.188845634460449,27.80752182006836
N33526,news,news,-17.196744918823242,-2.0727548599243164
N11997,news,news,56.749183654785156,3.452737331390381
N35676,sports,sports,-1.248679280281067,64.3543701171875
N7529,news,news,31.95077133178711,-15.284253120422363
N46612,sports,sports,-33.2138671875,21.817405700683594
N37666,news,news,-8.81978988647461,-18.11853790283203
N20776,news,news,26.307172775268555,-12.069475173950195
N45986,news,news,11.708706855773926,-44.85251235961914
N20233,sports,sports,-7.709320068359375,54.48408508300781
N33056,news,news,-36.45684814453125,17.709938049316406
N20386,sports,sports,10.170076370239258,28.947689056396484
N34697,sports,sports,-25.208539962768555,27.476348876953125
N22575,finance,finance,-16.18634605407715,15.097563743591309
N65221,video,video,24.198436737060547,-11.367899894714355
N21417,news,news,-17.928009033203125,1.5933420658111572
N34360,lifestyle,lifestyle,-1.3513941764831543,-13.7468900680542
N8090,news,news,-21.910741806030273,-25.913057327270508
N39387,news,news,21.09604835510254,-19.241043090820312
N3437,news,news,33.821678161621094,27.998659133911133
N1946,sports,sports,1.2189987897872925,31.230348587036133
N778,travel,travel,-28.86398696899414,2.0886030197143555
N63381,health,health,-19.384763717651367,-6.999172210693359
N2327,news,news,-2.712351083755493,-31.18748664855957
N29497,news,news,5.437045574188232,-42.168853759765625
N18311,sports,sports,18.61600112915039,31.101680755615234
N47206,video,video,22.19501304626465,-15.64623737335205
N58857,finance,finance,-11.53768253326416,-26.429731369018555
N12391,lifestyle,lifestyle,53.395416259765625,5.523834228515625
N34844,news,news,27.894670486450195,-34.16827392578125
N41794,video,video,-13.405906677246094,-31.784770965576172
N50735,sports,sports,-0.20131541788578033,66.70355987548828
N13898,sports,sports,-10.526494979858398,59.56781768798828
N21250,sports,sports,-8.798395156860352,46.138511657714844
N2528,news,news,8.4692964553833,-34.03164291381836
N39736,sports,sports,-4.5252509117126465,-42.78953552246094
N58427,video,video,-24.585399627685547,-11.503897666931152
N40156,finance,finance,-18.982128143310547,-2.6606109142303467
N15481,sports,sports,-1.3290551900863647,64.44850158691406
N29634,sports,sports,17.881664276123047,21.064653396606445
N19351,news,news,-19.613527297973633,-3.303318977355957
N37122,sports,sports,5.317789077758789,66.41989135742188
N24755,sports,sports,31.97092056274414,30.844070434570312
N23889,weather,weather,-13.726526260375977,-48.0839729309082
N34226,finance,finance,-17.559057235717773,16.24588966369629
N36608,news,news,28.476024627685547,-15.827311515808105
N33525,news,news,8.332908630371094,-41.74319839477539
N63220,news,news,-11.827184677124023,-33.88264846801758
N55029,sports,sports,1.5807170867919922,31.855920791625977
N2383,news,news,-26.0164794921875,-29.443262100219727
N44464,news,news,-40.30195999145508,-33.79217529296875
N31313,news,news,-21.459564208984375,-22.03603744506836
N16800,health,health,-7.807369709014893,-1.994114875793457
N17226,finance,finance,1.1679078340530396,-21.87688636779785
N25261,news,news,-18.613374710083008,-50.46603012084961
N30499,tv,other,5.919933319091797,1.1566035747528076
N50130,video,video,3.9324839115142822,-35.72137451171875
N28339,weather,weather,-39.45906448364258,-34.78093338012695
N42643,sports,sports,14.22578239440918,33.24153518676758
N10997,news,news,56.869422912597656,5.278629779815674
